{"WorkingShiftAnalysisResult":{"totalWaitingTimeSeconds":0.0,"workingShiftOfEachDriver":{"VehicleId{value='vehicle-6'}":3872.000000000,"VehicleId{value='vehicle-7'}":4875.000000000,"VehicleId{value='vehicle-8'}":2962.000000000,"VehicleId{value='vehicle-9'}":4787.000000000,"VehicleId{value='vehicle-2'}":3648.000000000,"VehicleId{value='vehicle-3'}":4162.000000000,"VehicleId{value='vehicle-10'}":3376.000000000,"VehicleId{value='vehicle-4'}":4876.000000000,"VehicleId{value='vehicle-5'}":5440.000000000,"VehicleId{value='vehicle-13'}":2305.000000000,"VehicleId{value='vehicle-14'}":3852.000000000,"VehicleId{value='vehicle-0'}":3730.000000000,"VehicleId{value='vehicle-11'}":3601.000000000,"VehicleId{value='vehicle-1'}":3693.000000000,"VehicleId{value='vehicle-12'}":3790.000000000,"VehicleId{value='vehicle-17'}":2783.000000000,"VehicleId{value='vehicle-18'}":3966.000000000,"VehicleId{value='vehicle-15'}":2784.000000000,"VehicleId{value='vehicle-16'}":4691.000000000,"VehicleId{value='vehicle-19'}":3072.000000000},"stddevWorkingShifts":818.431008570346,"shortestWorkingShift":{"VehicleId{value='vehicle-13'}":2305.000000000},"longestWorkingShift":{"VehicleId{value='vehicle-5'}":5440.000000000},"visitsTimeWindowWrong":null,"meanworkingShift":3813.25},"VisualAttractivenessAnalysisResult":{"meanDistanceToGeographicCenter":{"VehicleId{value='vehicle-6'}":2008.6672261260112,"VehicleId{value='vehicle-7'}":4739.249906646834,"VehicleId{value='vehicle-8'}":1224.1164302005454,"VehicleId{value='vehicle-9'}":3373.3647061941597,"VehicleId{value='vehicle-2'}":2000.2445001690496,"VehicleId{value='vehicle-3'}":2773.7007136271454,"VehicleId{value='vehicle-10'}":1458.1060835834494,"VehicleId{value='vehicle-4'}":3357.8658838732454,"VehicleId{value='vehicle-5'}":3825.189152223591,"VehicleId{value='vehicle-13'}":660.6541980113791,"VehicleId{value='vehicle-14'}":2523.8977332847057,"VehicleId{value='vehicle-0'}":1685.904467269108,"VehicleId{value='vehicle-11'}":2160.760992765976,"VehicleId{value='vehicle-1'}":2338.1544901809743,"VehicleId{value='vehicle-12'}":2220.6675168041193,"VehicleId{value='vehicle-17'}":1290.0325494964793,"VehicleId{value='vehicle-18'}":2997.9680736543924,"VehicleId{value='vehicle-15'}":1058.276354037974,"VehicleId{value='vehicle-16'}":3786.6336376825097,"VehicleId{value='vehicle-19'}":1355.7985796339515},"outliersTTBetweenStops":{"VehicleId{value='vehicle-6'}":[],"VehicleId{value='vehicle-7'}":[],"VehicleId{value='vehicle-8'}":[],"VehicleId{value='vehicle-9'}":[],"VehicleId{value='vehicle-2'}":[],"VehicleId{value='vehicle-3'}":[],"VehicleId{value='vehicle-10'}":[],"VehicleId{value='vehicle-4'}":[],"VehicleId{value='vehicle-5'}":[],"VehicleId{value='vehicle-13'}":[],"VehicleId{value='vehicle-14'}":[],"VehicleId{value='vehicle-0'}":[],"VehicleId{value='vehicle-11'}":[],"VehicleId{value='vehicle-1'}":[],"VehicleId{value='vehicle-12'}":[],"VehicleId{value='vehicle-17'}":[],"VehicleId{value='vehicle-18'}":[],"VehicleId{value='vehicle-15'}":[],"VehicleId{value='vehicle-16'}":[],"VehicleId{value='vehicle-19'}":[]},"meanTravelTimeBetweenStops":{"VehicleId{value='vehicle-6'}":890.000000000,"VehicleId{value='vehicle-7'}":1225.000000000,"VehicleId{value='vehicle-8'}":587.000000000,"VehicleId{value='vehicle-9'}":1195.000000000,"VehicleId{value='vehicle-2'}":816.000000000,"VehicleId{value='vehicle-3'}":987.000000000,"VehicleId{value='vehicle-10'}":725.000000000,"VehicleId{value='vehicle-4'}":1225.000000000,"VehicleId{value='vehicle-5'}":1413.000000000,"VehicleId{value='vehicle-13'}":368.000000000,"VehicleId{value='vehicle-14'}":884.000000000,"VehicleId{value='vehicle-0'}":843.000000000,"VehicleId{value='vehicle-11'}":800.000000000,"VehicleId{value='vehicle-1'}":831.000000000,"VehicleId{value='vehicle-12'}":863.000000000,"VehicleId{value='vehicle-17'}":527.000000000,"VehicleId{value='vehicle-18'}":922.000000000,"VehicleId{value='vehicle-15'}":528.000000000,"VehicleId{value='vehicle-16'}":1163.000000000,"VehicleId{value='vehicle-19'}":624.000000000},"convexHullList":{"VehicleId{value='vehicle-6'}":[{"latitude":50.780295,"longitude":4.3423919},{"latitude":50.790294,"longitude":4.3595471}],"VehicleId{value='vehicle-7'}":[{"latitude":50.7963977,"longitude":4.3206246},{"latitude":50.8428954,"longitude":4.4053977}],"VehicleId{value='vehicle-8'}":[{"latitude":50.806366,"longitude":4.3474283},{"latitude":50.8059932,"longitude":4.4056805}],"VehicleId{value='vehicle-9'}":[{"latitude":50.8398628,"longitude":4.288424},{"latitude":50.8339973,"longitude":4.4002377}],"VehicleId{value='vehicle-2'}":[{"latitude":50.8133759,"longitude":4.3385002},{"latitude":50.8059932,"longitude":4.4056805}],"VehicleId{value='vehicle-3'}":[{"latitude":50.8133759,"longitude":4.3385002},{"latitude":50.8341068,"longitude":4.3939775}],"VehicleId{value='vehicle-10'}":[{"latitude":50.8232132,"longitude":4.3012252},{"latitude":50.8295957,"longitude":4.3511938}],"VehicleId{value='vehicle-4'}":[{"latitude":50.8780662,"longitude":4.3897249},{"latitude":50.8059932,"longitude":4.4056805},{"latitude":50.8434776,"longitude":4.4586988}],"VehicleId{value='vehicle-5'}":[{"latitude":50.780295,"longitude":4.3423919},{"latitude":50.8780662,"longitude":4.3897249}],"VehicleId{value='vehicle-13'}":[{"latitude":50.8318501,"longitude":4.3952538},{"latitude":50.8282375,"longitude":4.4186288}],"VehicleId{value='vehicle-14'}":[{"latitude":50.8143753,"longitude":4.3451119},{"latitude":50.8773017,"longitude":4.3918274}],"VehicleId{value='vehicle-0'}":[{"latitude":50.8351701,"longitude":4.3026988},{"latitude":50.8458675,"longitude":4.3776124}],"VehicleId{value='vehicle-11'}":[{"latitude":50.8518999,"longitude":4.3661535},{"latitude":50.8032729,"longitude":4.3922014},{"latitude":50.8067584,"longitude":4.4020776}],"VehicleId{value='vehicle-1'}":[{"latitude":50.8622968,"longitude":4.2963686},{"latitude":50.8458675,"longitude":4.3776124}],"VehicleId{value='vehicle-12'}":[{"latitude":50.7917848,"longitude":4.3474205},{"latitude":50.7927383,"longitude":4.3510935}],"VehicleId{value='vehicle-17'}":[{"latitude":50.8456608,"longitude":4.3772574},{"latitude":50.8739128,"longitude":4.3912432}],"VehicleId{value='vehicle-18'}":[{"latitude":50.8789714,"longitude":4.3112627},{"latitude":50.8428954,"longitude":4.4053977},{"latitude":50.8487532,"longitude":4.4148595}],"VehicleId{value='vehicle-15'}":[{"latitude":50.8421514,"longitude":4.2965555},{"latitude":50.8476731,"longitude":4.3482054}],"VehicleId{value='vehicle-16'}":[{"latitude":50.8622968,"longitude":4.2963686},{"latitude":50.8298899,"longitude":4.3387311},{"latitude":50.9006046,"longitude":4.3652418}],"VehicleId{value='vehicle-19'}":[{"latitude":50.8348546,"longitude":4.3846655},{"latitude":50.8087743,"longitude":4.3931548},{"latitude":50.8157524,"longitude":4.4153659}]},