{"WorkingShiftAnalysisResult":{"totalWaitingTimeSeconds":0.0,"workingShiftOfEachDriver":{"VehicleId{value='vehicle-6'}":6631.000000000,"VehicleId{value='vehicle-7'}":10542.000000000,"VehicleId{value='vehicle-8'}":11019.000000000,"VehicleId{value='vehicle-9'}":16352.000000000,"VehicleId{value='vehicle-2'}":10373.000000000,"VehicleId{value='vehicle-3'}":5833.000000000,"VehicleId{value='vehicle-10'}":4723.000000000,"VehicleId{value='vehicle-4'}":8116.000000000,"VehicleId{value='vehicle-5'}":8856.000000000,"VehicleId{value='vehicle-13'}":12263.000000000,"VehicleId{value='vehicle-14'}":16766.000000000,"VehicleId{value='vehicle-11'}":10471.000000000,"VehicleId{value='vehicle-0'}":5777.000000000,"VehicleId{value='vehicle-1'}":10648.000000000,"VehicleId{value='vehicle-12'}":16535.000000000,"VehicleId{value='vehicle-17'}":17275.000000000,"VehicleId{value='vehicle-18'}":9766.000000000,"VehicleId{value='vehicle-15'}":9638.000000000,"VehicleId{value='vehicle-16'}":10830.000000000,"VehicleId{value='vehicle-19'}":6645.000000000},"stddevWorkingShifts":3813.2238536302502,"shortestWorkingShift":{"VehicleId{value='vehicle-10'}":4723.000000000},"longestWorkingShift":{"VehicleId{value='vehicle-17'}":17275.000000000},"visitsTimeWindowWrong":null,"meanworkingShift":10452.95},"VisualAttractivenessAnalysisResult":{"meanDistanceToGeographicCenter":{"VehicleId{value='vehicle-6'}":8595.190214139124,"VehicleId{value='vehicle-7'}":18547.12026821811,"VehicleId{value='vehicle-8'}":19830.98709272261,"VehicleId{value='vehicle-9'}":41642.04418838059,"VehicleId{value='vehicle-2'}":21896.358032243028,"VehicleId{value='vehicle-3'}":8991.937280934379,"VehicleId{value='vehicle-10'}":4933.255574679951,"VehicleId{value='vehicle-4'}":11173.519022005581,"VehicleId{value='vehicle-5'}":15268.698213164516,"VehicleId{value='vehicle-13'}":35363.41233838043,"VehicleId{value='vehicle-14'}":38892.626877104776,"VehicleId{value='vehicle-11'}":27177.176378475335,"VehicleId{value='vehicle-0'}":6219.605049001497,"VehicleId{value='vehicle-1'}":22404.007924882877,"VehicleId{value='vehicle-12'}":51335.71641596571,"VehicleId{value='vehicle-17'}":48949.01491555098,"VehicleId{value='vehicle-18'}":19388.917077231294,"VehicleId{value='vehicle-15'}":18908.17315019552,"VehicleId{value='vehicle-16'}":23047.11491238777,"VehicleId{value='vehicle-19'}":8253.928731470056},"outliersTTBetweenStops":{"VehicleId{value='vehicle-6'}":[],"VehicleId{value='vehicle-7'}":[],"VehicleId{value='vehicle-8'}":[],"VehicleId{value='vehicle-9'}":[],"VehicleId{value='vehicle-2'}":[],"VehicleId{value='vehicle-3'}":[],"VehicleId{value='vehicle-10'}":[],"VehicleId{value='vehicle-4'}":[],"VehicleId{value='vehicle-5'}":[],"VehicleId{value='vehicle-13'}":[],"VehicleId{value='vehicle-14'}":[],"VehicleId{value='vehicle-11'}":[],"VehicleId{value='vehicle-0'}":[],"VehicleId{value='vehicle-1'}":[],"VehicleId{value='vehicle-12'}":[],"VehicleId{value='vehicle-17'}":[],"VehicleId{value='vehicle-18'}":[],"VehicleId{value='vehicle-15'}":[],"VehicleId{value='vehicle-16'}":[],"VehicleId{value='vehicle-19'}":[]},"meanTravelTimeBetweenStops":{"VehicleId{value='vehicle-6'}":1810.000000000,"VehicleId{value='vehicle-7'}":3114.000000000,"VehicleId{value='vehicle-8'}":3273.000000000,"VehicleId{value='vehicle-9'}":5050.000000000,"VehicleId{value='vehicle-2'}":3057.000000000,"VehicleId{value='vehicle-3'}":1544.000000000,"VehicleId{value='vehicle-10'}":1174.000000000,"VehicleId{value='vehicle-4'}":2305.000000000,"VehicleId{value='vehicle-5'}":2552.000000000,"VehicleId{value='vehicle-13'}":3687.000000000,"VehicleId{value='vehicle-14'}":5188.000000000,"VehicleId{value='vehicle-11'}":3090.000000000,"VehicleId{value='vehicle-0'}":1525.000000000,"VehicleId{value='vehicle-1'}":3149.000000000,"VehicleId{value='vehicle-12'}":5111.000000000,"VehicleId{value='vehicle-17'}":5358.000000000,"VehicleId{value='vehicle-18'}":2855.000000000,"VehicleId{value='vehicle-15'}":2812.000000000,"VehicleId{value='vehicle-16'}":3210.000000000,"VehicleId{value='vehicle-19'}":1815.000000000},"convexHullList":{"VehicleId{value='vehicle-6'}":[{"latitude":51.206674,"longitude":2.9315028},{"latitude":51.2170193,"longitude":3.2234254}],"VehicleId{value='vehicle-7'}":[{"latitude":51.0011447,"longitude":4.9837099},{"latitude":50.7486723,"longitude":5.4432285}],"VehicleId{value='vehicle-8'}":[{"latitude":50.8990691,"longitude":4.0071851},{"latitude":51.1337691,"longitude":4.8332015}],"VehicleId{value='vehicle-9'}":[{"latitude":50.870065,"longitude":3.3361838},{"latitude":50.8062303,"longitude":5.3433821}],"VehicleId{value='vehicle-2'}":[{"latitude":50.8821005,"longitude":4.6838064},{"latitude":50.8367728,"longitude":5.4226943}],"VehicleId{value='vehicle-3'}":[{"latitude":51.1576399,"longitude":4.1609009},{"latitude":51.2155438,"longitude":4.4399172}],"VehicleId{value='vehicle-10'}":[{"latitude":51.1027535,"longitude":4.4155228},{"latitude":51.0159791,"longitude":4.4981302}],"VehicleId{value='vehicle-4'}":[{"latitude":51.0970978,"longitude":4.5043884},{"latitude":51.0774736,"longitude":4.7135712}],"VehicleId{value='vehicle-5'}":[{"latitude":51.0722719,"longitude":3.7108181},{"latitude":50.869844,"longitude":4.1499604},{"latitude":50.9570174,"longitude":4.2298095}],"VehicleId{value='vehicle-13'}":[{"latitude":51.0074095,"longitude":3.6257475},{"latitude":51.1750086,"longitude":4.8278935}],"VehicleId{value='vehicle-14'}":[{"latitude":50.9369585,"longitude":3.0872286},{"latitude":51.0774736,"longitude":4.7135712}],"VehicleId{value='vehicle-11'}":[{"latitude":51.1684497,"longitude":3.8588267},{"latitude":51.3077225,"longitude":4.8344}],"VehicleId{value='vehicle-0'}":[{"latitude":51.2909877,"longitude":3.1552084},{"latitude":51.2166309,"longitude":3.2432949},{"latitude":51.3504094,"longitude":3.2900531}],"VehicleId{value='vehicle-1'}":[{"latitude":50.7428911,"longitude":4.2295545},{"latitude":51.0774736,"longitude":4.7135712}],"VehicleId{value='vehicle-12'}":[{"latitude":50.7689625,"longitude":3.8753484},{"latitude":50.9311494,"longitude":5.5930171}],"VehicleId{value='vehicle-17'}":[{"latitude":50.832584,"longitude":4.0781711},{"latitude":50.7592166,"longitude":5.3641818}],"VehicleId{value='vehicle-18'}":[{"latitude":51.0267727,"longitude":3.6746011},{"latitude":50.7742172,"longitude":3.8868812}],"VehicleId{value='vehicle-15'}":[{"latitude":51.0080834,"longitude":4.1370192},{"latitude":51.3906662,"longitude":4.5876798}],"VehicleId{value='vehicle-16'}":[{"latitude":51.3504094,"longitude":3.2900531},{"latitude":51.0221945,"longitude":4.0102562},{"latitude":51.0685919,"longitude":4.0349331}],"VehicleId{value='vehicle-19'}":[{"latitude":50.769309,"longitude":3.2567008},{"latitude":50.9093587,"longitude":3.3723865}]},