{"WorkingShiftAnalysisResult":{"totalWaitingTimeSeconds":0.0,"workingShiftOfEachDriver":{"VehicleId{value='vehicle-6'}":9953.000000000,"VehicleId{value='vehicle-7'}":10400.000000000,"VehicleId{value='vehicle-8'}":7588.000000000,"VehicleId{value='vehicle-9'}":9237.000000000,"VehicleId{value='vehicle-2'}":10128.000000000,"VehicleId{value='vehicle-10'}":15027.000000000,"VehicleId{value='vehicle-3'}":11866.000000000,"VehicleId{value='vehicle-4'}":6646.000000000,"VehicleId{value='vehicle-5'}":9163.000000000,"VehicleId{value='vehicle-13'}":7631.000000000,"VehicleId{value='vehicle-14'}":16010.000000000,"VehicleId{value='vehicle-11'}":7678.000000000,"VehicleId{value='vehicle-0'}":9772.000000000,"VehicleId{value='vehicle-12'}":10221.000000000,"VehicleId{value='vehicle-1'}":4708.000000000,"VehicleId{value='vehicle-17'}":11856.000000000,"VehicleId{value='vehicle-18'}":14061.000000000,"VehicleId{value='vehicle-15'}":9963.000000000,"VehicleId{value='vehicle-16'}":8890.000000000,"VehicleId{value='vehicle-19'}":8355.000000000},"stddevWorkingShifts":2775.3728910203267,"shortestWorkingShift":{"VehicleId{value='vehicle-1'}":4708.000000000},"longestWorkingShift":{"VehicleId{value='vehicle-14'}":16010.000000000},"visitsTimeWindowWrong":null,"meanworkingShift":9957.65},"VisualAttractivenessAnalysisResult":{"meanDistanceToGeographicCenter":{"VehicleId{value='vehicle-6'}":16362.310005186542,"VehicleId{value='vehicle-7'}":27373.113017482665,"VehicleId{value='vehicle-8'}":12390.477554977992,"VehicleId{value='vehicle-9'}":18695.141773097752,"VehicleId{value='vehicle-2'}":14810.122900366816,"VehicleId{value='vehicle-10'}":38229.796710990144,"VehicleId{value='vehicle-3'}":19034.949561183254,"VehicleId{value='vehicle-4'}":14834.269329748517,"VehicleId{value='vehicle-5'}":24744.79126434657,"VehicleId{value='vehicle-13'}":18542.840842389138,"VehicleId{value='vehicle-14'}":56457.46281164623,"VehicleId{value='vehicle-11'}":13095.293907780266,"VehicleId{value='vehicle-0'}":29421.32149406898,"VehicleId{value='vehicle-12'}":28465.22362536412,"VehicleId{value='vehicle-1'}":5929.536935336479,"VehicleId{value='vehicle-17'}":24342.150152442293,"VehicleId{value='vehicle-18'}":42421.42181194853,"VehicleId{value='vehicle-15'}":26566.356171132167,"VehicleId{value='vehicle-16'}":23588.43318103169,"VehicleId{value='vehicle-19'}":15147.292799319936},"outliersTTBetweenStops":{"VehicleId{value='vehicle-6'}":[],"VehicleId{value='vehicle-7'}":[],"VehicleId{value='vehicle-8'}":[],"VehicleId{value='vehicle-9'}":[],"VehicleId{value='vehicle-2'}":[],"VehicleId{value='vehicle-10'}":[],"VehicleId{value='vehicle-3'}":[],"VehicleId{value='vehicle-4'}":[],"VehicleId{value='vehicle-5'}":[],"VehicleId{value='vehicle-13'}":[],"VehicleId{value='vehicle-14'}":[],"VehicleId{value='vehicle-11'}":[],"VehicleId{value='vehicle-0'}":[],"VehicleId{value='vehicle-12'}":[],"VehicleId{value='vehicle-1'}":[],"VehicleId{value='vehicle-17'}":[],"VehicleId{value='vehicle-18'}":[],"VehicleId{value='vehicle-15'}":[],"VehicleId{value='vehicle-16'}":[],"VehicleId{value='vehicle-19'}":[]},"meanTravelTimeBetweenStops":{"VehicleId{value='vehicle-6'}":2917.000000000,"VehicleId{value='vehicle-7'}":3066.000000000,"VehicleId{value='vehicle-8'}":2129.000000000,"VehicleId{value='vehicle-9'}":2679.000000000,"VehicleId{value='vehicle-2'}":2976.000000000,"VehicleId{value='vehicle-10'}":4609.000000000,"VehicleId{value='vehicle-3'}":3555.000000000,"VehicleId{value='vehicle-4'}":1815.000000000,"VehicleId{value='vehicle-5'}":2654.000000000,"VehicleId{value='vehicle-13'}":2143.000000000,"VehicleId{value='vehicle-14'}":4936.000000000,"VehicleId{value='vehicle-11'}":2159.000000000,"VehicleId{value='vehicle-0'}":2857.000000000,"VehicleId{value='vehicle-12'}":3007.000000000,"VehicleId{value='vehicle-1'}":1169.000000000,"VehicleId{value='vehicle-17'}":3552.000000000,"VehicleId{value='vehicle-18'}":4287.000000000,"VehicleId{value='vehicle-15'}":2921.000000000,"VehicleId{value='vehicle-16'}":2563.000000000,"VehicleId{value='vehicle-19'}":2385.000000000},"convexHullList":{"VehicleId{value='vehicle-6'}":[{"latitude":50.990251,"longitude":3.1664365},{"latitude":51.0682,"longitude":3.6940442}],"VehicleId{value='vehicle-7'}":[{"latitude":50.9576242,"longitude":3.6393995},{"latitude":50.9002665,"longitude":3.8797712},{"latitude":50.9808232,"longitude":4.827387}],"VehicleId{value='vehicle-8'}":[{"latitude":51.2369129,"longitude":4.5733718},{"latitude":51.028983,"longitude":4.9164132}],"VehicleId{value='vehicle-9'}":[{"latitude":50.9576242,"longitude":3.6393995},{"latitude":50.8378893,"longitude":4.4884734}],"VehicleId{value='vehicle-2'}":[{"latitude":51.0284676,"longitude":4.0601926},{"latitude":51.1688507,"longitude":4.8170797}],"VehicleId{value='vehicle-10'}":[{"latitude":51.1799515,"longitude":3.7465104},{"latitude":50.9968818,"longitude":4.6891222},{"latitude":51.3319215,"longitude":5.0830891}],"VehicleId{value='vehicle-3'}":[{"latitude":50.7710584,"longitude":4.8876429},{"latitude":50.8302465,"longitude":5.1439656}],"VehicleId{value='vehicle-4'}":[{"latitude":50.940804,"longitude":4.0262813},{"latitude":50.7715169,"longitude":4.3370438},{"latitude":50.9131934,"longitude":4.4271924}],"VehicleId{value='vehicle-5'}":[{"latitude":51.033127,"longitude":4.4716529},{"latitude":50.9447642,"longitude":5.26116}],"VehicleId{value='vehicle-13'}":[{"latitude":50.9179342,"longitude":2.9591398},{"latitude":50.8387281,"longitude":3.2625991},{"latitude":50.9576242,"longitude":3.6393995}],"VehicleId{value='vehicle-14'}":[{"latitude":51.0288426,"longitude":2.8636952},{"latitude":50.783322,"longitude":4.3171289},{"latitude":50.9206065,"longitude":4.5637389}],"VehicleId{value='vehicle-11'}":[{"latitude":50.9808232,"longitude":4.827387},{"latitude":50.9509169,"longitude":4.9932467}],"VehicleId{value='vehicle-0'}":[{"latitude":51.2031567,"longitude":4.426091},{"latitude":50.8355514,"longitude":5.2826742},{"latitude":50.8452903,"longitude":5.4291726}],"VehicleId{value='vehicle-12'}":[{"latitude":50.7935447,"longitude":4.0717614},{"latitude":50.7738863,"longitude":4.2453701}],"VehicleId{value='vehicle-1'}":[{"latitude":51.080699,"longitude":4.0441528},{"latitude":51.0778994,"longitude":4.3208659}],"VehicleId{value='vehicle-17'}":[{"latitude":50.9576242,"longitude":3.6393995},{"latitude":50.9968818,"longitude":4.6891222}],"VehicleId{value='vehicle-18'}":[{"latitude":51.1842618,"longitude":2.814481},{"latitude":50.9206065,"longitude":4.5637389}],"VehicleId{value='vehicle-15'}":[{"latitude":51.2031567,"longitude":4.426091},{"latitude":50.8008057,"longitude":4.5511822},{"latitude":51.397772,"longitude":4.7587935}],"VehicleId{value='vehicle-16'}":[{"latitude":50.8419338,"longitude":4.5817029},{"latitude":50.8667931,"longitude":5.4528986}],"VehicleId{value='vehicle-19'}":[{"latitude":50.7763183,"longitude":4.1275143},{"latitude":50.7715169,"longitude":4.3370438}]},