{"WorkingShiftAnalysisResult":{"totalWaitingTimeSeconds":0.0,"workingShiftOfEachDriver":{"VehicleId{value='vehicle-6'}":3281.000000000,"VehicleId{value='vehicle-7'}":3760.000000000,"VehicleId{value='vehicle-8'}":3289.000000000,"VehicleId{value='vehicle-9'}":2942.000000000,"VehicleId{value='vehicle-2'}":2389.000000000,"VehicleId{value='vehicle-3'}":3690.000000000,"VehicleId{value='vehicle-10'}":4357.000000000,"VehicleId{value='vehicle-4'}":3670.000000000,"VehicleId{value='vehicle-5'}":3671.000000000,"VehicleId{value='vehicle-13'}":3947.000000000,"VehicleId{value='vehicle-14'}":3694.000000000,"VehicleId{value='vehicle-0'}":4343.000000000,"VehicleId{value='vehicle-11'}":3249.000000000,"VehicleId{value='vehicle-12'}":2323.000000000,"VehicleId{value='vehicle-1'}":4890.000000000,"VehicleId{value='vehicle-17'}":2227.000000000,"VehicleId{value='vehicle-18'}":3438.000000000,"VehicleId{value='vehicle-15'}":3691.000000000,"VehicleId{value='vehicle-16'}":2955.000000000,"VehicleId{value='vehicle-19'}":3444.000000000},"stddevWorkingShifts":680.3975618013803,"shortestWorkingShift":{"VehicleId{value='vehicle-17'}":2227.000000000},"longestWorkingShift":{"VehicleId{value='vehicle-1'}":4890.000000000},"visitsTimeWindowWrong":null,"meanworkingShift":3462.5},"VisualAttractivenessAnalysisResult":{"meanDistanceToGeographicCenter":{"VehicleId{value='vehicle-6'}":2030.959851317556,"VehicleId{value='vehicle-7'}":2251.749833302587,"VehicleId{value='vehicle-8'}":1953.7157741577194,"VehicleId{value='vehicle-9'}":1493.703316729515,"VehicleId{value='vehicle-2'}":639.7067616969485,"VehicleId{value='vehicle-3'}":2453.218966986362,"VehicleId{value='vehicle-10'}":2972.0034632314964,"VehicleId{value='vehicle-4'}":2019.1799749151564,"VehicleId{value='vehicle-5'}":2395.3185383224695,"VehicleId{value='vehicle-13'}":2154.55787074766,"VehicleId{value='vehicle-14'}":2576.753418417541,"VehicleId{value='vehicle-0'}":2785.0708498119975,"VehicleId{value='vehicle-11'}":1527.4311302424458,"VehicleId{value='vehicle-12'}":584.9334562384104,"VehicleId{value='vehicle-1'}":3551.4192868524933,"VehicleId{value='vehicle-17'}":665.8947879935597,"VehicleId{value='vehicle-18'}":1868.9845808576383,"VehicleId{value='vehicle-15'}":2182.254151850439,"VehicleId{value='vehicle-16'}":1167.9616381768183,"VehicleId{value='vehicle-19'}":2121.407938730773},"outliersTTBetweenStops":{"VehicleId{value='vehicle-6'}":[],"VehicleId{value='vehicle-7'}":[],"VehicleId{value='vehicle-8'}":[],"VehicleId{value='vehicle-9'}":[],"VehicleId{value='vehicle-2'}":[],"VehicleId{value='vehicle-3'}":[],"VehicleId{value='vehicle-10'}":[],"VehicleId{value='vehicle-4'}":[],"VehicleId{value='vehicle-5'}":[],"VehicleId{value='vehicle-13'}":[],"VehicleId{value='vehicle-14'}":[],"VehicleId{value='vehicle-0'}":[],"VehicleId{value='vehicle-11'}":[],"VehicleId{value='vehicle-12'}":[],"VehicleId{value='vehicle-1'}":[],"VehicleId{value='vehicle-17'}":[],"VehicleId{value='vehicle-18'}":[],"VehicleId{value='vehicle-15'}":[],"VehicleId{value='vehicle-16'}":[],"VehicleId{value='vehicle-19'}":[]},"meanTravelTimeBetweenStops":{"VehicleId{value='vehicle-6'}":693.000000000,"VehicleId{value='vehicle-7'}":853.000000000,"VehicleId{value='vehicle-8'}":696.000000000,"VehicleId{value='vehicle-9'}":580.000000000,"VehicleId{value='vehicle-2'}":396.000000000,"VehicleId{value='vehicle-3'}":830.000000000,"VehicleId{value='vehicle-10'}":1052.000000000,"VehicleId{value='vehicle-4'}":823.000000000,"VehicleId{value='vehicle-5'}":823.000000000,"VehicleId{value='vehicle-13'}":915.000000000,"VehicleId{value='vehicle-14'}":831.000000000,"VehicleId{value='vehicle-0'}":1047.000000000,"VehicleId{value='vehicle-11'}":683.000000000,"VehicleId{value='vehicle-12'}":374.000000000,"VehicleId{value='vehicle-1'}":1230.000000000,"VehicleId{value='vehicle-17'}":342.000000000,"VehicleId{value='vehicle-18'}":746.000000000,"VehicleId{value='vehicle-15'}":830.000000000,"VehicleId{value='vehicle-16'}":585.000000000,"VehicleId{value='vehicle-19'}":748.000000000},"convexHullList":{"VehicleId{value='vehicle-6'}":[{"latitude":50.8297053,"longitude":4.3041258},{"latitude":50.8279535,"longitude":4.3063282},{"latitude":50.8518368,"longitude":4.373183}],"VehicleId{value='vehicle-7'}":[{"latitude":50.8390171,"longitude":4.3016428},{"latitude":50.8705258,"longitude":4.3759411}],"VehicleId{value='vehicle-8'}":[{"latitude":50.8602288,"longitude":4.3998295},{"latitude":50.815589,"longitude":4.4190409}],"VehicleId{value='vehicle-9'}":[{"latitude":50.8639219,"longitude":4.3089088},{"latitude":50.8511688,"longitude":4.3419272}],"VehicleId{value='vehicle-2'}":[{"latitude":50.8330397,"longitude":4.3740043},{"latitude":50.8361484,"longitude":4.3890526}],"VehicleId{value='vehicle-3'}":[{"latitude":50.8852313,"longitude":4.3184601},{"latitude":50.882431,"longitude":4.4058128}],"VehicleId{value='vehicle-10'}":[{"latitude":50.825296,"longitude":4.3380243},{"latitude":50.8509754,"longitude":4.4304114}],"VehicleId{value='vehicle-4'}":[{"latitude":50.7960354,"longitude":4.3400997},{"latitude":50.8136067,"longitude":4.4077157}],"VehicleId{value='vehicle-5'}":[{"latitude":50.8282839,"longitude":4.3573544},{"latitude":50.8788714,"longitude":4.4052274}],"VehicleId{value='vehicle-13'}":[{"latitude":50.8511688,"longitude":4.3419272},{"latitude":50.8597652,"longitude":4.4151972}],"VehicleId{value='vehicle-14'}":[{"latitude":50.8351687,"longitude":4.3002003},{"latitude":50.7816441,"longitude":4.3455958}],"VehicleId{value='vehicle-0'}":[{"latitude":50.8186053,"longitude":4.2926179},{"latitude":50.7816441,"longitude":4.3455958}],"VehicleId{value='vehicle-11'}":[{"latitude":50.8053648,"longitude":4.3332419},{"latitude":50.8319251,"longitude":4.3719317}],"VehicleId{value='vehicle-12'}":[{"latitude":50.8340825,"longitude":4.3738624},{"latitude":50.8535624,"longitude":4.379446}],"VehicleId{value='vehicle-1'}":[{"latitude":50.7807273,"longitude":4.3462627},{"latitude":50.8572395,"longitude":4.3626737}],"VehicleId{value='vehicle-17'}":[{"latitude":50.8232786,"longitude":4.3257493},{"latitude":50.8215395,"longitude":4.3430506}],"VehicleId{value='vehicle-18'}":[{"latitude":50.8529287,"longitude":4.3340019},{"latitude":50.8668941,"longitude":4.3760967}],"VehicleId{value='vehicle-15'}":[{"latitude":50.8341332,"longitude":4.314156},{"latitude":50.8340559,"longitude":4.322787},{"latitude":50.8833692,"longitude":4.3427477}],"VehicleId{value='vehicle-16'}":[{"latitude":50.8528903,"longitude":4.4096802},{"latitude":50.8364049,"longitude":4.4431971}],"VehicleId{value='vehicle-19'}":[{"latitude":50.8596369,"longitude":4.3416668},{"latitude":50.8141073,"longitude":4.3570454},{"latitude":50.817784,"longitude":4.3794799}]},