{"WorkingShiftAnalysisResult":{"totalWaitingTimeSeconds":1776.000000000,"workingShiftOfEachDriver":{"VehicleId{value='vehicle-11'}":34785.000000000,"VehicleId{value='vehicle-1'}":27233.000000000,"VehicleId{value='vehicle-17'}":34848.000000000,"VehicleId{value='vehicle-16'}":33063.000000000,"VehicleId{value='vehicle-8'}":32825.000000000,"VehicleId{value='vehicle-10'}":33986.000000000,"VehicleId{value='vehicle-4'}":34347.000000000},"stddevWorkingShifts":2667.075083307555,"shortestWorkingShift":{"VehicleId{value='vehicle-1'}":27233.000000000},"longestWorkingShift":{"VehicleId{value='vehicle-17'}":34848.000000000},"visitsTimeWindowWrong":{"VehicleId{value='vehicle-11'}":{"JobId{value='Shipment-190'}":[2023,10,4,17,36,49],"JobId{value='Shipment-163'}":[2023,10,4,17,23,7]},"VehicleId{value='vehicle-1'}":{"JobId{value='Shipment-10'}":[2023,10,4,11,29,9]},"VehicleId{value='vehicle-17'}":{"JobId{value='Shipment-58'}":[2023,10,4,11,17,51]},"VehicleId{value='vehicle-16'}":{"JobId{value='Shipment-184'}":[2023,10,4,17,37,32]},"VehicleId{value='vehicle-8'}":{"JobId{value='Shipment-120'}":[2023,10,4,17,41,57],"JobId{value='Shipment-188'}":[2023,10,4,17,10,38]},"VehicleId{value='vehicle-10'}":{"JobId{value='Shipment-97'}":[2023,10,4,17,27,56]},"VehicleId{value='vehicle-4'}":{"JobId{value='Shipment-47'}":[2023,10,4,17,40,4],"JobId{value='Shipment-31'}":[2023,10,4,12,0,39],"JobId{value='Shipment-53'}":[2023,10,4,12,56,40],"JobId{value='Shipment-45'}":[2023,10,4,15,19,47],"JobId{value='Shipment-130'}":[2023,10,4,15,16,47]}},"meanworkingShift":33012.42857142857},"VisualAttractivenessAnalysisResult":{"meanDistanceToGeographicCenter":{"VehicleId{value='vehicle-11'}":3416.2305700798825,"VehicleId{value='vehicle-1'}":3417.9551408222596,"VehicleId{value='vehicle-17'}":3565.968914593582,"VehicleId{value='vehicle-16'}":2933.240961507002,"VehicleId{value='vehicle-8'}":3349.377729357535,"VehicleId{value='vehicle-10'}":3762.175725464058,"VehicleId{value='vehicle-4'}":3828.066384481951},"outliersTTBetweenStops":{"VehicleId{value='vehicle-11'}":[607.000000000,610.000000000,646.000000000,824.000000000,604.000000000],"VehicleId{value='vehicle-1'}":[886.000000000,731.000000000],"VehicleId{value='vehicle-17'}":[926.000000000,682.000000000,724.000000000],"VehicleId{value='vehicle-16'}":[648.000000000,651.000000000,787.000000000,705.000000000,784.000000000,616.000000000],"VehicleId{value='vehicle-8'}":[1016.000000000,1097.000000000,679.000000000],"VehicleId{value='vehicle-10'}":[672.000000000,1125.000000000,824.000000000],"VehicleId{value='vehicle-4'}":[882.000000000,865.000000000,903.000000000,837.000000000]},"meanTravelTimeBetweenStops":{"VehicleId{value='vehicle-11'}":247.000000000,"VehicleId{value='vehicle-1'}":325.000000000,"VehicleId{value='vehicle-17'}":295.000000000,"VehicleId{value='vehicle-16'}":246.000000000,"VehicleId{value='vehicle-8'}":260.000000000,"VehicleId{value='vehicle-10'}":259.000000000,"VehicleId{value='vehicle-4'}":348.000000000},"convexHullList":{"VehicleId{value='vehicle-11'}":[{"latitude":50.8045142,"longitude":4.3884284},{"latitude":50.8021074,"longitude":4.4121036},{"latitude":50.8430057,"longitude":4.4643488}],"VehicleId{value='vehicle-1'}":[{"latitude":50.8422069,"longitude":4.3165462},{"latitude":50.77413,"longitude":4.3532269},{"latitude":50.8267593,"longitude":4.4427843}],"VehicleId{value='vehicle-17'}":[{"latitude":50.8409911,"longitude":4.2954357},{"latitude":50.7911832,"longitude":4.3518032},{"latitude":50.8197473,"longitude":4.4273189}],"VehicleId{value='vehicle-16'}":[{"latitude":50.820948,"longitude":4.3015832},{"latitude":50.77413,"longitude":4.3532269},{"latitude":50.8057639,"longitude":4.3871238}],"VehicleId{value='vehicle-8'}":[{"latitude":50.8409911,"longitude":4.2954357},{"latitude":50.7987319,"longitude":4.3388073},{"latitude":50.8053226,"longitude":4.3918053}],"VehicleId{value='vehicle-10'}":[{"latitude":50.8193235,"longitude":4.2910983},{"latitude":50.8046491,"longitude":4.3179918},{"latitude":50.8239802,"longitude":4.4574975}],"VehicleId{value='vehicle-4'}":[{"latitude":50.8046491,"longitude":4.3179918},{"latitude":50.8016749,"longitude":4.3590911},{"latitude":50.8294669,"longitude":4.4534058}]},