{"WorkingShiftAnalysisResult":{"totalWaitingTimeSeconds":34035.000000000,"workingShiftOfEachDriver":{"VehicleId{value='vehicle-11'}":30605.000000000,"VehicleId{value='vehicle-12'}":28484.000000000,"VehicleId{value='vehicle-17'}":31965.000000000,"VehicleId{value='vehicle-18'}":21012.000000000,"VehicleId{value='vehicle-16'}":32711.000000000,"VehicleId{value='vehicle-8'}":29753.000000000,"VehicleId{value='vehicle-9'}":11730.000000000,"VehicleId{value='vehicle-10'}":34219.000000000},"stddevWorkingShifts":7546.800334294944,"shortestWorkingShift":{"VehicleId{value='vehicle-9'}":11730.000000000},"longestWorkingShift":{"VehicleId{value='vehicle-10'}":34219.000000000},"visitsTimeWindowWrong":{"VehicleId{value='vehicle-11'}":{"JobId{value='Shipment-37'}":[2023,10,4,14,15,51],"JobId{value='Shipment-21'}":[2023,10,4,13,44,21],"JobId{value='Shipment-5'}":[2023,10,4,15,8,38],"JobId{value='Shipment-72'}":[2023,10,4,13,15]},"VehicleId{value='vehicle-12'}":{"JobId{value='Shipment-3'}":[2023,10,4,13,53,53]},"VehicleId{value='vehicle-17'}":{"JobId{value='Shipment-97'}":[2023,10,4,13,36,58],"JobId{value='Shipment-73'}":[2023,10,4,12,53]},"VehicleId{value='vehicle-18'}":{"JobId{value='Shipment-34'}":[2023,10,4,13,15]},"VehicleId{value='vehicle-16'}":{"JobId{value='Shipment-14'}":[2023,10,4,15,11,54],"JobId{value='Shipment-53'}":[2023,10,4,16,27,51],"JobId{value='Shipment-45'}":[2023,10,4,19,36,22],"JobId{value='Shipment-88'}":[2023,10,4,18,15,56],"JobId{value='Shipment-96'}":[2023,10,4,14,30,42],"JobId{value='Shipment-39'}":[2023,10,4,14,50,6],"JobId{value='Shipment-80'}":[2023,10,4,17,51]},"VehicleId{value='vehicle-8'}":{"JobId{value='Shipment-27'}":[2023,10,4,12,53],"JobId{value='Shipment-83'}":[2023,10,4,14,27,23],"JobId{value='Shipment-74'}":[2023,10,4,15,56,54]},"VehicleId{value='vehicle-9'}":{"JobId{value='Shipment-48'}":[2023,10,4,9,0],"JobId{value='Shipment-91'}":[2023,10,4,9,20,44]},"VehicleId{value='vehicle-10'}":{"JobId{value='Shipment-35'}":[2023,10,4,18,56,5],"JobId{value='Shipment-75'}":[2023,10,4,17,51,31],"JobId{value='Shipment-89'}":[2023,10,4,16,42,1],"JobId{value='Shipment-71'}":[2023,10,4,15,38,53],"JobId{value='Shipment-63'}":[2023,10,4,19,28,12]}},"meanworkingShift":27559.875},"VisualAttractivenessAnalysisResult":{"meanDistanceToGeographicCenter":{"VehicleId{value='vehicle-11'}":4210.010870726194,"VehicleId{value='vehicle-12'}":2692.0302465275827,"VehicleId{value='vehicle-17'}":3800.213251304999,"VehicleId{value='vehicle-18'}":2608.5787465835388,"VehicleId{value='vehicle-16'}":2983.938690943535,"VehicleId{value='vehicle-8'}":2871.8337368810717,"VehicleId{value='vehicle-9'}":2445.0911293702898,"VehicleId{value='vehicle-10'}":3807.6105893497916},"outliersTTBetweenStops":{"VehicleId{value='vehicle-11'}":[1308.000000000],"VehicleId{value='vehicle-12'}":[622.000000000],"VehicleId{value='vehicle-17'}":[951.000000000],"VehicleId{value='vehicle-18'}":[774.000000000],"VehicleId{value='vehicle-16'}":[719.000000000,708.000000000,876.000000000,721.000000000,748.000000000],"VehicleId{value='vehicle-8'}":[785.000000000,845.000000000],"VehicleId{value='vehicle-9'}":[],"VehicleId{value='vehicle-10'}":[1021.000000000,998.000000000,998.000000000]},"meanTravelTimeBetweenStops":{"VehicleId{value='vehicle-11'}":409.000000000,"VehicleId{value='vehicle-12'}":222.000000000,"VehicleId{value='vehicle-17'}":392.000000000,"VehicleId{value='vehicle-18'}":312.000000000,"VehicleId{value='vehicle-16'}":254.000000000,"VehicleId{value='vehicle-8'}":330.000000000,"VehicleId{value='vehicle-9'}":488.000000000,"VehicleId{value='vehicle-10'}":316.000000000},"convexHullList":{"VehicleId{value='vehicle-11'}":[{"latitude":50.8153456,"longitude":4.2845349},{"latitude":50.786116,"longitude":4.3272292},{"latitude":50.7932509,"longitude":4.3528946}],"VehicleId{value='vehicle-12'}":[{"latitude":50.8189454,"longitude":4.3251998},{"latitude":50.8159143,"longitude":4.3783726},{"latitude":50.834755,"longitude":4.4184797}],"VehicleId{value='vehicle-17'}":[{"latitude":50.8277684,"longitude":4.3389454},{"latitude":50.8085376,"longitude":4.4045192},{"latitude":50.8153402,"longitude":4.4316129}],"VehicleId{value='vehicle-18'}":[{"latitude":50.8374785,"longitude":4.2734648},{"latitude":50.8153456,"longitude":4.2845349},{"latitude":50.8262515,"longitude":4.3507834}],"VehicleId{value='vehicle-16'}":[{"latitude":50.8374785,"longitude":4.2734648},{"latitude":50.7982052,"longitude":4.3691061},{"latitude":50.8214703,"longitude":4.3692628}],"VehicleId{value='vehicle-8'}":[{"latitude":50.8159143,"longitude":4.3783726},{"latitude":50.8009825,"longitude":4.4151241},{"latitude":50.8449524,"longitude":4.4303182}],"VehicleId{value='vehicle-9'}":[{"latitude":50.8673087,"longitude":4.3243886},{"latitude":50.8448129,"longitude":4.3956589}],"VehicleId{value='vehicle-10'}":[{"latitude":50.7991911,"longitude":4.3418568},{"latitude":50.7932509,"longitude":4.3528946},{"latitude":50.8009825,"longitude":4.4151241}]},