{"WorkingShiftAnalysisResult":{"totalWaitingTimeSeconds":1926.000000000,"workingShiftOfEachDriver":{"VehicleId{value='vehicle-1'}":34576.000000000,"VehicleId{value='vehicle-6'}":34212.000000000,"VehicleId{value='vehicle-7'}":35042.000000000,"VehicleId{value='vehicle-9'}":31116.000000000,"VehicleId{value='vehicle-2'}":35469.000000000,"VehicleId{value='vehicle-3'}":34087.000000000,"VehicleId{value='vehicle-5'}":34796.000000000},"stddevWorkingShifts":1434.0153997313512,"shortestWorkingShift":{"VehicleId{value='vehicle-9'}":31116.000000000},"longestWorkingShift":{"VehicleId{value='vehicle-2'}":35469.000000000},"visitsTimeWindowWrong":{"VehicleId{value='vehicle-1'}":{"JobId{value='Shipment-41'}":[2023,10,4,13,12,54]},"VehicleId{value='vehicle-6'}":{"JobId{value='Shipment-124'}":[2023,10,4,17,52,5],"JobId{value='Shipment-156'}":[2023,10,4,17,36,28]},"VehicleId{value='vehicle-7'}":{"JobId{value='Shipment-59'}":[2023,10,4,10,0,29],"JobId{value='Shipment-147'}":[2023,10,4,18,16,53],"JobId{value='Shipment-155'}":[2023,10,4,12,22,5]},"VehicleId{value='vehicle-9'}":{"JobId{value='Shipment-9'}":[2023,10,4,9,0],"JobId{value='Shipment-94'}":[2023,10,4,12,28,52]},"VehicleId{value='vehicle-2'}":{"JobId{value='Shipment-149'}":[2023,10,4,16,58,1],"JobId{value='Shipment-125'}":[2023,10,4,17,33,42],"JobId{value='Shipment-185'}":[2023,10,4,17,44,31]},"VehicleId{value='vehicle-3'}":{"JobId{value='Shipment-30'}":[2023,10,4,17,41,20],"JobId{value='Shipment-143'}":[2023,10,4,12,23,36]},"VehicleId{value='vehicle-5'}":{"JobId{value='Shipment-8'}":[2023,10,4,17,40,28]}},"meanworkingShift":34185.42857142857},"VisualAttractivenessAnalysisResult":{"meanDistanceToGeographicCenter":{"VehicleId{value='vehicle-1'}":3834.849250311327,"VehicleId{value='vehicle-6'}":2987.036003426094,"VehicleId{value='vehicle-7'}":3379.7745913257622,"VehicleId{value='vehicle-9'}":3406.0972884864755,"VehicleId{value='vehicle-2'}":3323.5959295096177,"VehicleId{value='vehicle-3'}":3895.2104510187773,"VehicleId{value='vehicle-5'}":3306.6073249620044},"outliersTTBetweenStops":{"VehicleId{value='vehicle-1'}":[749.000000000,820.000000000,704.000000000,751.000000000,791.000000000,754.000000000],"VehicleId{value='vehicle-6'}":[704.000000000,789.000000000,907.000000000,930.000000000],"VehicleId{value='vehicle-7'}":[951.000000000,780.000000000,793.000000000,837.000000000,836.000000000,800.000000000],"VehicleId{value='vehicle-9'}":[674.000000000,638.000000000,735.000000000],"VehicleId{value='vehicle-2'}":[1260.000000000,877.000000000,1164.000000000],"VehicleId{value='vehicle-3'}":[847.000000000,774.000000000,861.000000000,1050.000000000],"VehicleId{value='vehicle-5'}":[795.000000000,1344.000000000,753.000000000,784.000000000,779.000000000]},"meanTravelTimeBetweenStops":{"VehicleId{value='vehicle-1'}":271.000000000,"VehicleId{value='vehicle-6'}":284.000000000,"VehicleId{value='vehicle-7'}":291.000000000,"VehicleId{value='vehicle-9'}":250.000000000,"VehicleId{value='vehicle-2'}":352.000000000,"VehicleId{value='vehicle-3'}":321.000000000,"VehicleId{value='vehicle-5'}":275.000000000},"convexHullList":{"VehicleId{value='vehicle-1'}":[{"latitude":50.8022775,"longitude":4.3667088},{"latitude":50.7988203,"longitude":4.4028662},{"latitude":50.8046139,"longitude":4.4162201}],"VehicleId{value='vehicle-6'}":[{"latitude":50.7960199,"longitude":4.354454},{"latitude":50.788685,"longitude":4.3748212},{"latitude":50.7987746,"longitude":4.4053769}],"VehicleId{value='vehicle-7'}":[{"latitude":50.8021275,"longitude":4.3299532},{"latitude":50.7988203,"longitude":4.4028662},{"latitude":50.8464963,"longitude":4.4345233}],"VehicleId{value='vehicle-9'}":[{"latitude":50.7926233,"longitude":4.3239473},{"latitude":50.7870096,"longitude":4.3395945},{"latitude":50.8208131,"longitude":4.3827589}],"VehicleId{value='vehicle-2'}":[{"latitude":50.8087227,"longitude":4.3212081},{"latitude":50.8080667,"longitude":4.4142515},{"latitude":50.81931,"longitude":4.4306}],"VehicleId{value='vehicle-3'}":[{"latitude":50.8045336,"longitude":4.3214535},{"latitude":50.7960199,"longitude":4.354454},{"latitude":50.7960293,"longitude":4.3783825}],"VehicleId{value='vehicle-5'}":[{"latitude":50.7926233,"longitude":4.3239473},{"latitude":50.7870096,"longitude":4.3395945},{"latitude":50.788685,"longitude":4.3748212}]},