{"WorkingShiftAnalysisResult":{"totalWaitingTimeSeconds":1548.000000000,"workingShiftOfEachDriver":{"VehicleId{value='vehicle-0'}":31217.000000000,"VehicleId{value='vehicle-1'}":32638.000000000,"VehicleId{value='vehicle-6'}":33110.000000000,"VehicleId{value='vehicle-7'}":34250.000000000,"VehicleId{value='vehicle-8'}":34095.000000000,"VehicleId{value='vehicle-9'}":33062.000000000,"VehicleId{value='vehicle-2'}":34966.000000000,"VehicleId{value='vehicle-3'}":32045.000000000,"VehicleId{value='vehicle-4'}":34566.000000000,"VehicleId{value='vehicle-5'}":33871.000000000},"stddevWorkingShifts":1183.992304779798,"shortestWorkingShift":{"VehicleId{value='vehicle-0'}":31217.000000000},"longestWorkingShift":{"VehicleId{value='vehicle-2'}":34966.000000000},"visitsTimeWindowWrong":{"VehicleId{value='vehicle-0'}":{"JobId{value='Shipment-138'}":[2023,10,4,13,27,27]},"VehicleId{value='vehicle-1'}":{"JobId{value='Shipment-108'}":[2023,10,4,11,12,32],"JobId{value='Shipment-144'}":[2023,10,4,9,33,26]},"VehicleId{value='vehicle-6'}":{},"VehicleId{value='vehicle-7'}":{},"VehicleId{value='vehicle-8'}":{"JobId{value='Shipment-40'}":[2023,10,4,12,47,16]},"VehicleId{value='vehicle-9'}":{},"VehicleId{value='vehicle-2'}":{"JobId{value='Shipment-128'}":[2023,10,4,13,13,32],"JobId{value='Shipment-48'}":[2023,10,4,14,13,27],"JobId{value='Shipment-99'}":[2023,10,4,11,7,39]},"VehicleId{value='vehicle-3'}":{},"VehicleId{value='vehicle-4'}":{"JobId{value='Shipment-187'}":[2023,10,4,13,11,41]},"VehicleId{value='vehicle-5'}":{}},"meanworkingShift":33382.0},"VisualAttractivenessAnalysisResult":{"meanDistanceToGeographicCenter":{"VehicleId{value='vehicle-0'}":27030.539304141763,"VehicleId{value='vehicle-1'}":22399.951892271663,"VehicleId{value='vehicle-6'}":43654.42214251506,"VehicleId{value='vehicle-7'}":24651.70846747589,"VehicleId{value='vehicle-8'}":26011.95389823705,"VehicleId{value='vehicle-9'}":35494.49561460948,"VehicleId{value='vehicle-2'}":39371.21820316688,"VehicleId{value='vehicle-3'}":30399.53697446243,"VehicleId{value='vehicle-4'}":38125.265709417756,"VehicleId{value='vehicle-5'}":30082.554977756045},"outliersTTBetweenStops":{"VehicleId{value='vehicle-0'}":[2689.000000000],"VehicleId{value='vehicle-1'}":[2950.000000000,3143.000000000],"VehicleId{value='vehicle-6'}":[3820.000000000,3103.000000000],"VehicleId{value='vehicle-7'}":[3548.000000000],"VehicleId{value='vehicle-8'}":[4480.000000000],"VehicleId{value='vehicle-9'}":[3451.000000000],"VehicleId{value='vehicle-2'}":[2538.000000000,2413.000000000],"VehicleId{value='vehicle-3'}":[3093.000000000],"VehicleId{value='vehicle-4'}":[4424.000000000],"VehicleId{value='vehicle-5'}":[3261.000000000]},"meanTravelTimeBetweenStops":{"VehicleId{value='vehicle-0'}":1052.000000000,"VehicleId{value='vehicle-1'}":1149.000000000,"VehicleId{value='vehicle-6'}":1005.000000000,"VehicleId{value='vehicle-7'}":1175.000000000,"VehicleId{value='vehicle-8'}":1226.000000000,"VehicleId{value='vehicle-9'}":1171.000000000,"VehicleId{value='vehicle-2'}":946.000000000,"VehicleId{value='vehicle-3'}":1320.000000000,"VehicleId{value='vehicle-4'}":1074.000000000,"VehicleId{value='vehicle-5'}":1214.000000000},"convexHullList":{"VehicleId{value='vehicle-0'}":[{"latitude":50.9816344,"longitude":4.4607491},{"latitude":50.8651839,"longitude":4.7440126},{"latitude":50.9432616,"longitude":5.3030442}],"VehicleId{value='vehicle-1'}":[{"latitude":51.1527198,"longitude":2.7686907},{"latitude":50.9420227,"longitude":3.2128958},{"latitude":51.0179953,"longitude":3.7600574}],"VehicleId{value='vehicle-6'}":[{"latitude":50.8671284,"longitude":4.0801375},{"latitude":50.8599779,"longitude":4.1148096},{"latitude":50.8837269,"longitude":4.2715961}],"VehicleId{value='vehicle-7'}":[{"latitude":50.9385786,"longitude":3.4622897},{"latitude":50.7178588,"longitude":3.9397189},{"latitude":50.7766151,"longitude":4.3134343}],"VehicleId{value='vehicle-8'}":[{"latitude":51.0948956,"longitude":3.3760986},{"latitude":50.9439229,"longitude":3.9775169},{"latitude":51.0114886,"longitude":4.4833632}],"VehicleId{value='vehicle-9'}":[{"latitude":51.0971216,"longitude":3.6066114},{"latitude":51.0138386,"longitude":3.7640309},{"latitude":51.1673232,"longitude":4.9001608}],"VehicleId{value='vehicle-2'}":[{"latitude":50.8603342,"longitude":3.288396},{"latitude":50.7766151,"longitude":4.3134343},{"latitude":50.8651839,"longitude":4.7440126}],"VehicleId{value='vehicle-3'}":[{"latitude":51.0400274,"longitude":3.9475768},{"latitude":50.9627807,"longitude":4.7626481},{"latitude":50.9641906,"longitude":4.7980486}],"VehicleId{value='vehicle-4'}":[{"latitude":51.0220005,"longitude":3.7175256},{"latitude":50.8537828,"longitude":4.2617614},{"latitude":50.8640907,"longitude":4.4552462}],"VehicleId{value='vehicle-5'}":[{"latitude":50.8542836,"longitude":2.7250408},{"latitude":50.8600945,"longitude":3.1893466}]},