{"WorkingShiftAnalysisResult":{"totalWaitingTimeSeconds":24979.000000000,"workingShiftOfEachDriver":{"VehicleId{value='vehicle-14'}":38000.000000000,"VehicleId{value='vehicle-0'}":37356.000000000,"VehicleId{value='vehicle-11'}":36794.000000000,"VehicleId{value='vehicle-6'}":38013.000000000,"VehicleId{value='vehicle-7'}":38013.000000000,"VehicleId{value='vehicle-19'}":37348.000000000,"VehicleId{value='vehicle-8'}":35104.000000000,"VehicleId{value='vehicle-9'}":32033.000000000,"VehicleId{value='vehicle-2'}":27179.000000000,"VehicleId{value='vehicle-3'}":34697.000000000,"VehicleId{value='vehicle-5'}":36475.000000000},"stddevWorkingShifts":3322.6821394770823,"shortestWorkingShift":{"VehicleId{value='vehicle-2'}":27179.000000000},"longestWorkingShift":{"VehicleId{value='vehicle-6'}":38013.000000000},"visitsTimeWindowWrong":{"VehicleId{value='vehicle-14'}":{"JobId{value='Shipment-32'}":[2023,10,4,19,9],"JobId{value='Shipment-45'}":[2023,10,4,17,12,19],"JobId{value='Shipment-63'}":[2023,10,4,18,46,43]},"VehicleId{value='vehicle-0'}":{"JobId{value='Shipment-89'}":[2023,10,4,11,47,12],"JobId{value='Shipment-71'}":[2023,10,4,16,0,43],"JobId{value='Shipment-95'}":[2023,10,4,9,53,31],"JobId{value='Shipment-90'}":[2023,10,4,12,13,52]},"VehicleId{value='vehicle-11'}":{},"VehicleId{value='vehicle-6'}":{"JobId{value='Shipment-86'}":[2023,10,4,18,9,46]},"VehicleId{value='vehicle-7'}":{"JobId{value='Shipment-64'}":[2023,10,4,16,22,56],"JobId{value='Shipment-50'}":[2023,10,4,17,13,56],"JobId{value='Shipment-3'}":[2023,10,4,16,12,56]},"VehicleId{value='vehicle-19'}":{"JobId{value='Shipment-68'}":[2023,10,4,10,31,26],"JobId{value='Shipment-17'}":[2023,10,4,17,0,27]},"VehicleId{value='vehicle-8'}":{},"VehicleId{value='vehicle-9'}":{},"VehicleId{value='vehicle-2'}":{},"VehicleId{value='vehicle-3'}":{"JobId{value='Shipment-35'}":[2023,10,4,17,47,23],"JobId{value='Shipment-61'}":[2023,10,4,17,10,11]},"VehicleId{value='vehicle-5'}":{}},"meanworkingShift":35546.545454545456},"VisualAttractivenessAnalysisResult":{"meanDistanceToGeographicCenter":{"VehicleId{value='vehicle-14'}":25161.222907533593,"VehicleId{value='vehicle-0'}":47227.31506055407,"VehicleId{value='vehicle-11'}":52326.55978374665,"VehicleId{value='vehicle-6'}":52006.647825724795,"VehicleId{value='vehicle-7'}":55310.7884917009,"VehicleId{value='vehicle-19'}":47989.46176672886,"VehicleId{value='vehicle-8'}":34783.821140002205,"VehicleId{value='vehicle-9'}":47109.84013700522,"VehicleId{value='vehicle-2'}":16655.789633191474,"VehicleId{value='vehicle-3'}":26618.539221715346,"VehicleId{value='vehicle-5'}":48309.513831959775},"outliersTTBetweenStops":{"VehicleId{value='vehicle-14'}":[2869.000000000],"VehicleId{value='vehicle-0'}":[],"VehicleId{value='vehicle-11'}":[4745.000000000],"VehicleId{value='vehicle-6'}":[5761.000000000],"VehicleId{value='vehicle-7'}":[],"VehicleId{value='vehicle-19'}":[4724.000000000],"VehicleId{value='vehicle-8'}":[3307.000000000],"VehicleId{value='vehicle-9'}":[],"VehicleId{value='vehicle-2'}":[2595.000000000],"VehicleId{value='vehicle-3'}":[2986.000000000],"VehicleId{value='vehicle-5'}":[5036.000000000]},"meanTravelTimeBetweenStops":{"VehicleId{value='vehicle-14'}":1011.000000000,"VehicleId{value='vehicle-0'}":2155.000000000,"VehicleId{value='vehicle-11'}":1350.000000000,"VehicleId{value='vehicle-6'}":1518.000000000,"VehicleId{value='vehicle-7'}":1861.000000000,"VehicleId{value='vehicle-19'}":1336.000000000,"VehicleId{value='vehicle-8'}":1366.000000000,"VehicleId{value='vehicle-9'}":2578.000000000,"VehicleId{value='vehicle-2'}":998.000000000,"VehicleId{value='vehicle-3'}":1235.000000000,"VehicleId{value='vehicle-5'}":1829.000000000},"convexHullList":{"VehicleId{value='vehicle-14'}":[{"latitude":50.8411011,"longitude":3.628518},{"latitude":50.7957695,"longitude":3.8294193},{"latitude":50.9351037,"longitude":4.4405334}],"VehicleId{value='vehicle-0'}":[{"latitude":50.83211,"longitude":3.23359},{"latitude":50.7707428,"longitude":3.8031708},{"latitude":50.8885898,"longitude":5.3545166}],"VehicleId{value='vehicle-11'}":[{"latitude":51.0738913,"longitude":2.6759243},{"latitude":50.7663,"longitude":4.46335},{"latitude":50.7665151,"longitude":4.466719}],"VehicleId{value='vehicle-6'}":[{"latitude":51.1719701,"longitude":2.8788071},{"latitude":50.7628541,"longitude":4.2826457},{"latitude":51.2282264,"longitude":5.2939616}],"VehicleId{value='vehicle-7'}":[{"latitude":50.8894117,"longitude":3.3469951},{"latitude":50.9631001,"longitude":5.4978151}],"VehicleId{value='vehicle-19'}":[{"latitude":50.8397178,"longitude":3.9852061},{"latitude":50.7665151,"longitude":4.466719},{"latitude":50.8051683,"longitude":4.9435685}],"VehicleId{value='vehicle-8'}":[{"latitude":51.1687643,"longitude":4.1600318},{"latitude":50.7881436,"longitude":4.2948762},{"latitude":50.8735025,"longitude":5.2793432}],"VehicleId{value='vehicle-9'}":[{"latitude":50.8313978,"longitude":3.2625529},{"latitude":50.7310287,"longitude":4.2429149},{"latitude":50.7628541,"longitude":4.2826457}],"VehicleId{value='vehicle-2'}":[{"latitude":50.8787761,"longitude":4.5028489},{"latitude":50.7795146,"longitude":4.6319626},{"latitude":50.8022797,"longitude":4.9277729}],"VehicleId{value='vehicle-3'}":[{"latitude":50.8116111,"longitude":3.0749768},{"latitude":50.7957695,"longitude":3.8294193}],"VehicleId{value='vehicle-5'}":[{"latitude":50.8086761,"longitude":3.0649084},{"latitude":50.7628541,"longitude":4.2826457},{"latitude":51.3643384,"longitude":4.8492667}]},