{"WorkingShiftAnalysisResult":{"totalWaitingTimeSeconds":0.0,"workingShiftOfEachDriver":{"VehicleId{value='vehicle-0'}":24655.000000000,"VehicleId{value='vehicle-1'}":14876.000000000,"VehicleId{value='vehicle-6'}":27974.000000000,"VehicleId{value='vehicle-7'}":15258.000000000,"VehicleId{value='vehicle-8'}":27193.000000000,"VehicleId{value='vehicle-9'}":15352.000000000,"VehicleId{value='vehicle-3'}":28291.000000000,"VehicleId{value='vehicle-4'}":31827.000000000,"VehicleId{value='vehicle-5'}":19922.000000000},"stddevWorkingShifts":6562.890521713736,"shortestWorkingShift":{"VehicleId{value='vehicle-1'}":14876.000000000},"longestWorkingShift":{"VehicleId{value='vehicle-4'}":31827.000000000},"visitsTimeWindowWrong":{"VehicleId{value='vehicle-0'}":{},"VehicleId{value='vehicle-1'}":{},"VehicleId{value='vehicle-6'}":{},"VehicleId{value='vehicle-7'}":{},"VehicleId{value='vehicle-8'}":{},"VehicleId{value='vehicle-9'}":{},"VehicleId{value='vehicle-3'}":{},"VehicleId{value='vehicle-4'}":{},"VehicleId{value='vehicle-5'}":{}},"meanworkingShift":22816.444444444445},"VisualAttractivenessAnalysisResult":{"meanDistanceToGeographicCenter":{"VehicleId{value='vehicle-0'}":3203.25366461867,"VehicleId{value='vehicle-1'}":3407.032365141743,"VehicleId{value='vehicle-6'}":4028.6629178359763,"VehicleId{value='vehicle-7'}":2173.278248965048,"VehicleId{value='vehicle-8'}":2730.0221186449803,"VehicleId{value='vehicle-9'}":2453.576094601868,"VehicleId{value='vehicle-3'}":3030.867393314141,"VehicleId{value='vehicle-4'}":3347.369838285139,"VehicleId{value='vehicle-5'}":4103.02340783558},"outliersTTBetweenStops":{"VehicleId{value='vehicle-0'}":[1106.000000000,1195.000000000],"VehicleId{value='vehicle-1'}":[1493.000000000],"VehicleId{value='vehicle-6'}":[1053.000000000,1202.000000000],"VehicleId{value='vehicle-7'}":[1433.000000000],"VehicleId{value='vehicle-8'}":[936.000000000],"VehicleId{value='vehicle-9'}":[],"VehicleId{value='vehicle-3'}":[784.000000000,781.000000000],"VehicleId{value='vehicle-4'}":[1664.000000000,1296.000000000],"VehicleId{value='vehicle-5'}":[1120.000000000]},"meanTravelTimeBetweenStops":{"VehicleId{value='vehicle-0'}":410.000000000,"VehicleId{value='vehicle-1'}":431.000000000,"VehicleId{value='vehicle-6'}":458.000000000,"VehicleId{value='vehicle-7'}":457.000000000,"VehicleId{value='vehicle-8'}":358.000000000,"VehicleId{value='vehicle-9'}":463.000000000,"VehicleId{value='vehicle-3'}":331.000000000,"VehicleId{value='vehicle-4'}":446.000000000,"VehicleId{value='vehicle-5'}":377.000000000},"convexHullList":{"VehicleId{value='vehicle-0'}":[{"latitude":50.8296313,"longitude":4.3003786},{"latitude":50.8011177,"longitude":4.3741563},{"latitude":50.827679,"longitude":4.3950811}],"VehicleId{value='vehicle-1'}":[{"latitude":50.8498286,"longitude":4.3134422},{"latitude":50.7973117,"longitude":4.3967658},{"latitude":50.8164704,"longitude":4.4181053}],"VehicleId{value='vehicle-6'}":[{"latitude":50.8661928,"longitude":4.2880242},{"latitude":50.7994539,"longitude":4.3198839},{"latitude":50.8215495,"longitude":4.3881236}],"VehicleId{value='vehicle-7'}":[{"latitude":50.8137924,"longitude":4.3201389},{"latitude":50.788568,"longitude":4.3589518},{"latitude":50.8481928,"longitude":4.4219305}],"VehicleId{value='vehicle-8'}":[{"latitude":50.8498286,"longitude":4.3134422},{"latitude":50.8015924,"longitude":4.3889237},{"latitude":50.8496203,"longitude":4.4549618}],"VehicleId{value='vehicle-9'}":[{"latitude":50.828985,"longitude":4.302026},{"latitude":50.8265129,"longitude":4.3790988},{"latitude":50.8621127,"longitude":4.4121315}],"VehicleId{value='vehicle-3'}":[{"latitude":50.859668,"longitude":4.3052355},{"latitude":50.8005743,"longitude":4.3367634},{"latitude":50.8215495,"longitude":4.3881236}],"VehicleId{value='vehicle-4'}":[{"latitude":50.7994068,"longitude":4.3416723},{"latitude":50.788568,"longitude":4.3589518},{"latitude":50.8594128,"longitude":4.419543}],"VehicleId{value='vehicle-5'}":[{"latitude":50.8285495,"longitude":4.2953839},{"latitude":50.7973117,"longitude":4.3967658},{"latitude":50.8362245,"longitude":4.4075644}]},