{"WorkingShiftAnalysisResult":{"totalWaitingTimeSeconds":368.000000000,"workingShiftOfEachDriver":{"VehicleId{value='vehicle-13'}":34501.000000000,"VehicleId{value='vehicle-14'}":34073.000000000,"VehicleId{value='vehicle-12'}":35077.000000000,"VehicleId{value='vehicle-1'}":33301.000000000,"VehicleId{value='vehicle-17'}":33586.000000000,"VehicleId{value='vehicle-18'}":31327.000000000,"VehicleId{value='vehicle-2'}":34404.000000000},"stddevWorkingShifts":1221.7714598074388,"shortestWorkingShift":{"VehicleId{value='vehicle-18'}":31327.000000000},"longestWorkingShift":{"VehicleId{value='vehicle-12'}":35077.000000000},"visitsTimeWindowWrong":{"VehicleId{value='vehicle-13'}":{"JobId{value='Shipment-16'}":[2023,10,4,12,25,59],"JobId{value='Shipment-113'}":[2023,10,4,17,33,36]},"VehicleId{value='vehicle-14'}":{"JobId{value='Shipment-131'}":[2023,10,4,17,37,30]},"VehicleId{value='vehicle-12'}":{"JobId{value='Shipment-89'}":[2023,10,4,17,46,15],"JobId{value='Shipment-178'}":[2023,10,4,17,56,15],"JobId{value='Shipment-111'}":[2023,10,4,18,12,18]},"VehicleId{value='vehicle-1'}":{"JobId{value='Shipment-37'}":[2023,10,4,16,25,58],"JobId{value='Shipment-53'}":[2023,10,4,17,33,46],"JobId{value='Shipment-93'}":[2023,10,4,12,27,27],"JobId{value='Shipment-161'}":[2023,10,4,14,22,32]},"VehicleId{value='vehicle-17'}":{"JobId{value='Shipment-95'}":[2023,10,4,12,19,16],"JobId{value='Shipment-100'}":[2023,10,4,15,31,40],"JobId{value='Shipment-132'}":[2023,10,4,17,38,53]},"VehicleId{value='vehicle-18'}":{"JobId{value='Shipment-98'}":[2023,10,4,17,57,36],"JobId{value='Shipment-175'}":[2023,10,4,12,14,11],"JobId{value='Shipment-179'}":[2023,10,4,10,7,4]},"VehicleId{value='vehicle-2'}":{"JobId{value='Shipment-4'}":[2023,10,4,10,39,4]}},"meanworkingShift":33752.71428571428},"VisualAttractivenessAnalysisResult":{"meanDistanceToGeographicCenter":{"VehicleId{value='vehicle-13'}":3411.330244145035,"VehicleId{value='vehicle-14'}":3511.4216755973744,"VehicleId{value='vehicle-12'}":3934.4339645395644,"VehicleId{value='vehicle-1'}":3162.5753671871107,"VehicleId{value='vehicle-17'}":4114.77020025797,"VehicleId{value='vehicle-18'}":3122.3099601289937,"VehicleId{value='vehicle-2'}":3441.8923824803246},"outliersTTBetweenStops":{"VehicleId{value='vehicle-13'}":[949.000000000,811.000000000,828.000000000,996.000000000],"VehicleId{value='vehicle-14'}":[1075.000000000,1158.000000000,947.000000000,777.000000000,938.000000000],"VehicleId{value='vehicle-12'}":[645.000000000,591.000000000,657.000000000],"VehicleId{value='vehicle-1'}":[957.000000000,731.000000000,742.000000000,757.000000000],"VehicleId{value='vehicle-17'}":[956.000000000,1091.000000000,1007.000000000],"VehicleId{value='vehicle-18'}":[651.000000000,734.000000000,879.000000000,665.000000000,803.000000000],"VehicleId{value='vehicle-2'}":[836.000000000,772.000000000,767.000000000,992.000000000,1106.000000000]},"meanTravelTimeBetweenStops":{"VehicleId{value='vehicle-13'}":288.000000000,"VehicleId{value='vehicle-14'}":282.000000000,"VehicleId{value='vehicle-12'}":241.000000000,"VehicleId{value='vehicle-1'}":287.000000000,"VehicleId{value='vehicle-17'}":364.000000000,"VehicleId{value='vehicle-18'}":254.000000000,"VehicleId{value='vehicle-2'}":288.000000000},"convexHullList":{"VehicleId{value='vehicle-13'}":[{"latitude":50.830402,"longitude":4.2829184},{"latitude":50.7936795,"longitude":4.3375623},{"latitude":50.8168432,"longitude":4.4281951}],"VehicleId{value='vehicle-14'}":[{"latitude":50.8168637,"longitude":4.337604},{"latitude":50.790002,"longitude":4.4245301},{"latitude":50.846823,"longitude":4.4570865}],"VehicleId{value='vehicle-12'}":[{"latitude":50.830402,"longitude":4.2829184},{"latitude":50.7936795,"longitude":4.3375623},{"latitude":50.808643,"longitude":4.4314194}],"VehicleId{value='vehicle-1'}":[{"latitude":50.8035948,"longitude":4.3368891},{"latitude":50.7942405,"longitude":4.3594613},{"latitude":50.8102294,"longitude":4.398235}],"VehicleId{value='vehicle-17'}":[{"latitude":50.7854692,"longitude":4.3285486},{"latitude":50.7797826,"longitude":4.3423071},{"latitude":50.780109,"longitude":4.3644124}],"VehicleId{value='vehicle-18'}":[{"latitude":50.802142,"longitude":4.3204344},{"latitude":50.800428,"longitude":4.3285502},{"latitude":50.8095209,"longitude":4.3450434}],"VehicleId{value='vehicle-2'}":[{"latitude":50.8447697,"longitude":4.3004136},{"latitude":50.7900251,"longitude":4.3233824},{"latitude":50.8231578,"longitude":4.4630451}]},