{"WorkingShiftAnalysisResult":{"totalWaitingTimeSeconds":20834.000000000,"workingShiftOfEachDriver":{"VehicleId{value='vehicle-0'}":32306.000000000,"VehicleId{value='vehicle-6'}":26028.000000000,"VehicleId{value='vehicle-8'}":21740.000000000,"VehicleId{value='vehicle-9'}":32931.000000000,"VehicleId{value='vehicle-3'}":25304.000000000,"VehicleId{value='vehicle-4'}":33606.000000000,"VehicleId{value='vehicle-5'}":31494.000000000},"stddevWorkingShifts":4636.711711978652,"shortestWorkingShift":{"VehicleId{value='vehicle-8'}":21740.000000000},"longestWorkingShift":{"VehicleId{value='vehicle-4'}":33606.000000000},"visitsTimeWindowWrong":{"VehicleId{value='vehicle-0'}":{"JobId{value='Shipment-80'}":[2023,10,4,13,42,16]},"VehicleId{value='vehicle-6'}":{"JobId{value='Shipment-57'}":[2023,10,4,13,15],"JobId{value='Shipment-64'}":[2023,10,4,11,4,2],"JobId{value='Shipment-7'}":[2023,10,4,15,20,41]},"VehicleId{value='vehicle-8'}":{"JobId{value='Shipment-16'}":[2023,10,4,9,46,29],"JobId{value='Shipment-15'}":[2023,10,4,11,6,10],"JobId{value='Shipment-2'}":[2023,10,4,13,33,53]},"VehicleId{value='vehicle-9'}":{"JobId{value='Shipment-55'}":[2023,10,4,18,36,20],"JobId{value='Shipment-93'}":[2023,10,4,15,41]},"VehicleId{value='vehicle-3'}":{"JobId{value='Shipment-68'}":[2023,10,4,11,25,48]},"VehicleId{value='vehicle-4'}":{"JobId{value='Shipment-81'}":[2023,10,4,11,40,37]},"VehicleId{value='vehicle-5'}":{"JobId{value='Shipment-58'}":[2023,10,4,13,49,10]}},"meanworkingShift":29058.428571428572},"VisualAttractivenessAnalysisResult":{"meanDistanceToGeographicCenter":{"VehicleId{value='vehicle-0'}":4169.9191946709325,"VehicleId{value='vehicle-6'}":2754.901029365968,"VehicleId{value='vehicle-8'}":3319.8919514026375,"VehicleId{value='vehicle-9'}":2670.596942563792,"VehicleId{value='vehicle-3'}":3253.2218990121255,"VehicleId{value='vehicle-4'}":4277.030365935425,"VehicleId{value='vehicle-5'}":2287.552039859451},"outliersTTBetweenStops":{"VehicleId{value='vehicle-0'}":[885.000000000,741.000000000,820.000000000,722.000000000],"VehicleId{value='vehicle-6'}":[1005.000000000,1064.000000000,1024.000000000],"VehicleId{value='vehicle-8'}":[1006.000000000,1025.000000000,1030.000000000],"VehicleId{value='vehicle-9'}":[857.000000000,731.000000000,724.000000000],"VehicleId{value='vehicle-3'}":[1173.000000000],"VehicleId{value='vehicle-4'}":[1211.000000000,1084.000000000],"VehicleId{value='vehicle-5'}":[1058.000000000]},"meanTravelTimeBetweenStops":{"VehicleId{value='vehicle-0'}":259.000000000,"VehicleId{value='vehicle-6'}":355.000000000,"VehicleId{value='vehicle-8'}":375.000000000,"VehicleId{value='vehicle-9'}":245.000000000,"VehicleId{value='vehicle-3'}":347.000000000,"VehicleId{value='vehicle-4'}":335.000000000,"VehicleId{value='vehicle-5'}":258.000000000},"convexHullList":{"VehicleId{value='vehicle-0'}":[{"latitude":50.8305495,"longitude":4.28817},{"latitude":50.7850376,"longitude":4.3282795},{"latitude":50.8086726,"longitude":4.4039234}],"VehicleId{value='vehicle-6'}":[{"latitude":50.8141775,"longitude":4.345183},{"latitude":50.8162767,"longitude":4.4285491}],"VehicleId{value='vehicle-8'}":[{"latitude":50.8373649,"longitude":4.277653},{"latitude":50.7928132,"longitude":4.409159}],"VehicleId{value='vehicle-9'}":[{"latitude":50.8141775,"longitude":4.345183},{"latitude":50.7928132,"longitude":4.409159},{"latitude":50.8118398,"longitude":4.4376242}],"VehicleId{value='vehicle-3'}":[{"latitude":50.8305495,"longitude":4.28817},{"latitude":50.7870818,"longitude":4.3404454},{"latitude":50.8230792,"longitude":4.3609462}],"VehicleId{value='vehicle-4'}":[{"latitude":50.8385465,"longitude":4.3129868},{"latitude":50.8012752,"longitude":4.4002578},{"latitude":50.8118398,"longitude":4.4376242}],"VehicleId{value='vehicle-5'}":[{"latitude":50.8214693,"longitude":4.3013128},{"latitude":50.7887607,"longitude":4.3323891},{"latitude":50.7928132,"longitude":4.409159}]},"visitsCloserToOtherCenterOfGravity":[[["4705335f-0940-452c-b8f1-81c5dfc20c74","Shipment-30","hBGZ8FxPbiMdKrTC","hBGZ8FxPbiMdKrTC","hBGZ8FxPbiMdKrTC","Shipment-27","Shipment-27","Shipment-27","Shipment-97","Shipment-97","Shipment-97","Shipment-34","Shipment-34","Shipment-34","Shipment-34","Shipment-60","Shipment-60","Shipment-60","Shipment-60","UK05cBoa9lqlHd51","UK05cBoa9lqlHd51","UK05cBoa9lqlHd51","UK05cBoa9lqlHd51","g5gVbsucNe4M05O2","g5gVbsucNe4M05O2","g5gVbsucNe4M05O2","Shipment-76","Shipment-76","Shipment-76","Shipment-57","Shipment-57","Shipment-57","hkDlaTTVQEWDRDv6","hkDlaTTVQEWDRDv6","Shipment-89","Shipment-69","7GSCVcjllVERon0j","X5KrjElnQhazqpv8","X5KrjElnQhazqpv8","X5KrjElnQhazqpv8","Shipment-7","Shipment-7","Shipment-7","mC34F0QAxWGKZncS","mC34F0QAxWGKZncS","B8JtaSczJkl4RTr4","B8JtaSczJkl4RTr4","eHYIc2EfoIcb6ZPN","eHYIc2EfoIcb6ZPN","XtPpHOobt6bXCtcS","XtPpHOobt6bXCtcS","XtPpHOobt6bXCtcS","2y6RssNRiz4HaQZK","2y6RssNRiz4HaQZK","f953ddac-adcb-42e6-b367-dac5b7b6ccb4"],["vehicle-9","vehicle-5","vehicle-8","vehicle-5","vehicle-0","vehicle-8","vehicle-5","vehicle-0","vehicle-8","vehicle-5","vehicle-0","vehicle-8","vehicle-4","vehicle-3","vehicle-0","vehicle-8","vehicle-4","vehicle-3","vehicle-0","vehicle-8","vehicle-4","vehicle-3","vehicle-0","vehicle-8","vehicle-5","vehicle-0","vehicle-8","vehicle-5","vehicle-0","vehicle-8","vehicle-5","vehicle-0","vehicle-5","vehicle-0","vehicle-5","vehicle-5","vehicle-4","vehicle-4","vehicle-3","vehicle-9","vehicle-4","vehicle-3","vehicle-9","vehicle-4","vehicle-9","vehicle-4","vehicle-9","vehicle-4","vehicle-9","vehicle-4","vehicle-5","vehicle-9","vehicle-4","vehicle-9","vehicle-9"]],[["Shipment-16","Shipment-16","Shipment-16","Shipment-16","Shipment-16","Shipment-18","Shipment-18","Shipment-18","Shipment-18","LSXZvsvkAw5GmBow","Shipment-46","cNkAHsXW1vDVkDqZ","Shipment-15","Shipment-48","EQ0pJFOFhdjjPkJE","Shipment-4","Shipment-2","Shipment-2","Shipment-2","Shipment-2","Shipment-2","eGjfytS13JY589Yi","eGjfytS13JY589Yi","eGjfytS13JY589Yi","eGjfytS13JY589Yi","eGjfytS13JY589Yi","TMRKExOUNf8JoBgt","TMRKExOUNf8JoBgt","TMRKExOUNf8JoBgt","TMRKExOUNf8JoBgt","TMRKExOUNf8JoBgt"],["vehicle-4","vehicle-3","vehicle-5","vehicle-9","vehicle-0","vehicle-3","vehicle-5","vehicle-9","vehicle-0","vehicle-3","vehicle-3","vehicle-3","vehicle-3","vehicle-3","vehicle-0","vehicle-0","vehicle-4","vehicle-3","vehicle-5","vehicle-9","vehicle-0","vehicle-4","vehicle-3","vehicle-5","vehicle-9","vehicle-0","vehicle-4","vehicle-3","vehicle-5","vehicle-9","vehicle-0"]],[["88b03fc7-5f5f-4408-8ca9-9b90b98a0062","Shipment-90","Shipment-17","Shipment-52","Shipment-52","Shipment-52","Shipment-52","Shipment-25","K53oJ322M5K4sx7J","Shipment-87","BLlLktldbEnkpYRc","Shipment-88","Shipment-88","xTBk05xqjYUgY2Q0","xTBk05xqjYUgY2Q0","vWdhmRZbDbLr1PEX","vWdhmRZbDbLr1PEX","DKfHnbPZUEKyqc1O","DKfHnbPZUEKyqc1O","SKriMCLEa8OkAnQH","SKriMCLEa8OkAnQH","2EGZHBTKrUhBmhfC","2EGZHBTKrUhBmhfC","Shipment-14","Shipment-14","Shipment-14","Shipment-14","Shipment-36","Shipment-36","Shipment-36","Shipment-36","X3bn7y8nPlcnWtsS","X3bn7y8nPlcnWtsS","7R62tnr3wcLWkp4y","7R62tnr3wcLWkp4y","HmpySIqB0NJsPYwQ","HmpySIqB0NJsPYwQ","dDqZNAbbHk04U3CW","ce9b23b5-cc3a-4096-922e-9560de1d1ea4"],["vehicle-3","vehicle-3","vehicle-3","vehicle-3","vehicle-5","vehicle-9","vehicle-0","vehicle-9","vehicle-9","vehicle-9","vehicle-9","vehicle-5","vehicle-9","vehicle-5","vehicle-9","vehicle-5","vehicle-9","vehicle-5","vehicle-9","vehicle-5","vehicle-9","vehicle-5","vehicle-9","vehicle-3","vehicle-5","vehicle-9","vehicle-0","vehicle-3","vehicle-5","vehicle-9","vehicle-0","vehicle-3","vehicle-0","vehicle-3","vehicle-0","vehicle-3","vehicle-0","vehicle-3","vehicle-3"]],[["Shipment-61","awsmW91h5aN7DhP0","Shipment-68","f6ZhL2IdQoCApHA3","Rd0GILAcWOU9P3qk","Shipment-5","Shipment-5","KE0sHERlwlq8YROI","KE0sHERlwlq8YROI","yz9J6CKgAZETy9dX","yz9J6CKgAZETy9dX","yz9J6CKgAZETy9dX","4QZ1tlaSGpYyDGp2","4QZ1tlaSGpYyDGp2","ZktYTvJMitJd2TLh","ZktYTvJMitJd2TLh","tZJ5UtBkIiwy6Q6K","tZJ5UtBkIiwy6Q6K","usHTvNuZX9zrrkI0","usHTvNuZX9zrrkI0","usHTvNuZX9zrrkI0","XfHCHXs1s4xtptP4","XfHCHXs1s4xtptP4",