{"WorkingShiftAnalysisResult":{"totalWaitingTimeSeconds":34428.000000000,"workingShiftOfEachDriver":{"VehicleId{value='vehicle-13'}":33118.000000000,"VehicleId{value='vehicle-11'}":34473.000000000,"VehicleId{value='vehicle-0'}":36147.000000000,"VehicleId{value='vehicle-1'}":38910.000000000,"VehicleId{value='vehicle-17'}":37470.000000000,"VehicleId{value='vehicle-18'}":34270.000000000,"VehicleId{value='vehicle-16'}":37743.000000000,"VehicleId{value='vehicle-6'}":35589.000000000,"VehicleId{value='vehicle-19'}":36329.000000000,"VehicleId{value='vehicle-9'}":34696.000000000,"VehicleId{value='vehicle-2'}":37969.000000000,"VehicleId{value='vehicle-10'}":32266.000000000},"stddevWorkingShifts":2052.857742049095,"shortestWorkingShift":{"VehicleId{value='vehicle-10'}":32266.000000000},"longestWorkingShift":{"VehicleId{value='vehicle-1'}":38910.000000000},"visitsTimeWindowWrong":{"VehicleId{value='vehicle-13'}":{"JobId{value='Shipment-65'}":[2023,10,4,15,24,30]},"VehicleId{value='vehicle-11'}":{"JobId{value='Shipment-98'}":[2023,10,4,12,50,25],"JobId{value='Shipment-71'}":[2023,10,4,18,1,2]},"VehicleId{value='vehicle-0'}":{"JobId{value='Shipment-6'}":[2023,10,4,12,20,40]},"VehicleId{value='vehicle-1'}":{"JobId{value='Shipment-36'}":[2023,10,4,17,53,27]},"VehicleId{value='vehicle-17'}":{"JobId{value='Shipment-31'}":[2023,10,4,17,47,40]},"VehicleId{value='vehicle-18'}":{"JobId{value='Shipment-97'}":[2023,10,4,10,26,6],"JobId{value='Shipment-96'}":[2023,10,4,13,57,28]},"VehicleId{value='vehicle-16'}":{"JobId{value='Shipment-64'}":[2023,10,4,12,30,50]},"VehicleId{value='vehicle-6'}":{"JobId{value='Shipment-74'}":[2023,10,4,17,59,56]},"VehicleId{value='vehicle-19'}":{"JobId{value='Shipment-43'}":[2023,10,4,10,44,33],"JobId{value='Shipment-87'}":[2023,10,4,13,26,50],"JobId{value='Shipment-10'}":[2023,10,4,12,2,58],"JobId{value='Shipment-41'}":[2023,10,4,11,18,50]},"VehicleId{value='vehicle-9'}":{"JobId{value='Shipment-42'}":[2023,10,4,18,2,16]},"VehicleId{value='vehicle-2'}":{},"VehicleId{value='vehicle-10'}":{}},"meanworkingShift":35748.333333333336},"VisualAttractivenessAnalysisResult":{"meanDistanceToGeographicCenter":{"VehicleId{value='vehicle-13'}":35469.234637112975,"VehicleId{value='vehicle-11'}":37328.77837537639,"VehicleId{value='vehicle-0'}":44617.23467881047,"VehicleId{value='vehicle-1'}":41383.94774408226,"VehicleId{value='vehicle-17'}":38922.94675804139,"VehicleId{value='vehicle-18'}":18451.153585409946,"VehicleId{value='vehicle-16'}":52511.33660233226,"VehicleId{value='vehicle-6'}":43300.816930458466,"VehicleId{value='vehicle-19'}":26527.624116593717,"VehicleId{value='vehicle-9'}":27569.03266777784,"VehicleId{value='vehicle-2'}":54616.73810393946,"VehicleId{value='vehicle-10'}":46668.272726787174},"outliersTTBetweenStops":{"VehicleId{value='vehicle-13'}":[3968.000000000],"VehicleId{value='vehicle-11'}":[3621.000000000],"VehicleId{value='vehicle-0'}":[4718.000000000],"VehicleId{value='vehicle-1'}":[4524.000000000],"VehicleId{value='vehicle-17'}":[4705.000000000],"VehicleId{value='vehicle-18'}":[],"VehicleId{value='vehicle-16'}":[7796.000000000],"VehicleId{value='vehicle-6'}":[3858.000000000],"VehicleId{value='vehicle-19'}":[3880.000000000],"VehicleId{value='vehicle-9'}":[0.0,0.0],"VehicleId{value='vehicle-2'}":[3722.000000000],"VehicleId{value='vehicle-10'}":[5814.000000000]},"meanTravelTimeBetweenStops":{"VehicleId{value='vehicle-13'}":1824.000000000,"VehicleId{value='vehicle-11'}":1355.000000000,"VehicleId{value='vehicle-0'}":2095.000000000,"VehicleId{value='vehicle-1'}":1866.000000000,"VehicleId{value='vehicle-17'}":1098.000000000,"VehicleId{value='vehicle-18'}":1565.000000000,"VehicleId{value='vehicle-16'}":1683.000000000,"VehicleId{value='vehicle-6'}":1583.000000000,"VehicleId{value='vehicle-19'}":1414.000000000,"VehicleId{value='vehicle-9'}":1483.000000000,"VehicleId{value='vehicle-2'}":1362.000000000,"VehicleId{value='vehicle-10'}":2205.000000000},"convexHullList":{"VehicleId{value='vehicle-13'}":[{"latitude":50.8409029,"longitude":3.301877},{"latitude":50.7489584,"longitude":3.5580608},{"latitude":50.9425637,"longitude":4.1186855}],"VehicleId{value='vehicle-11'}":[{"latitude":51.0517469,"longitude":4.3747015},{"latitude":50.7934516,"longitude":5.4798223},{"latitude":51.0687294,"longitude":5.6524636}],"VehicleId{value='vehicle-0'}":[{"latitude":51.0934638,"longitude":3.6616145},{"latitude":50.8733287,"longitude":5.5771506}],"VehicleId{value='vehicle-1'}":[{"latitude":50.9692767,"longitude":3.0077293},{"latitude":50.7489584,"longitude":3.5580608},{"latitude":50.8366923,"longitude":5.1463903}],"VehicleId{value='vehicle-17'}":[{"latitude":50.80286,"longitude":3.22838},{"latitude":50.8028581,"longitude":3.2283817},{"latitude":51.1623897,"longitude":4.7596788}],"VehicleId{value='vehicle-18'}":[{"latitude":51.187671,"longitude":4.3839761},{"latitude":50.8221635,"longitude":4.5129798},{"latitude":51.08114,"longitude":4.76921}],"VehicleId{value='vehicle-16'}":[{"latitude":51.0453931,"longitude":3.4729826},{"latitude":50.7804592,"longitude":4.5049404},{"latitude":50.8733287,"longitude":5.5771506}],"VehicleId{value='vehicle-6'}":[{"latitude":51.2236913,"longitude":2.9050904},{"latitude":50.8028581,"longitude":3.2283817},{"latitude":50.8114353,"longitude":4.9238233}],"VehicleId{value='vehicle-19'}":[{"latitude":50.9229037,"longitude":4.0360442},{"latitude":50.9226404,"longitude":4.0775994},{"latitude":50.9435451,"longitude":4.2713292}],"VehicleId{value='vehicle-9'}":[{"latitude":50.8295646,"longitude":4.2533359},{"latitude":50.7804592,"longitude":4.5049404},{"latitude":51.0612214,"longitude":5.3093717}],"VehicleId{value='vehicle-2'}":[{"latitude":51.1314319,"longitude":2.7492307},{"latitude":50.8028581,"longitude":3.2283817},{"latitude":50.8221635,"longitude":4.5129798}],"VehicleId{value='vehicle-10'}":[{"latitude":50.7489584,"longitude":3.5580608},{"latitude":50.7934516,"longitude":5.4798223}]},