{"WorkingShiftAnalysisResult":{"totalWaitingTimeSeconds":15592.000000000,"workingShiftOfEachDriver":{"VehicleId{value='vehicle-12'}":31889.000000000,"VehicleId{value='vehicle-18'}":9208.000000000,"VehicleId{value='vehicle-15'}":22580.000000000,"VehicleId{value='vehicle-7'}":8579.000000000,"VehicleId{value='vehicle-19'}":32271.000000000,"VehicleId{value='vehicle-3'}":33042.000000000,"VehicleId{value='vehicle-4'}":29798.000000000,"VehicleId{value='vehicle-5'}":26454.000000000},"stddevWorkingShifts":10072.982598444783,"shortestWorkingShift":{"VehicleId{value='vehicle-7'}":8579.000000000},"longestWorkingShift":{"VehicleId{value='vehicle-3'}":33042.000000000},"visitsTimeWindowWrong":{"VehicleId{value='vehicle-12'}":{"JobId{value='Shipment-95'}":[2023,10,4,13,24,4]},"VehicleId{value='vehicle-18'}":{"JobId{value='Shipment-46'}":[2023,10,4,9,18,10],"JobId{value='Shipment-2'}":[2023,10,4,9,0],"JobId{value='Shipment-81'}":[2023,10,4,9,56,10]},"VehicleId{value='vehicle-15'}":{"JobId{value='Shipment-47'}":[2023,10,4,10,53,9],"JobId{value='Shipment-68'}":[2023,10,4,10,1,50],"JobId{value='Shipment-27'}":[2023,10,4,12,36,54],"JobId{value='Shipment-6'}":[2023,10,4,10,11,50],"JobId{value='Shipment-30'}":[2023,10,4,12,18,44]},"VehicleId{value='vehicle-7'}":{"JobId{value='Shipment-75'}":[2023,10,4,9,47,36],"JobId{value='Shipment-97'}":[2023,10,4,9,57,36],"JobId{value='Shipment-64'}":[2023,10,4,10,16,1],"JobId{value='Shipment-39'}":[2023,10,4,9,19,4]},"VehicleId{value='vehicle-19'}":{"JobId{value='Shipment-24'}":[2023,10,4,13,13,38]},"VehicleId{value='vehicle-3'}":{"JobId{value='Shipment-70'}":[2023,10,4,13,33]},"VehicleId{value='vehicle-4'}":{"JobId{value='Shipment-40'}":[2023,10,4,13,29,44]},"VehicleId{value='vehicle-5'}":{"JobId{value='Shipment-32'}":[2023,10,4,9,0],"JobId{value='Shipment-31'}":[2023,10,4,11,46,53],"JobId{value='Shipment-61'}":[2023,10,4,11,36,53],"JobId{value='Shipment-72'}":[2023,10,4,12,23,59],"JobId{value='Shipment-83'}":[2023,10,4,13,7,24],"JobId{value='Shipment-17'}":[2023,10,4,11,8,2]}},"meanworkingShift":24227.625},"VisualAttractivenessAnalysisResult":{"meanDistanceToGeographicCenter":{"VehicleId{value='vehicle-12'}":2572.0608272851837,"VehicleId{value='vehicle-18'}":3053.675542009073,"VehicleId{value='vehicle-15'}":3286.081897078228,"VehicleId{value='vehicle-7'}":1723.4465063028094,"VehicleId{value='vehicle-19'}":3226.5258230399922,"VehicleId{value='vehicle-3'}":3029.569142700268,"VehicleId{value='vehicle-4'}":2743.385099227562,"VehicleId{value='vehicle-5'}":2513.337823826069},"outliersTTBetweenStops":{"VehicleId{value='vehicle-12'}":[1443.000000000,993.000000000],"VehicleId{value='vehicle-18'}":[1518.000000000],"VehicleId{value='vehicle-15'}":[1016.000000000],"VehicleId{value='vehicle-7'}":[],"VehicleId{value='vehicle-19'}":[802.000000000],"VehicleId{value='vehicle-3'}":[977.000000000,1069.000000000,783.000000000],"VehicleId{value='vehicle-4'}":[1067.000000000,952.000000000,843.000000000],"VehicleId{value='vehicle-5'}":[768.000000000,778.000000000]},"meanTravelTimeBetweenStops":{"VehicleId{value='vehicle-12'}":230.000000000,"VehicleId{value='vehicle-18'}":489.000000000,"VehicleId{value='vehicle-15'}":389.000000000,"VehicleId{value='vehicle-7'}":234.000000000,"VehicleId{value='vehicle-19'}":276.000000000,"VehicleId{value='vehicle-3'}":285.000000000,"VehicleId{value='vehicle-4'}":252.000000000,"VehicleId{value='vehicle-5'}":260.000000000},"convexHullList":{"VehicleId{value='vehicle-12'}":[{"latitude":50.8098048,"longitude":4.3304861},{"latitude":50.8096398,"longitude":4.3609198},{"latitude":50.8267365,"longitude":4.3880832}],"VehicleId{value='vehicle-18'}":[{"latitude":50.8134482,"longitude":4.339763},{"latitude":50.840285,"longitude":4.4604674}],"VehicleId{value='vehicle-15'}":[{"latitude":50.8524768,"longitude":4.3060403},{"latitude":50.7930901,"longitude":4.3665531},{"latitude":50.7990812,"longitude":4.4023557}],"VehicleId{value='vehicle-7'}":[{"latitude":50.8746407,"longitude":4.3160418},{"latitude":50.8581921,"longitude":4.3581571},{"latitude":50.8695911,"longitude":4.372503}],"VehicleId{value='vehicle-19'}":[{"latitude":50.8078692,"longitude":4.3225852},{"latitude":50.7930901,"longitude":4.3665531},{"latitude":50.8024543,"longitude":4.394414}],"VehicleId{value='vehicle-3'}":[{"latitude":50.8024543,"longitude":4.394414},{"latitude":50.7968999,"longitude":4.4182689}],"VehicleId{value='vehicle-4'}":[{"latitude":50.8124705,"longitude":4.3191186},{"latitude":50.8096398,"longitude":4.3609198},{"latitude":50.8489263,"longitude":4.4086401}],"VehicleId{value='vehicle-5'}":[{"latitude":50.8687051,"longitude":4.3104796},{"latitude":50.8004303,"longitude":4.3363096},{"latitude":50.8261082,"longitude":4.3807309}]},