{"WorkingShiftAnalysisResult":{"totalWaitingTimeSeconds":1059.000000000,"workingShiftOfEachDriver":{"VehicleId{value='vehicle-0'}":33797.000000000,"VehicleId{value='vehicle-1'}":34947.000000000,"VehicleId{value='vehicle-6'}":33749.000000000,"VehicleId{value='vehicle-7'}":33140.000000000,"VehicleId{value='vehicle-8'}":32776.000000000,"VehicleId{value='vehicle-9'}":33127.000000000,"VehicleId{value='vehicle-2'}":34537.000000000,"VehicleId{value='vehicle-3'}":34585.000000000,"VehicleId{value='vehicle-4'}":34669.000000000,"VehicleId{value='vehicle-5'}":33851.000000000},"stddevWorkingShifts":747.8649610725188,"shortestWorkingShift":{"VehicleId{value='vehicle-8'}":32776.000000000},"longestWorkingShift":{"VehicleId{value='vehicle-1'}":34947.000000000},"visitsTimeWindowWrong":{"VehicleId{value='vehicle-0'}":{},"VehicleId{value='vehicle-1'}":{},"VehicleId{value='vehicle-6'}":{},"VehicleId{value='vehicle-7'}":{},"VehicleId{value='vehicle-8'}":{},"VehicleId{value='vehicle-9'}":{},"VehicleId{value='vehicle-2'}":{},"VehicleId{value='vehicle-3'}":{},"VehicleId{value='vehicle-4'}":{},"VehicleId{value='vehicle-5'}":{}},"meanworkingShift":33917.8},"VisualAttractivenessAnalysisResult":{"meanDistanceToGeographicCenter":{"VehicleId{value='vehicle-0'}":36104.71283986907,"VehicleId{value='vehicle-1'}":52219.09124412258,"VehicleId{value='vehicle-6'}":28819.185584110146,"VehicleId{value='vehicle-7'}":22719.253090932598,"VehicleId{value='vehicle-8'}":65813.3018668471,"VehicleId{value='vehicle-9'}":16795.526436966065,"VehicleId{value='vehicle-2'}":41241.52780833241,"VehicleId{value='vehicle-3'}":30267.719671792445,"VehicleId{value='vehicle-4'}":25979.15987680074,"VehicleId{value='vehicle-5'}":62770.52088761996},"outliersTTBetweenStops":{"VehicleId{value='vehicle-0'}":[3707.000000000],"VehicleId{value='vehicle-1'}":[3231.000000000],"VehicleId{value='vehicle-6'}":[3506.000000000],"VehicleId{value='vehicle-7'}":[4489.000000000],"VehicleId{value='vehicle-8'}":[6495.000000000],"VehicleId{value='vehicle-9'}":[2447.000000000,2201.000000000,2291.000000000],"VehicleId{value='vehicle-2'}":[5175.000000000],"VehicleId{value='vehicle-3'}":[2725.000000000],"VehicleId{value='vehicle-4'}":[4106.000000000,3713.000000000],"VehicleId{value='vehicle-5'}":[5861.000000000]},"meanTravelTimeBetweenStops":{"VehicleId{value='vehicle-0'}":1210.000000000,"VehicleId{value='vehicle-1'}":1240.000000000,"VehicleId{value='vehicle-6'}":1035.000000000,"VehicleId{value='vehicle-7'}":1626.000000000,"VehicleId{value='vehicle-8'}":1625.000000000,"VehicleId{value='vehicle-9'}":749.000000000,"VehicleId{value='vehicle-2'}":1073.000000000,"VehicleId{value='vehicle-3'}":1244.000000000,"VehicleId{value='vehicle-4'}":1256.000000000,"VehicleId{value='vehicle-5'}":1696.000000000},"convexHullList":{"VehicleId{value='vehicle-0'}":[{"latitude":50.8980342,"longitude":3.9807746},{"latitude":50.8791349,"longitude":4.1266233},{"latitude":50.9839041,"longitude":5.0491147}],"VehicleId{value='vehicle-1'}":[{"latitude":50.8505033,"longitude":2.7430732},{"latitude":50.806108,"longitude":3.1572825},{"latitude":51.2870573,"longitude":4.8428816}],"VehicleId{value='vehicle-6'}":[{"latitude":50.9730258,"longitude":3.0169118},{"latitude":50.8097736,"longitude":3.3459702},{"latitude":51.2088779,"longitude":4.4524109}],"VehicleId{value='vehicle-7'}":[{"latitude":51.2076197,"longitude":3.2353058},{"latitude":50.9855256,"longitude":3.9333917},{"latitude":51.1994453,"longitude":4.4290673}],"VehicleId{value='vehicle-8'}":[{"latitude":50.806108,"longitude":3.1572825},{"latitude":50.8049211,"longitude":5.4252956}],"VehicleId{value='vehicle-9'}":[{"latitude":51.0046493,"longitude":4.100663},{"latitude":50.9668199,"longitude":4.4642058},{"latitude":51.1675435,"longitude":4.8063456}],"VehicleId{value='vehicle-2'}":[{"latitude":50.8610507,"longitude":3.3472777},{"latitude":50.7891302,"longitude":4.4865497},{"latitude":50.874347,"longitude":4.6868689}],"VehicleId{value='vehicle-3'}":[{"latitude":50.7800503,"longitude":5.2183563},{"latitude":50.7768542,"longitude":5.4570565},{"latitude":50.836149,"longitude":5.5209522}],"VehicleId{value='vehicle-4'}":[{"latitude":51.0751666,"longitude":4.7916841},{"latitude":50.858583,"longitude":5.386011},{"latitude":50.8829515,"longitude":5.61855}],"VehicleId{value='vehicle-5'}":[{"latitude":51.0956197,"longitude":2.5894469},{"latitude":50.9839041,"longitude":5.0491147},{"latitude":50.9854543,"longitude":5.6927987}]},