{"WorkingShiftAnalysisResult":{"totalWaitingTimeSeconds":5340.000000000,"workingShiftOfEachDriver":{"VehicleId{value='vehicle-0'}":35069.000000000,"VehicleId{value='vehicle-1'}":35030.000000000,"VehicleId{value='vehicle-2'}":35687.000000000,"VehicleId{value='vehicle-3'}":35540.000000000,"VehicleId{value='vehicle-4'}":35210.000000000},"stddevWorkingShifts":292.1776000996654,"shortestWorkingShift":{"VehicleId{value='vehicle-1'}":35030.000000000},"longestWorkingShift":{"VehicleId{value='vehicle-2'}":35687.000000000},"visitsTimeWindowWrong":{"VehicleId{value='vehicle-0'}":{"JobId{value='Visit77'}":[2023,10,4,10,45,49],"JobId{value='Visit88'}":[2023,10,4,11,38,34],"JobId{value='Visit22'}":[2023,10,4,16,52,19],"JobId{value='Visit78'}":[2023,10,4,12,51,44],"JobId{value='Visit129'}":[2023,10,4,13,35,42],"JobId{value='Visit21'}":[2023,10,4,9,21,58],"JobId{value='Visit59'}":[2023,10,4,12,1,8],"JobId{value='Visit26'}":[2023,10,4,15,46,28],"JobId{value='Visit105'}":[2023,10,4,9,54,3],"JobId{value='Visit14'}":[2023,10,4,14,25,15],"JobId{value='Visit111'}":[2023,10,4,14,50,24],"JobId{value='Visit110'}":[2023,10,4,10,26,28],"JobId{value='Visit187'}":[2023,10,4,11,1,35],"JobId{value='Visit51'}":[2023,10,4,16,21,19],"JobId{value='Visit150'}":[2023,10,4,15,9,12],"JobId{value='Visit83'}":[2023,10,4,12,28,7],"JobId{value='Visit72'}":[2023,10,4,17,13],"JobId{value='Visit193'}":[2023,10,4,17,29,57],"JobId{value='Visit181'}":[2023,10,4,9,0]},"VehicleId{value='vehicle-1'}":{"JobId{value='Visit33'}":[2023,10,4,15,53,6],"JobId{value='Visit89'}":[2023,10,4,14,42,20],"JobId{value='Visit42'}":[2023,10,4,10,31,44],"JobId{value='Visit86'}":[2023,10,4,12,42,5],"JobId{value='Visit37'}":[2023,10,4,10,16,39],"JobId{value='Visit159'}":[2023,10,4,13,24,15],"JobId{value='Visit126'}":[2023,10,4,14,30,42],"JobId{value='Visit27'}":[2023,10,4,11,30,29],"JobId{value='Visit139'}":[2023,10,4,11,7,6],"JobId{value='Visit80'}":[2023,10,4,15,10],"JobId{value='Visit177'}":[2023,10,4,15,33,55],"JobId{value='Visit92'}":[2023,10,4,13,41,41],"JobId{value='Visit135'}":[2023,10,4,9,51,37],"JobId{value='Visit113'}":[2023,10,4,14,13,22],"JobId{value='Visit195'}":[2023,10,4,9,10],"JobId{value='Visit30'}":[2023,10,4,16,16,45],"JobId{value='Visit71'}":[2023,10,4,17,30,30],"JobId{value='Visit197'}":[2023,10,4,17,43,23],"JobId{value='Visit8'}":[2023,10,4,12,57,42],"JobId{value='Visit160'}":[2023,10,4,16,38,10],"JobId{value='Visit9'}":[2023,10,4,17,12,25],"JobId{value='Visit6'}":[2023,10,4,11,55,51],"JobId{value='Visit1'}":[2023,10,4,9,0]},"VehicleId{value='vehicle-2'}":{"JobId{value='Visit56'}":[2023,10,4,12,40,36],"JobId{value='Visit23'}":[2023,10,4,17,38,23],"JobId{value='Visit53'}":[2023,10,4,10,11,15],"JobId{value='Visit20'}":[2023,10,4,15,52,54],"JobId{value='Visit109'}":[2023,10,4,14,16,2],"JobId{value='Visit65'}":[2023,10,4,17,11,27],"JobId{value='Visit137'}":[2023,10,4,10,57,57],"JobId{value='Visit104'}":[2023,10,4,12,8,56],"JobId{value='Visit136'}":[2023,10,4,10,29,8],"JobId{value='Visit70'}":[2023,10,4,9,10],"JobId{value='Visit143'}":[2023,10,4,16,41,45],"JobId{value='Visit102'}":[2023,10,4,15,15,18],"JobId{value='Visit151'}":[2023,10,4,13,44,55],"JobId{value='Visit164'}":[2023,10,4,14,4,6],"JobId{value='Visit174'}":[2023,10,4,11,38,54],"JobId{value='Visit2'}":[2023,10,4,9,0],"JobId{value='Visit28'}":[2023,10,4,14,58,3],"JobId{value='Visit18'}":[2023,10,4,16,21,17]},"VehicleId{value='vehicle-3'}":{"JobId{value='Visit108'}":[2023,10,4,12,8,17],"JobId{value='Visit64'}":[2023,10,4,12,36,33],"JobId{value='Visit54'}":[2023,10,4,13,46,2],"JobId{value='Visit32'}":[2023,10,4,16,6,37],"JobId{value='Visit103'}":[2023,10,4,9,0],"JobId{value='Visit125'}":[2023,10,4,15,6,11],"JobId{value='Visit158'}":[2023,10,4,15,19,22],"JobId{value='Visit24'}":[2023,10,4,9,31,47],"JobId{value='Visit68'}":[2023,10,4,11,2,9],"JobId{value='Visit47'}":[2023,10,4,11,36,45],"JobId{value='Visit138'}":[2023,10,4,16,24,59],"JobId{value='Visit112'}":[2023,10,4,17,32,38],"JobId{value='Visit73'}":[2023,10,4,17,22,8],"JobId{value='Visit96'}":[2023,10,4,15,43,45],"JobId{value='Visit186'}":[2023,10,4,10,30,55],"JobId{value='Visit60'}":[2023,10,4,16,43,51],"JobId{value='Visit94'}":[2023,10,4,13,4,53],"JobId{value='Visit196'}":[2023,10,4,14,20,32],"JobId{value='Visit185'}":[2023,10,4,14,37,15],"JobId{value='Visit152'}":[2023,10,4,14,49,47],"JobId{value='Visit192'}":[2023,10,4,10,47,54]},"VehicleId{value='vehicle-4'}":{"JobId{value='Visit66'}":[2023,10,4,9,10],"JobId{value='Visit34'}":[2023,10,4,13,4,51],"JobId{value='Visit31'}":[2023,10,4,10,3,31],"JobId{value='Visit10'}":[2023,10,4,16,37,29],"JobId{value='Visit49'}":[2023,10,4,10,58,10],"JobId{value='Visit35'}":[2023,10,4,11,25,52],"JobId{value='Visit25'}":[2023,10,4,14,22,59],"JobId{value='Visit116'}":[2023,10,4,15,44,3],"JobId{value='Visit149'}":[2023,10,4,15,58,39],"JobId{value='Visit166'}":[2023,10,4,13,38,11],"JobId{value='Visit91'}":[2023,10,4,17,0,59],"JobId{value='Visit198'}":[2023,10,4,15,0,35],"JobId{value='Visit179'}":[2023,10,4,14,37],"JobId{value='Visit145'}":[2023,10,4,9,43,42],"JobId{value='Visit162'}":[2023,10,4,12,47,24],"JobId{value='Visit161'}":[2023,10,4,11,57,38],"JobId{value='Visit63'}":[2023,10,4,13,26,56],"JobId{value='Visit141'}":[2023,10,4,10,36,33],"JobId{value='Visit7'}":[2023,10,4,15,22,45],"JobId{value='Visit4'}":[2023,10,4,9,0]}},"meanworkingShift":35307.2},"VisualAttractivenessAnalysisResult":{"meanDistanceToGeographicCenter":{"VehicleId{value='vehicle-0'}":20755.242989220005,"VehicleId{value='vehicle-1'}":17196.165265848143,"VehicleId{value='vehicle-2'}":18104.75512471502,"VehicleId{value='vehicle-3'}":17163.173169670587,"VehicleId{value='vehicle-4'}":32538.230219538626},"outliersTTBetweenStops":{"VehicleId{value='vehicle-0'}":[2373.000000000,2064.000000000],"VehicleId{value='vehicle-1'}":[1897.000000000,2174.000000000],"VehicleId{value='vehicle-2'}":[0.0,1921.000000000],"VehicleId{value='vehicle-3'}":[2177.000000000],"VehicleId{value='vehicle-4'}":[3094.000000000]},"meanTravelTimeBetweenStops":{"VehicleId{value='vehicle-0'}":924.000000000,"VehicleId{value='vehicle-1'}":747.000000000,"VehicleId{value='vehicle-2'}":951.000000000,"VehicleId{value='vehicle-3'}":821.000000000,"VehicleId{value='vehicle-4'}":1076.000000000},"convexHullList":{"VehicleId{value='vehicle-0'}":[{"latitude":50.9307393,"longitude":3.1360627},{"latitude":50.9072203,"longitude":3.4018919},{"latitude":51.0045037,"longitude":3.8812986}],"VehicleId{value='vehicle-1'}":[{"latitude":50.8985984,"longitude":3.9278261},{"latitude":50.7326619,"longitude":4.2403646},{"latitude":50.8234747,"longitude":4.6550763}],"VehicleId{value='vehicle-2'}":[{"latitude":51.0978181,"longitude":4.9022519},{"latitude":50.7486701,"longitude":5.3030592},{"latitude":50.7813983,"longitude":5.4682876}],"VehicleId{value='vehicle-3'}":[{"latitude":51.1740501,"longitude":4.4219722},{"latitude":51.02864,"longitude":4.471616},{"latitude":51.1778444,"longitude":5.0890048}],"VehicleId{value='vehicle-4'}":[{"latitude":51.092752,"longitude":3.4475723},{"latitude":51.0194171,"longitude":3.6966969},{"latitude":51.126596,"longitude":4.4558699}]},"visitsCloserToOtherCenterOfGravity":[[["START","Visit108","END"],["vehicle-2","vehicle-1","vehicle-2"]],[["START","Visit4","Visit66","Visit145","Visit31","Visit141","Visit49","Visit35","Visit166","Visit25","Visit179","Visit198","Visit7","Visit116","END"],["vehicle-0","vehicle-0","vehicle-0","vehicle-0","vehicle-0","vehicle-0","vehicle-0","vehicle-0","vehicle-1","vehicle-1","vehicle-1","vehicle-1","vehicle-1","vehicle-1","vehicle-0"]],[[],[]],[[],[]],[[],[]]],"meanDistanceToConvexHull":{"VehicleId{value='vehicle-0'}":15442.230903419293,"VehicleId{value='vehicle-1'}":15446.760525411783,"VehicleId{value='vehicle-2'}":4996.6641972161715,"VehicleId{value='vehicle-3'}":13036.800526511557,"VehicleId{value='vehicle-4'}":25288.10371734798}},"RouteCompositionAnalysisResult":{"numberOfRoutes":5,"stopsLongestRoute":26,"stopsShortestRoute":21,"meanStops":23.6,"stdDevStops":1.7435595774162693,