{"WorkingShiftAnalysisResult":{"totalWaitingTimeSeconds":2850.000000000,"workingShiftOfEachDriver":{"VehicleId{value='vehicle-11'}":31520.000000000,"VehicleId{value='vehicle-1'}":33835.000000000,"VehicleId{value='vehicle-18'}":32188.000000000,"VehicleId{value='vehicle-15'}":36888.000000000,"VehicleId{value='vehicle-7'}":35296.000000000,"VehicleId{value='vehicle-19'}":27222.000000000,"VehicleId{value='vehicle-2'}":1264.000000000,"VehicleId{value='vehicle-3'}":37519.000000000,"VehicleId{value='vehicle-10'}":37501.000000000,"VehicleId{value='vehicle-5'}":36551.000000000},"stddevWorkingShifts":10938.796439990807,"shortestWorkingShift":{"VehicleId{value='vehicle-2'}":1264.000000000},"longestWorkingShift":{"VehicleId{value='vehicle-3'}":37519.000000000},"visitsTimeWindowWrong":{"VehicleId{value='vehicle-11'}":{"JobId{value='Visit172'}":[2023,10,4,12,24,8]},"VehicleId{value='vehicle-1'}":{"JobId{value='Visit121'}":[2023,10,4,17,38,6]},"VehicleId{value='vehicle-18'}":{},"VehicleId{value='vehicle-15'}":{"JobId{value='Visit182'}":[2023,10,4,18,8,22]},"VehicleId{value='vehicle-7'}":{},"VehicleId{value='vehicle-19'}":{"JobId{value='Visit125'}":[2023,10,4,13,0,51]},"VehicleId{value='vehicle-2'}":{},"VehicleId{value='vehicle-3'}":{"JobId{value='Visit192'}":[2023,10,4,18,12,51]},"VehicleId{value='vehicle-10'}":{"JobId{value='Visit134'}":[2023,10,4,17,57,39]},"VehicleId{value='vehicle-5'}":{"JobId{value='Visit5'}":[2023,10,4,18,18,7]}},"meanworkingShift":30978.4},"VisualAttractivenessAnalysisResult":{"meanDistanceToGeographicCenter":{"VehicleId{value='vehicle-11'}":6668.593326218358,"VehicleId{value='vehicle-1'}":20089.005445847753,"VehicleId{value='vehicle-18'}":13582.668196968507,"VehicleId{value='vehicle-15'}":15358.306009565882,"VehicleId{value='vehicle-7'}":14772.067200063011,"VehicleId{value='vehicle-19'}":21033.66310250453,"VehicleId{value='vehicle-2'}":0.13475536331643603,"VehicleId{value='vehicle-3'}":16833.398299834163,"VehicleId{value='vehicle-10'}":23212.946710814773,"VehicleId{value='vehicle-5'}":16073.15346418764},"outliersTTBetweenStops":{"VehicleId{value='vehicle-11'}":[1803.000000000,1955.000000000],"VehicleId{value='vehicle-1'}":[0.0,2154.000000000,2239.000000000],"VehicleId{value='vehicle-18'}":[2025.000000000,1808.000000000],"VehicleId{value='vehicle-15'}":[2588.000000000],"VehicleId{value='vehicle-7'}":[2120.000000000],"VehicleId{value='vehicle-19'}":[2151.000000000],"VehicleId{value='vehicle-2'}":[],"VehicleId{value='vehicle-3'}":[1995.000000000],"VehicleId{value='vehicle-10'}":[2659.000000000,0.0],"VehicleId{value='vehicle-5'}":[2732.000000000]},"meanTravelTimeBetweenStops":{"VehicleId{value='vehicle-11'}":567.000000000,"VehicleId{value='vehicle-1'}":1011.000000000,"VehicleId{value='vehicle-18'}":799.000000000,"VehicleId{value='vehicle-15'}":1003.000000000,"VehicleId{value='vehicle-7'}":660.000000000,"VehicleId{value='vehicle-19'}":1001.000000000,"VehicleId{value='vehicle-2'}":32.000000000,"VehicleId{value='vehicle-3'}":900.000000000,"VehicleId{value='vehicle-10'}":1104.000000000,"VehicleId{value='vehicle-5'}":1140.000000000},"convexHullList":{"VehicleId{value='vehicle-11'}":[{"latitude":51.2031027,"longitude":4.3372324},{"latitude":51.1754,"longitude":4.3586539},{"latitude":51.1813917,"longitude":4.3848889}],"VehicleId{value='vehicle-1'}":[{"latitude":50.845238,"longitude":4.4690396},{"latitude":50.7857909,"longitude":4.4799644},{"latitude":50.8076828,"longitude":4.9265168}],"VehicleId{value='vehicle-18'}":[{"latitude":50.8650111,"longitude":5.2665985},{"latitude":50.7552667,"longitude":5.4980421},{"latitude":50.901135,"longitude":5.6318719}],"VehicleId{value='vehicle-15'}":[{"latitude":51.069618,"longitude":4.6968412},{"latitude":51.0405064,"longitude":4.80576},{"latitude":51.0608052,"longitude":4.8423494}],"VehicleId{value='vehicle-7'}":[{"latitude":50.9236432,"longitude":4.0049184},{"latitude":50.8966109,"longitude":4.1915661},{"latitude":51.009001,"longitude":4.3564805}],"VehicleId{value='vehicle-19'}":[{"latitude":51.0017868,"longitude":3.4355171},{"latitude":51.1322591,"longitude":4.288579}],"VehicleId{value='vehicle-2'}":[{"latitude":51.0983288,"longitude":2.5836761},{"latitude":51.09833,"longitude":2.58368}],"VehicleId{value='vehicle-3'}":[{"latitude":51.1694338,"longitude":2.7773053},{"latitude":50.8811675,"longitude":3.0006437},{"latitude":50.9432324,"longitude":3.1207591}],"VehicleId{value='vehicle-10'}":[{"latitude":50.79749,"longitude":3.1211596},{"latitude":50.7139795,"longitude":3.9340025},{"latitude":50.7857011,"longitude":4.050489}],"VehicleId{value='vehicle-5'}":[{"latitude":50.7565054,"longitude":4.0246795},{"latitude":50.7347731,"longitude":4.2316708},{"latitude":50.86318,"longitude":4.69495}]},"visitsCloserToOtherCenterOfGravity":[[[],[]],[["Route start for vehicle-19","Visit19","Visit105","Visit105","Visit105","Visit105","Visit9","Visit41","Visit12","Visit12","Visit125","Visit125","Route end for vehicle-19"],["vehicle-7","vehicle-7","vehicle-7","vehicle-15","vehicle-11","vehicle-5","vehicle-11","vehicle-11","vehicle-3","vehicle-10","vehicle-3","vehicle-10","vehicle-7"]],[["Visit95","Visit60","Visit39","Visit77","Visit56","Visit177","Visit177"],["vehicle-5","vehicle-5","vehicle-5","vehicle-5","vehicle-5","vehicle-11","vehicle-5"]],[["Visit47","Visit109","Visit72","Visit71","Visit84","Visit62","Visit73","Visit182"],["vehicle-11","vehicle-11","vehicle-11","vehicle-11","vehicle-1","vehicle-1","vehicle-11","vehicle-11"]],[[],[]],[["Visit74"],["vehicle-1"]],[[],[]],[[],[]],[["Visit93","Visit46"],["vehicle-10","vehicle-10"]],[[],[]]],"meanDistanceToConvexHull":{"VehicleId{value='vehicle-11'}":2534.038169869685,"VehicleId{value='vehicle-1'}":12424.526720909193,"VehicleId{value='vehicle-18'}":11903.193800816065,"VehicleId{value='vehicle-15'}":5397.2131184021555,"VehicleId{value='vehicle-7'}":15852.93886764557,"VehicleId{value='vehicle-19'}":39814.97506619226,"VehicleId{value='vehicle-2'}":0.0,"VehicleId{value='vehicle-3'}":14661.53926621145,"VehicleId{value='vehicle-10'}":21155.565688235718,"VehicleId{value='vehicle-5'}":7263.818493675359}},"RouteCompositionAnalysisResult":{"numberOfRoutes":10,"stopsLongestRoute":28,"stopsShortestRoute":2,"meanStops":20.9,"stdDevStops":6.977822009767804,"totalDistanceMeters":2172783,"unassignedJobs":[{"value":"Visit190"}],"failureRate":0.004761904761904762,"runTime":52539},"CargoAnalysisResult":{"totalLoadKgs":null,"totalLoadVolume":null,"biggestLoad":null,"biggestLoadVolume":null,"smallestLoad":null,"smallestLoadVolume":null,"meanLoad":0.0,"meanLoadVolume":0.0,"stdDevLoad":null,"maxRelativeLoad":null}}