{"WorkingShiftAnalysisResult":{"totalWaitingTimeSeconds":30815.000000000,"workingShiftOfEachDriver":{"VehicleId{value='vehicle-6'}":1941.000000000,"VehicleId{value='vehicle-7'}":24380.000000000,"VehicleId{value='vehicle-8'}":29135.000000000,"VehicleId{value='vehicle-9'}":1200.000000000,"VehicleId{value='vehicle-2'}":1200.000000000,"VehicleId{value='vehicle-10'}":18340.000000000,"VehicleId{value='vehicle-3'}":26932.000000000,"VehicleId{value='vehicle-4'}":3231.000000000,"VehicleId{value='vehicle-5'}":27701.000000000,"VehicleId{value='vehicle-13'}":1200.000000000,"VehicleId{value='vehicle-14'}":5288.000000000,"VehicleId{value='vehicle-0'}":5261.000000000,"VehicleId{value='vehicle-11'}":32790.000000000,"VehicleId{value='vehicle-1'}":8558.000000000,"VehicleId{value='vehicle-12'}":4160.000000000,"VehicleId{value='vehicle-17'}":3170.000000000,"VehicleId{value='vehicle-18'}":22743.000000000,"VehicleId{value='vehicle-15'}":32566.000000000,"VehicleId{value='vehicle-16'}":21209.000000000,"VehicleId{value='vehicle-19'}":21872.000000000},"stddevWorkingShifts":12007.365610105193,"shortestWorkingShift":{"VehicleId{value='vehicle-9'}":1200.000000000},"longestWorkingShift":{"VehicleId{value='vehicle-11'}":32790.000000000},"visitsTimeWindowWrong":{"VehicleId{value='vehicle-6'}":{"JobId{value='Visit55'}":[2023,10,4,9,0]},"VehicleId{value='vehicle-7'}":{"JobId{value='Visit114'}":[2023,10,4,11,58,45],"JobId{value='Visit24'}":[2023,10,4,10,29,57],"JobId{value='Visit198'}":[2023,10,4,14,11,21]},"VehicleId{value='vehicle-8'}":{"JobId{value='Visit28'}":[2023,10,4,14,14,39],"JobId{value='Visit140'}":[2023,10,4,13,15]},"VehicleId{value='vehicle-9'}":{"JobId{value='Visit9'}":[2023,10,4,9,0]},"VehicleId{value='vehicle-2'}":{"JobId{value='Visit2'}":[2023,10,4,9,0]},"VehicleId{value='vehicle-10'}":{"JobId{value='Visit100'}":[2023,10,4,10,56],"JobId{value='Visit183'}":[2023,10,4,13,15]},"VehicleId{value='vehicle-3'}":{"JobId{value='Visit180'}":[2023,10,4,11,40,7]},"VehicleId{value='vehicle-4'}":{},"VehicleId{value='vehicle-5'}":{"JobId{value='Visit129'}":[2023,10,4,14,37,41]},"VehicleId{value='vehicle-13'}":{},"VehicleId{value='vehicle-14'}":{},"VehicleId{value='vehicle-0'}":{"JobId{value='Visit102'}":[2023,10,4,9,17,43],"JobId{value='Visit0'}":[2023,10,4,10,0,35]},"VehicleId{value='vehicle-11'}":{"JobId{value='Visit107'}":[2023,10,4,17,54,5],"JobId{value='Visit97'}":[2023,10,4,19,7,17],"JobId{value='Visit116'}":[2023,10,4,18,28,31],"JobId{value='Visit25'}":[2023,10,4,18,48,58],"JobId{value='Visit165'}":[2023,10,4,15,5,54],"JobId{value='Visit29'}":[2023,10,4,18,10,11]},"VehicleId{value='vehicle-1'}":{"JobId{value='Visit199'}":[2023,10,4,9,21,32],"JobId{value='Visit143'}":[2023,10,4,9,50,59]},"VehicleId{value='vehicle-12'}":{"JobId{value='Visit125'}":[2023,10,4,9,10]},"VehicleId{value='vehicle-17'}":{"JobId{value='Visit17'}":[2023,10,4,9,0]},"VehicleId{value='vehicle-18'}":{"JobId{value='Visit89'}":[2023,10,4,11,15,1]},"VehicleId{value='vehicle-15'}":{"JobId{value='Visit15'}":[2023,10,4,18,12,14],"JobId{value='Visit146'}":[2023,10,4,14,29,35],"JobId{value='Visit145'}":[2023,10,4,9,36,46]},"VehicleId{value='vehicle-16'}":{"JobId{value='Visit34'}":[2023,10,4,13,15],"JobId{value='Visit49'}":[2023,10,4,10,31,22],"JobId{value='Visit117'}":[2023,10,4,11,55,39]},"VehicleId{value='vehicle-19'}":{"JobId{value='Visit77'}":[2023,10,4,15,42,52],"JobId{value='Visit177'}":[2023,10,4,14,48,10],"JobId{value='Visit113'}":[2023,10,4,13,28,29],"JobId{value='Visit82'}":[2023,10,4,13,15],"JobId{value='Visit163'}":[2023,10,4,14,12,58]}},"meanworkingShift":14643.85},"VisualAttractivenessAnalysisResult":{"meanDistanceToGeographicCenter":{"VehicleId{value='vehicle-6'}":71.90473098146849,"VehicleId{value='vehicle-7'}":11744.933816711598,"VehicleId{value='vehicle-8'}":13634.569966690193,"VehicleId{value='vehicle-9'}":0.0,"VehicleId{value='vehicle-2'}":0.0,"VehicleId{value='vehicle-10'}":10808.581395073525,"VehicleId{value='vehicle-3'}":13570.573330192008,"VehicleId{value='vehicle-4'}":2847.0174557778355,"VehicleId{value='vehicle-5'}":19059.314301479502,"VehicleId{value='vehicle-13'}":0.0,"VehicleId{value='vehicle-14'}":2693.781630530773,"VehicleId{value='vehicle-0'}":2297.538360409261,"VehicleId{value='vehicle-11'}":13401.929128470636,"VehicleId{value='vehicle-1'}":4588.459045372081,"VehicleId{value='vehicle-12'}":3395.671256404349,"VehicleId{value='vehicle-17'}":2132.3277466084296,"VehicleId{value='vehicle-18'}":11041.317988417351,"VehicleId{value='vehicle-15'}":19348.536789646547,"VehicleId{value='vehicle-16'}":12171.53752732279,"VehicleId{value='vehicle-19'}":9574.401570993068},"outliersTTBetweenStops":{"VehicleId{value='vehicle-6'}":[],"VehicleId{value='vehicle-7'}":[],"VehicleId{value='vehicle-8'}":[1952.000000000,1583.000000000,1702.000000000],"VehicleId{value='vehicle-9'}":[],"VehicleId{value='vehicle-2'}":[],"VehicleId{value='vehicle-10'}":[0.0],"VehicleId{value='vehicle-3'}":[1818.000000000],"VehicleId{value='vehicle-4'}":[],"VehicleId{value='vehicle-5'}":[2146.000000000,2385.000000000],"VehicleId{value='vehicle-13'}":[],"VehicleId{value='vehicle-14'}":[],"VehicleId{value='vehicle-0'}":[],"VehicleId{value='vehicle-11'}":[2009.000000000,1965.000000000],"VehicleId{value='vehicle-1'}":[],"VehicleId{value='vehicle-12'}":[],"VehicleId{value='vehicle-17'}":[],"VehicleId{value='vehicle-18'}":[],"VehicleId{value='vehicle-15'}":[1861.000000000,1878.000000000,0.0],"VehicleId{value='vehicle-16'}":[],"VehicleId{value='vehicle-19'}":[1771.000000000]},"meanTravelTimeBetweenStops":{"VehicleId{value='vehicle-6'}":47.000000000,"VehicleId{value='vehicle-7'}":923.000000000,"VehicleId{value='vehicle-8'}":666.000000000,"VehicleId{value='vehicle-9'}":0.0,"VehicleId{value='vehicle-2'}":0.0,"VehicleId{value='vehicle-10'}":710.000000000,"VehicleId{value='vehicle-3'}":817.000000000,"VehicleId{value='vehicle-4'}":477.000000000,"VehicleId{value='vehicle-5'}":938.000000000,"VehicleId{value='vehicle-13'}":0.0,"VehicleId{value='vehicle-14'}":457.000000000,"VehicleId{value='vehicle-0'}":452.000000000,"VehicleId{value='vehicle-11'}":825.000000000,"VehicleId{value='vehicle-1'}":622.000000000,"VehicleId{value='vehicle-12'}":440.000000000,"VehicleId{value='vehicle-17'}":456.000000000,"VehicleId{value='vehicle-18'}":821.000000000,"VehicleId{value='vehicle-15'}":950.000000000,"VehicleId{value='vehicle-16'}":914.000000000,"VehicleId{value='vehicle-19'}":551.000000000},"convexHullList":{"VehicleId{value='vehicle-6'}":[{"latitude":51.1826589,"longitude":3.5703463},{"latitude":51.1843468,"longitude":3.5709123}],"VehicleId{value='vehicle-7'}":[{"latitude":50.8337383,"longitude":3.5529597},{"latitude":50.7987153,"longitude":3.7597063},{"latitude":51.0089015,"longitude":3.8741623}],"VehicleId{value='vehicle-8'}":[{"latitude":51.0677001,"longitude":4.0464059},{"latitude":51.0131662,"longitude":4.1161154},{"latitude":51.0359615,"longitude":4.4768251}],"VehicleId{value='vehicle-9'}":[{"latitude":51.1829228,"longitude":4.2147058},{"latitude":51.1829228,"longitude":4.2147058}],"VehicleId{value='vehicle-2'}":[{"latitude":51.0983288,"longitude":2.5836761},{"latitude":51.0983288,"longitude":2.5836761}],"VehicleId{value='vehicle-10'}":[{"latitude":50.79749,"longitude":3.1211596},{"latitude":50.7845733,"longitude":3.2963832},{"latitude":50.8479061,"longitude":3.3149573}],"VehicleId{value='vehicle-3'}":[{"latitude":51.1694338,"longitude":2.7773053},{"latitude":51.0721726,"longitude":3.0814608},{"latitude":51.1968613,"longitude":3.2438281}],"VehicleId{value='vehicle-4'}":[{"latitude":51.0329091,"longitude":2.8856709},{"latitude":50.9762676,"longitude":2.9462899}],"VehicleId{value='vehicle-5'}":[{"latitude":50.9236432,"longitude":4.0049184},{"latitude":50.7857909,"longitude":4.4799644},{"latitude":50.8076828,"longitude":4.9265168}],"VehicleId{value='vehicle-13'}":[{"latitude":51.0566422,"longitude":3.2814398},{"latitude":51.0566422,"longitude":3.2814398}],"VehicleId{value='vehicle-14'}":[{"latitude":51.0874028,"longitude":3.606071},{"latitude":51.107123,