{"WorkingShiftAnalysisResult":{"totalWaitingTimeSeconds":360.000000000,"workingShiftOfEachDriver":{"VehicleId{value='vehicle-0'}":35578.000000000,"VehicleId{value='vehicle-1'}":35506.000000000,"VehicleId{value='vehicle-2'}":35073.000000000,"VehicleId{value='vehicle-3'}":34991.000000000,"VehicleId{value='vehicle-4'}":35056.000000000},"stddevWorkingShifts":277.8245849452492,"shortestWorkingShift":{"VehicleId{value='vehicle-3'}":34991.000000000},"longestWorkingShift":{"VehicleId{value='vehicle-0'}":35578.000000000},"visitsTimeWindowWrong":{"VehicleId{value='vehicle-0'}":{"JobId{value='Visit210'}":[2023,10,4,18,3,52],"JobId{value='Visit297'}":[2023,10,4,18,17,6],"JobId{value='Visit145'}":[2023,10,4,17,53,42],"JobId{value='Visit382'}":[2023,10,4,12,59,54],"JobId{value='Visit494'}":[2023,10,4,12,48,57],"JobId{value='Visit394'}":[2023,10,4,13,22,28],"JobId{value='Visit240'}":[2023,10,4,18,28,27]},"VehicleId{value='vehicle-1'}":{"JobId{value='Visit182'}":[2023,10,4,13,6,2],"JobId{value='Visit15'}":[2023,10,4,9,58,55],"JobId{value='Visit345'}":[2023,10,4,18,26,23],"JobId{value='Visit473'}":[2023,10,4,17,50,33],"JobId{value='Visit176'}":[2023,10,4,18,3,51],"JobId{value='Visit1'}":[2023,10,4,9,0],"JobId{value='Visit442'}":[2023,10,4,18,13,58],"JobId{value='Visit483'}":[2023,10,4,13,18,20]},"VehicleId{value='vehicle-2'}":{"JobId{value='Visit427'}":[2023,10,4,13,8,9],"JobId{value='Visit407'}":[2023,10,4,12,55,15],"JobId{value='Visit379'}":[2023,10,4,9,35,13],"JobId{value='Visit36'}":[2023,10,4,17,10,49],"JobId{value='Visit446'}":[2023,10,4,17,23],"JobId{value='Visit2'}":[2023,10,4,9,0],"JobId{value='Visit187'}":[2023,10,4,13,31,47],"JobId{value='Visit121'}":[2023,10,4,17,47,54],"JobId{value='Visit443'}":[2023,10,4,18,0,42],"JobId{value='Visit470'}":[2023,10,4,18,22,17],"JobId{value='Visit392'}":[2023,10,4,18,11,45]},"VehicleId{value='vehicle-3'}":{"JobId{value='Visit467'}":[2023,10,4,13,20,58],"JobId{value='Visit216'}":[2023,10,4,16,22,55],"JobId{value='Visit259'}":[2023,10,4,16,46,29],"JobId{value='Visit232'}":[2023,10,4,17,56,57],"JobId{value='Visit166'}":[2023,10,4,18,9,2],"JobId{value='Visit3'}":[2023,10,4,18,21,5],"JobId{value='Visit173'}":[2023,10,4,12,54,6],"JobId{value='Visit30'}":[2023,10,4,14,21,31],"JobId{value='Visit395'}":[2023,10,4,15,36,55],"JobId{value='Visit460'}":[2023,10,4,12,40,41]},"VehicleId{value='vehicle-4'}":{"JobId{value='Visit54'}":[2023,10,4,18,7,13],"JobId{value='Visit4'}":[2023,10,4,18,21,44],"JobId{value='Visit468'}":[2023,10,4,17,55,17],"JobId{value='Visit253'}":[2023,10,4,9,54,16],"JobId{value='Visit285'}":[2023,10,4,10,38,52],"JobId{value='Visit350'}":[2023,10,4,14,7,29]}},"meanworkingShift":35240.8},"VisualAttractivenessAnalysisResult":{"meanDistanceToGeographicCenter":{"VehicleId{value='vehicle-0'}":1812.2122769382686,"VehicleId{value='vehicle-1'}":1549.3634669113508,"VehicleId{value='vehicle-2'}":1172.41075886831,"VehicleId{value='vehicle-3'}":2533.447993555201,"VehicleId{value='vehicle-4'}":1012.1376328218932},"outliersTTBetweenStops":{"VehicleId{value='vehicle-0'}":[370.000000000,529.000000000,329.000000000],"VehicleId{value='vehicle-1'}":[326.000000000,370.000000000],"VehicleId{value='vehicle-2'}":[339.000000000,509.000000000],"VehicleId{value='vehicle-3'}":[308.000000000,551.000000000],"VehicleId{value='vehicle-4'}":[383.000000000,252.000000000,271.000000000]},"meanTravelTimeBetweenStops":{"VehicleId{value='vehicle-0'}":126.000000000,"VehicleId{value='vehicle-1'}":139.000000000,"VehicleId{value='vehicle-2'}":101.000000000,"VehicleId{value='vehicle-3'}":144.000000000,"VehicleId{value='vehicle-4'}":101.000000000},"convexHullList":{"VehicleId{value='vehicle-0'}":[{"latitude":50.8267334,"longitude":4.2949893},{"latitude":50.8259538,"longitude":4.2991633},{"latitude":50.8272323,"longitude":4.3598668}],"VehicleId{value='vehicle-1'}":[{"latitude":50.8496496,"longitude":4.341786},{"latitude":50.8493646,"longitude":4.3758239}],"VehicleId{value='vehicle-2'}":[{"latitude":50.8123988,"longitude":4.352633},{"latitude":50.8105478,"longitude":4.3624095},{"latitude":50.817002,"longitude":4.378827}],"VehicleId{value='vehicle-3'}":[{"latitude":50.8108489,"longitude":4.3347844},{"latitude":50.8033519,"longitude":4.3360523},{"latitude":50.8046324,"longitude":4.3581684}],"VehicleId{value='vehicle-4'}":[{"latitude":50.8498952,"longitude":4.3718479},{"latitude":50.8279842,"longitude":4.3969122},{"latitude":50.8302116,"longitude":4.4041101}]},"visitsCloserToOtherCenterOfGravity":[[["Visit236","Visit461","Visit305","Visit249","Visit50","Visit474","Visit108","Visit108","Visit108","Visit33","Visit33","Visit33","Visit494","Visit494","Visit494","Visit382","Visit382","Visit382","Visit256","Visit256","Visit256","Visit394","Visit268","Visit268","Visit212","Visit212","Visit87","Visit87","Visit87","Visit484","Visit484","Visit484"],["vehicle-2","vehicle-2","vehicle-2","vehicle-2","vehicle-2","vehicle-2","vehicle-4","vehicle-3","vehicle-2","vehicle-4","vehicle-3","vehicle-2","vehicle-4","vehicle-3","vehicle-2","vehicle-4","vehicle-3","vehicle-2","vehicle-4","vehicle-3","vehicle-2","vehicle-2","vehicle-3","vehicle-2","vehicle-3","vehicle-2","vehicle-4","vehicle-3","vehicle-2","vehicle-4","vehicle-3","vehicle-2"]],[["3f56bad4-c543-4e53-ac89-12df2e3568af","Visit54","Visit4","0be1363f-d782-4cdd-9a67-1321b17c607d"],["vehicle-3","vehicle-3","vehicle-3","vehicle-3"]],[["b4d5d95e-ef93-476b-aaf3-83c22b4ae43b","Visit490","Visit160","Visit257","Visit13","Visit8","Visit259","Visit64","Visit175","Visit289","Visit278","Visit232","Visit166","Visit3","fb70239e-0536-49bc-9919-8226c948f261"],["vehicle-2","vehicle-2","vehicle-2","vehicle-2","vehicle-2","vehicle-2","vehicle-2","vehicle-2","vehicle-2","vehicle-2","vehicle-2","vehicle-2","vehicle-2","vehicle-2","vehicle-2"]],[[],[]],[[],[]]],"meanDistanceToConvexHull":{"VehicleId{value='vehicle-0'}":806.9404877399721,"VehicleId{value='vehicle-1'}":1957.5339722084045,"VehicleId{value='vehicle-2'}":998.1897792472429,"VehicleId{value='vehicle-3'}":1384.946965949545,"VehicleId{value='vehicle-4'}":286.1749130505997}},"CargoAnalysisResult":{"totalLoadKgs":null,"totalLoadVolume":null,"biggestLoad":null,"biggestLoadVolume":null,"smallestLoad":null,"smallestLoadVolume":null,"meanLoad":0.0,"meanLoadVolume":0.0,"stdDevLoad":null,"maxRelativeLoad":null},"RouteCompositionAnalysisResult":{"numberOfRoutes":5,"stopsLongestRoute":50,"stopsShortestRoute":47,"meanStops":48.8,"stdDevStops":1.16619037896906,"totalDistanceMeters":161750,