{"WorkingShiftAnalysisResult":{"totalWaitingTimeSeconds":1324.000000000,"workingShiftOfEachDriver":{"VehicleId{value='vehicle-0'}":35258.000000000,"VehicleId{value='vehicle-1'}":35545.000000000,"VehicleId{value='vehicle-6'}":35468.000000000,"VehicleId{value='vehicle-7'}":35551.000000000,"VehicleId{value='vehicle-8'}":34798.000000000,"VehicleId{value='vehicle-9'}":35171.000000000,"VehicleId{value='vehicle-2'}":35518.000000000,"VehicleId{value='vehicle-3'}":35027.000000000,"VehicleId{value='vehicle-4'}":35220.000000000,"VehicleId{value='vehicle-5'}":34233.000000000},"stddevWorkingShifts":413.9185373422596,"shortestWorkingShift":{"VehicleId{value='vehicle-5'}":34233.000000000},"longestWorkingShift":{"VehicleId{value='vehicle-7'}":35551.000000000},"visitsTimeWindowWrong":{"VehicleId{value='vehicle-0'}":{"JobId{value='Visit118'}":[2023,10,4,17,52,43],"JobId{value='Visit391'}":[2023,10,4,9,35,42],"JobId{value='Visit270'}":[2023,10,4,11,10,47],"JobId{value='Visit75'}":[2023,10,4,13,55,25],"JobId{value='Visit418'}":[2023,10,4,18,10,51],"JobId{value='Visit139'}":[2023,10,4,14,7,20],"JobId{value='Visit454'}":[2023,10,4,15,57,25],"JobId{value='Visit211'}":[2023,10,4,18,23,46],"JobId{value='Visit250'}":[2023,10,4,13,3,48]},"VehicleId{value='vehicle-1'}":{"JobId{value='Visit219'}":[2023,10,4,13,6,46],"JobId{value='Visit37'}":[2023,10,4,10,51,10],"JobId{value='Visit127'}":[2023,10,4,17,57,22],"JobId{value='Visit341'}":[2023,10,4,14,11,1],"JobId{value='Visit156'}":[2023,10,4,12,5,18],"JobId{value='Visit1'}":[2023,10,4,18,23,24],"JobId{value='Visit470'}":[2023,10,4,18,12,17],"JobId{value='Visit141'}":[2023,10,4,12,38,30]},"VehicleId{value='vehicle-6'}":{"JobId{value='Visit291'}":[2023,10,4,9,52,46],"JobId{value='Visit6'}":[2023,10,4,18,27,23],"JobId{value='Visit455'}":[2023,10,4,13,19,21],"JobId{value='Visit369'}":[2023,10,4,18,1,18],"JobId{value='Visit102'}":[2023,10,4,14,23,48],"JobId{value='Visit266'}":[2023,10,4,18,13,11],"JobId{value='Visit295'}":[2023,10,4,17,49,16]},"VehicleId{value='vehicle-7'}":{"JobId{value='Visit12'}":[2023,10,4,17,53,1],"JobId{value='Visit302'}":[2023,10,4,13,25,55],"JobId{value='Visit489'}":[2023,10,4,18,18,48],"JobId{value='Visit7'}":[2023,10,4,18,29,20],"JobId{value='Visit81'}":[2023,10,4,18,6,18],"JobId{value='Visit366'}":[2023,10,4,13,3,29]},"VehicleId{value='vehicle-8'}":{"JobId{value='Visit459'}":[2023,10,4,18,14,44],"JobId{value='Visit439'}":[2023,10,4,12,8,24],"JobId{value='Visit335'}":[2023,10,4,10,51,36],"JobId{value='Visit357'}":[2023,10,4,14,7,34],"JobId{value='Visit15'}":[2023,10,4,17,50,24],"JobId{value='Visit36'}":[2023,10,4,10,0,52],"JobId{value='Visit402'}":[2023,10,4,15,42,10],"JobId{value='Visit253'}":[2023,10,4,13,15,18],"JobId{value='Visit352'}":[2023,10,4,15,17,17],"JobId{value='Visit377'}":[2023,10,4,18,2,29],"JobId{value='Visit493'}":[2023,10,4,12,31,17]},"VehicleId{value='vehicle-9'}":{"JobId{value='Visit160'}":[2023,10,4,17,47,32],"JobId{value='Visit9'}":[2023,10,4,18,25,42],"JobId{value='Visit48'}":[2023,10,4,11,50,32],"JobId{value='Visit224'}":[2023,10,4,15,9,1],"JobId{value='Visit169'}":[2023,10,4,18,14,57],"JobId{value='Visit336'}":[2023,10,4,13,13,21],"JobId{value='Visit264'}":[2023,10,4,12,59,3],"JobId{value='Visit300'}":[2023,10,4,12,30,52],"JobId{value='Visit245'}":[2023,10,4,18,0,20],"JobId{value='Visit419'}":[2023,10,4,12,47,38],"JobId{value='Visit230'}":[2023,10,4,10,59,19],"JobId{value='Visit71'}":[2023,10,4,14,10,11]},"VehicleId{value='vehicle-2'}":{"JobId{value='Visit207'}":[2023,10,4,12,36,55],"JobId{value='Visit307'}":[2023,10,4,18,4,56],"JobId{value='Visit488'}":[2023,10,4,11,17,31],"JobId{value='Visit347'}":[2023,10,4,18,16,46],"JobId{value='Visit254'}":[2023,10,4,14,10,25],"JobId{value='Visit2'}":[2023,10,4,18,30,31],"JobId{value='Visit278'}":[2023,10,4,17,54,38]},"VehicleId{value='vehicle-3'}":{"JobId{value='Visit258'}":[2023,10,4,14,11],"JobId{value='Visit27'}":[2023,10,4,17,2,12],"JobId{value='Visit435'}":[2023,10,4,12,38,35],"JobId{value='Visit232'}":[2023,10,4,17,54,55],"JobId{value='Visit3'}":[2023,10,4,18,19,55],"JobId{value='Visit51'}":[2023,10,4,13,10,39],"JobId{value='Visit140'}":[2023,10,4,13,21,7],"JobId{value='Visit309'}":[2023,10,4,12,26,5],"JobId{value='Visit50'}":[2023,10,4,18,8,23]},"VehicleId{value='vehicle-4'}":{"JobId{value='Visit306'}":[2023,10,4,11,20,39],"JobId{value='Visit87'}":[2023,10,4,13,14,38],"JobId{value='Visit401'}":[2023,10,4,12,32,31],"JobId{value='Visit346'}":[2023,10,4,16,8,13],"JobId{value='Visit91'}":[2023,10,4,18,13,9],"JobId{value='Visit187'}":[2023,10,4,17,25,11],"JobId{value='Visit39'}":[2023,10,4,18,2],"JobId{value='Visit93'}":[2023,10,4,12,9,6],"JobId{value='Visit164'}":[2023,10,4,16,53,3],"JobId{value='Visit362'}":[2023,10,4,17,50,26],"JobId{value='Visit72'}":[2023,10,4,18,24,19]},"VehicleId{value='vehicle-5'}":{"JobId{value='Visit25'}":[2023,10,4,17,57,40],"JobId{value='Visit5'}":[2023,10,4,18,8,45],"JobId{value='Visit375'}":[2023,10,4,13,54,28],"JobId{value='Visit498'}":[2023,10,4,13,16,33],"JobId{value='Visit340'}":[2023,10,4,9,54,22]}},"meanworkingShift":35178.9},"VisualAttractivenessAnalysisResult":{"meanDistanceToGeographicCenter":{"VehicleId{value='vehicle-0'}":1447.9702424404143,"VehicleId{value='vehicle-1'}":1480.1623360859005,"VehicleId{value='vehicle-6'}":1309.5748734821748,"VehicleId{value='vehicle-7'}":2092.2478099677164,"VehicleId{value='vehicle-8'}":2233.308874005957,"VehicleId{value='vehicle-9'}":1776.892957020545,"VehicleId{value='vehicle-2'}":1797.533061866926,"VehicleId{value='vehicle-3'}":1599.0470559705136,"VehicleId{value='vehicle-4'}":1179.688976222131,"VehicleId{value='vehicle-5'}":1432.9397881938585},"outliersTTBetweenStops":{"VehicleId{value='vehicle-0'}":[323.000000000,333.000000000,488.000000000],"VehicleId{value='vehicle-1'}":[406.000000000,367.000000000,394.000000000,541.000000000],"VehicleId{value='vehicle-6'}":[443.000000000,348.000000000,356.000000000,355.000000000],"VehicleId{value='vehicle-7'}":[496.000000000,355.000000000],"VehicleId{value='vehicle-8'}":[490.000000000,507.000000000,790.000000000],"VehicleId{value='vehicle-9'}":[401.000000000,406.000000000,638.000000000,527.000000000],"VehicleId{value='vehicle-2'}":[398.000000000,351.000000000,368.000000000],"VehicleId{value='vehicle-3'}":[388.000000000,334.000000000,374.000000000,387.000000000],"VehicleId{value='vehicle-4'}":[275.000000000,436.000000000,402.000000000],"VehicleId{value='vehicle-5'}":[333.000000000,316.000000000,317.000000000,344.000000000]},"meanTravelTimeBetweenStops":{"VehicleId{value='vehicle-0'}":134.000000000,"VehicleId{value='vehicle-1'}":156.000000000,"VehicleId{value='vehicle-6'}":154.000000000,"VehicleId{value='vehicle-7'}":140.000000000,"VehicleId{value='vehicle-8'}":190.000000000,"VehicleId{value='vehicle-9'}":164.000000000,"VehicleId{value='vehicle-2'}":172.000000000,"VehicleId{value='vehicle-3'}":145.000000000,"VehicleId{value='vehicle-4'}":118.000000000,"VehicleId{value='vehicle-5'}":128.000000000},"convexHullList":{"VehicleId{value='vehicle-0'}":[{"latitude":50.8634783,"longitude":4.3695053},{"latitude":50.8311386,"longitude":4.4004486},{"latitude":50.8344641,"longitude":4.4027648}],"VehicleId{value='vehicle-1'}":[{"latitude":50.8076336,"longitude":4.3882453},{"latitude":50.8019035,"longitude":4.403904},{"latitude":50.8025358,"longitude":4.4197219}],"VehicleId{value='vehicle-6'}":[{"latitude":50.8290818,"longitude":4.2847234},{"latitude":50.8186235,"longitude":4.2929159},{"latitude":50.8271469,"longitude":4.3346025}],"VehicleId{value='vehicle-7'}":[{"latitude":50.843806,"longitude":4.3142159},{"latitude":50.8410916,"longitude":4.3152838},{"latitude":50.8415206,"longitude":4.3325478}],"VehicleId{value='vehicle-8'}":[{"latitude":50.8507486,"longitude":4.355631},{"latitude":50.8501376,"longitude":4.359167},{"latitude":50.8506589,"longitude":4.3785081}],"VehicleId{value='vehicle-9'}":[{"latitude":50.7854692,"longitude":4.3285486},{"latitude":50.7744904,"longitude":4.3725082},{"latitude":50.7770074,"longitude":4.3757128}],