{"WorkingShiftAnalysisResult":{"totalWaitingTimeSeconds":7218.000000000,"workingShiftOfEachDriver":{"VehicleId{value='vehicle-0'}":29466.000000000,"VehicleId{value='vehicle-1'}":34836.000000000,"VehicleId{value='vehicle-6'}":30276.000000000,"VehicleId{value='vehicle-7'}":34604.000000000,"VehicleId{value='vehicle-8'}":33755.000000000,"VehicleId{value='vehicle-9'}":30055.000000000,"VehicleId{value='vehicle-2'}":33749.000000000,"VehicleId{value='vehicle-3'}":31751.000000000,"VehicleId{value='vehicle-4'}":35115.000000000,"VehicleId{value='vehicle-5'}":30821.000000000},"stddevWorkingShifts":2194.27664618662,"shortestWorkingShift":{"VehicleId{value='vehicle-0'}":29466.000000000},"longestWorkingShift":{"VehicleId{value='vehicle-4'}":35115.000000000},"visitsTimeWindowWrong":{"VehicleId{value='vehicle-0'}":{},"VehicleId{value='vehicle-1'}":{"JobId{value='Visit17'}":[2023,10,4,12,35,51],"JobId{value='Visit124'}":[2023,10,4,13,1,38],"JobId{value='Visit1'}":[2023,10,4,9,0]},"VehicleId{value='vehicle-6'}":{"JobId{value='Visit46'}":[2023,10,4,14,34,53],"JobId{value='Visit116'}":[2023,10,4,12,48,24]},"VehicleId{value='vehicle-7'}":{"JobId{value='Visit66'}":[2023,10,4,14,47,48],"JobId{value='Visit147'}":[2023,10,4,12,43,19],"JobId{value='Visit187'}":[2023,10,4,14,5,36]},"VehicleId{value='vehicle-8'}":{"JobId{value='Visit11'}":[2023,10,4,12,42,11],"JobId{value='Visit8'}":[2023,10,4,17,52,40],"JobId{value='Visit162'}":[2023,10,4,13,26,39]},"VehicleId{value='vehicle-9'}":{"JobId{value='Visit32'}":[2023,10,4,12,42,28],"JobId{value='Visit101'}":[2023,10,4,15,58,14],"JobId{value='Visit71'}":[2023,10,4,13,46,19],"JobId{value='Visit163'}":[2023,10,4,13,57,54]},"VehicleId{value='vehicle-2'}":{"JobId{value='Visit114'}":[2023,10,4,10,22,1],"JobId{value='Visit91'}":[2023,10,4,13,44,22]},"VehicleId{value='vehicle-3'}":{"JobId{value='Visit76'}":[2023,10,4,12,43,35],"JobId{value='Visit3'}":[2023,10,4,9,0]},"VehicleId{value='vehicle-4'}":{"JobId{value='Visit180'}":[2023,10,4,10,23,41],"JobId{value='Visit4'}":[2023,10,4,9,0],"JobId{value='Visit58'}":[2023,10,4,13,8],"JobId{value='Visit19'}":[2023,10,4,12,43,44],"JobId{value='Visit143'}":[2023,10,4,12,55,59]},"VehicleId{value='vehicle-5'}":{"JobId{value='Visit146'}":[2023,10,4,11,55,4]}},"meanworkingShift":32442.8},"VisualAttractivenessAnalysisResult":{"meanDistanceToGeographicCenter":{"VehicleId{value='vehicle-0'}":28564.852305379678,"VehicleId{value='vehicle-1'}":23244.135335531184,"VehicleId{value='vehicle-6'}":21690.406542054647,"VehicleId{value='vehicle-7'}":21072.75529625289,"VehicleId{value='vehicle-8'}":21338.16484096829,"VehicleId{value='vehicle-9'}":11819.433859487484,"VehicleId{value='vehicle-2'}":27953.56463490169,"VehicleId{value='vehicle-3'}":24474.75908900889,"VehicleId{value='vehicle-4'}":15014.845390223158,"VehicleId{value='vehicle-5'}":24706.823582383604},"outliersTTBetweenStops":{"VehicleId{value='vehicle-0'}":[3628.000000000],"VehicleId{value='vehicle-1'}":[1708.000000000,1989.000000000],"VehicleId{value='vehicle-6'}":[2926.000000000,2533.000000000],"VehicleId{value='vehicle-7'}":[2745.000000000,2884.000000000],"VehicleId{value='vehicle-8'}":[2284.000000000,2397.000000000],"VehicleId{value='vehicle-9'}":[2409.000000000],"VehicleId{value='vehicle-2'}":[2565.000000000],"VehicleId{value='vehicle-3'}":[2482.000000000],"VehicleId{value='vehicle-4'}":[],"VehicleId{value='vehicle-5'}":[3169.000000000]},"meanTravelTimeBetweenStops":{"VehicleId{value='vehicle-0'}":950.000000000,"VehicleId{value='vehicle-1'}":793.000000000,"VehicleId{value='vehicle-6'}":913.000000000,"VehicleId{value='vehicle-7'}":1047.000000000,"VehicleId{value='vehicle-8'}":934.000000000,"VehicleId{value='vehicle-9'}":831.000000000,"VehicleId{value='vehicle-2'}":1007.000000000,"VehicleId{value='vehicle-3'}":1071.000000000,"VehicleId{value='vehicle-4'}":1072.000000000,"VehicleId{value='vehicle-5'}":1022.000000000},"convexHullList":{"VehicleId{value='vehicle-0'}":[{"latitude":50.8702639,"longitude":3.1477233},{"latitude":50.8040959,"longitude":3.1819544},{"latitude":51.1529833,"longitude":4.1591647}],"VehicleId{value='vehicle-1'}":[{"latitude":50.8222692,"longitude":4.4820319},{"latitude":50.818513,"longitude":4.5045861},{"latitude":50.9878305,"longitude":5.1923243}],"VehicleId{value='vehicle-6'}":[{"latitude":50.8515493,"longitude":2.7220478},{"latitude":50.8057223,"longitude":2.9391292},{"latitude":50.8081656,"longitude":3.0801418}],"VehicleId{value='vehicle-7'}":[{"latitude":50.7484115,"longitude":5.0807084},{"latitude":50.7387306,"longitude":5.1290503},{"latitude":50.8923511,"longitude":5.6535426}],"VehicleId{value='vehicle-8'}":[{"latitude":51.1788446,"longitude":4.240383},{"latitude":51.0796516,"longitude":4.4275282},{"latitude":51.082236,"longitude":4.5025465}],"VehicleId{value='vehicle-9'}":[{"latitude":50.990827,"longitude":3.9218385},{"latitude":50.9461144,"longitude":3.9746683},{"latitude":51.0479229,"longitude":4.3589364}],"VehicleId{value='vehicle-2'}":[{"latitude":50.7981166,"longitude":3.1115958},{"latitude":50.7402026,"longitude":3.3366267},{"latitude":50.7462062,"longitude":3.6150097}],"VehicleId{value='vehicle-3'}":[{"latitude":51.1747043,"longitude":4.4479733},{"latitude":50.9895043,"longitude":5.4129423},{"latitude":51.0341933,"longitude":5.5910508}],"VehicleId{value='vehicle-4'}":[{"latitude":50.7767555,"longitude":3.7995801},{"latitude":50.743575,"longitude":4.2142477},{"latitude":50.7706456,"longitude":4.5258446}],"VehicleId{value='vehicle-5'}":[{"latitude":51.1388069,"longitude":3.2292659},{"latitude":50.9768042,"longitude":3.5239641},{"latitude":50.988203,"longitude":3.5650856}]},"visitsCloserToOtherCenterOfGravity":[[["Visit150","Visit150","Visit34","Visit34","Visit189","Visit189","Visit37","Visit37","Visit17","Visit17","Visit87","Visit51","Visit51","Visit181","Visit21","Visit70","Visit70","Visit151","Visit151","Visit134","Visit134"],["vehicle-7","vehicle-3","vehicle-7","vehicle-3","vehicle-7","vehicle-3","vehicle-7","vehicle-3","vehicle-7","vehicle-3","vehicle-8","vehicle-8","vehicle-9","vehicle-8","vehicle-8","vehicle-8","vehicle-9","vehicle-8","vehicle-9","vehicle-8","vehicle-9"]],[["Visit152","Visit82","Visit82"],["vehicle-9","vehicle-2","vehicle-5"]],[["9e517bfb-05e2-468b-8077-d44b38490098","Visit93","Visit176","Visit142","Visit11","Visit74","Visit162","Visit102","Visit12","Visit194","Visit8","ded380c7-adc8-45f4-a5c6-742d19f77d15"],["vehicle-9","vehicle-9","vehicle-3","vehicle-3","vehicle-3","vehicle-3","vehicle-3","vehicle-3","vehicle-3","vehicle-9","vehicle-9","vehicle-9"]],[[],[]],[["d7b71057-50e2-4e40-9384-22330e1fe719","d7b71057-50e2-4e40-9384-22330e1fe719","d7b71057-50e2-4e40-9384-22330e1fe719","Visit2","Visit2","Visit2","Visit197","Visit197","Visit197","Visit125","Visit118","Visit185","Visit185","Visit191","Visit191","Visit56","Visit56","Visit157","Visit157","ad0c2487-3f87-4181-a2c1-2655b575a58b","ad0c2487-3f87-4181-a2c1-2655b575a58b","ad0c2487-3f87-4181-a2c1-2655b575a58b"],["vehicle-5","vehicle-0","vehicle-9","vehicle-5","vehicle-0","vehicle-9","vehicle-5","vehicle-0","vehicle-9","vehicle-6","vehicle-6","vehicle-6","vehicle-0","vehicle-6","vehicle-0","vehicle-6","vehicle-0","vehicle-6","vehicle-0","vehicle-5","vehicle-0","vehicle-9"]],[["a55cf562-cf05-4ef5-a455-33250e323d79","Visit3","Visit111","1f9616b8-0e7e-4e12-ae10-abcd735063ec"],["vehicle-9","vehicle-9","vehicle-9","vehicle-9"]],[["472a31dd-2805-4a65-87b2-78790ddfd5fa","Visit5","Visit44","Visit153","Visit117","Visit50","Visit50","Visit78","Visit78","Visit25","Visit33","Visit96","Visit95","Visit129","ef611c08-6e2e-4661-a95e-773430749033"],["vehicle-9","vehicle-9","vehicle-9","vehicle-9","vehicle-9","vehicle-6","vehicle-0","vehicle-6","vehicle-0","vehicle-0","vehicle-0","vehicle-0","vehicle-0","vehicle-0","vehicle-9"]],[[],[]],[["ea877e06-57d1-4c49-8a89-1ce19b17d657","Visit0","Visit196","5966c70f-14d8-450f-b09b-d33b14272dc8"],["vehicle-9","vehicle-9","vehicle-9","vehicle-9"]],[[],[]]],"meanDistanceToConvexHull":{"VehicleId{value='vehicle-0'}":24958.713656540684,