{"WorkingShiftAnalysisResult":{"totalWaitingTimeSeconds":69480.000000000,"workingShiftOfEachDriver":{"VehicleId{value='vehicle-0'}":15085.000000000,"VehicleId{value='vehicle-1'}":1200.000000000,"VehicleId{value='vehicle-6'}":1200.000000000,"VehicleId{value='vehicle-7'}":20164.000000000,"VehicleId{value='vehicle-8'}":30610.000000000,"VehicleId{value='vehicle-9'}":26565.000000000,"VehicleId{value='vehicle-2'}":24705.000000000,"VehicleId{value='vehicle-3'}":1200.000000000,"VehicleId{value='vehicle-4'}":29206.000000000,"VehicleId{value='vehicle-5'}":20479.000000000},"stddevWorkingShifts":11831.02893055188,"shortestWorkingShift":{"VehicleId{value='vehicle-1'}":1200.000000000},"longestWorkingShift":{"VehicleId{value='vehicle-8'}":30610.000000000},"visitsTimeWindowWrong":{"VehicleId{value='vehicle-0'}":{"JobId{value='Visit43'}":[2023,10,4,16,15,40],"JobId{value='Visit115'}":[2023,10,4,14,21,46],"JobId{value='Visit158'}":[2023,10,4,15,4,55],"JobId{value='Visit24'}":[2023,10,4,16,2,30],"JobId{value='Visit69'}":[2023,10,4,13,51,54],"JobId{value='Visit25'}":[2023,10,4,16,47,4],"JobId{value='Visit151'}":[2023,10,4,9,0],"JobId{value='Visit185'}":[2023,10,4,13,26,57],"JobId{value='Visit50'}":[2023,10,4,14,35,34],"JobId{value='Visit152'}":[2023,10,4,15,45,50],"JobId{value='Visit171'}":[2023,10,4,13,15],"JobId{value='Visit0'}":[2023,10,4,13,40,42],"JobId{value='Visit28'}":[2023,10,4,16,33,43]},"VehicleId{value='vehicle-1'}":{},"VehicleId{value='vehicle-6'}":{"JobId{value='Visit6'}":[2023,10,4,9,0]},"VehicleId{value='vehicle-7'}":{"JobId{value='Visit22'}":[2023,10,4,17,42,20],"JobId{value='Visit26'}":[2023,10,4,9,0],"JobId{value='Visit37'}":[2023,10,4,14,4,17],"JobId{value='Visit137'}":[2023,10,4,16,49,5],"JobId{value='Visit147'}":[2023,10,4,14,29,25],"JobId{value='Visit128'}":[2023,10,4,17,0,38],"JobId{value='Visit127'}":[2023,10,4,16,13,19],"JobId{value='Visit133'}":[2023,10,4,14,43,43],"JobId{value='Visit155'}":[2023,10,4,17,30,53],"JobId{value='Visit92'}":[2023,10,4,15,17,35],"JobId{value='Visit154'}":[2023,10,4,15,59,9],"JobId{value='Visit121'}":[2023,10,4,16,36,50],"JobId{value='Visit165'}":[2023,10,4,17,11,44],"JobId{value='Visit40'}":[2023,10,4,13,48,31],"JobId{value='Visit120'}":[2023,10,4,13,25,32],"JobId{value='Visit141'}":[2023,10,4,15,46,52],"JobId{value='Visit196'}":[2023,10,4,16,25,59],"JobId{value='Visit170'}":[2023,10,4,13,15]},"VehicleId{value='vehicle-8'}":{"JobId{value='Visit108'}":[2023,10,4,17,5,18],"JobId{value='Visit78'}":[2023,10,4,14,30,55],"JobId{value='Visit23'}":[2023,10,4,17,29,56],"JobId{value='Visit31'}":[2023,10,4,16,52,31],"JobId{value='Visit68'}":[2023,10,4,13,36,40],"JobId{value='Visit35'}":[2023,10,4,14,14,35],"JobId{value='Visit139'}":[2023,10,4,16,1,28],"JobId{value='Visit144'}":[2023,10,4,14,43,16],"JobId{value='Visit73'}":[2023,10,4,17,44,44],"JobId{value='Visit41'}":[2023,10,4,15,3,15],"JobId{value='Visit172'}":[2023,10,4,17,17,18],"JobId{value='Visit197'}":[2023,10,4,13,50,11],"JobId{value='Visit72'}":[2023,10,4,9,0],"JobId{value='Visit61'}":[2023,10,4,16,13,27],"JobId{value='Visit18'}":[2023,10,4,15,32,55]},"VehicleId{value='vehicle-9'}":{"JobId{value='Visit129'}":[2023,10,4,16,7,34],"JobId{value='Visit107'}":[2023,10,4,17,39,54],"JobId{value='Visit59'}":[2023,10,4,17,3,24],"JobId{value='Visit16'}":[2023,10,4,16,20,21],"JobId{value='Visit169'}":[2023,10,4,16,46,44],"JobId{value='Visit91'}":[2023,10,4,15,57,3],"JobId{value='Visit81'}":[2023,10,4,9,0],"JobId{value='Visit157'}":[2023,10,4,16,35,5],"JobId{value='Visit113'}":[2023,10,4,17,25,48],"JobId{value='Visit145'}":[2023,10,4,13,39,41],"JobId{value='Visit189'}":[2023,10,4,14,5,44],"JobId{value='Visit191'}":[2023,10,4,13,15],"JobId{value='Visit182'}":[2023,10,4,13,25,8],"JobId{value='Visit160'}":[2023,10,4,14,19,1],"JobId{value='Visit181'}":[2023,10,4,13,52,15],"JobId{value='Visit29'}":[2023,10,4,15,26,22]},"VehicleId{value='vehicle-2'}":{"JobId{value='Visit33'}":[2023,10,4,9,0],"JobId{value='Visit44'}":[2023,10,4,17,37,15],"JobId{value='Visit38'}":[2023,10,4,14,52,14],"JobId{value='Visit46'}":[2023,10,4,16,28,28],"JobId{value='Visit111'}":[2023,10,4,13,15],"JobId{value='Visit110'}":[2023,10,4,17,9,27],"JobId{value='Visit168'}":[2023,10,4,15,57,39],"JobId{value='Visit101'}":[2023,10,4,17,26,54],"JobId{value='Visit140'}":[2023,10,4,13,41,20],"JobId{value='Visit95'}":[2023,10,4,15,4,20],"JobId{value='Visit195'}":[2023,10,4,16,12,41],"JobId{value='Visit96'}":[2023,10,4,13,29,23],"JobId{value='Visit85'}":[2023,10,4,15,44,31],"JobId{value='Visit175'}":[2023,10,4,13,56,55],"JobId{value='Visit71'}":[2023,10,4,16,46,54],"JobId{value='Visit193'}":[2023,10,4,15,34,6]},"VehicleId{value='vehicle-3'}":{},"VehicleId{value='vehicle-4'}":{"JobId{value='Visit119'}":[2023,10,4,16,28,8],"JobId{value='Visit97'}":[2023,10,4,14,41,11],"JobId{value='Visit98'}":[2023,10,4,16,55,27],"JobId{value='Visit13'}":[2023,10,4,16,43,22],"JobId{value='Visit58'}":[2023,10,4,13,53,37],"JobId{value='Visit122'}":[2023,10,4,14,29,52],"JobId{value='Visit188'}":[2023,10,4,14,54,53],"JobId{value='Visit132'}":[2023,10,4,15,19,32],"JobId{value='Visit123'}":[2023,10,4,17,34,45],"JobId{value='Visit30'}":[2023,10,4,13,15],"JobId{value='Visit194'}":[2023,10,4,17,18,44],"JobId{value='Visit60'}":[2023,10,4,14,18,18],"JobId{value='Visit130'}":[2023,10,4,15,59,38],"JobId{value='Visit4'}":[2023,10,4,9,0]},"VehicleId{value='vehicle-5'}":{"JobId{value='Visit66'}":[2023,10,4,16,21,18],"JobId{value='Visit55'}":[2023,10,4,16,35,25],"JobId{value='Visit77'}":[2023,10,4,16,52,25],"JobId{value='Visit42'}":[2023,10,4,9,0],"JobId{value='Visit109'}":[2023,10,4,17,39,19],"JobId{value='Visit48'}":[2023,10,4,17,14,4],"JobId{value='Visit136'}":[2023,10,4,14,34,27],"JobId{value='Visit36'}":[2023,10,4,13,31,18],"JobId{value='Visit105'}":[2023,10,4,15,10,56],"JobId{value='Visit80'}":[2023,10,4,15,55,14],"JobId{value='Visit176'}":[2023,10,4,17,25,55],"JobId{value='Visit179'}":[2023,10,4,14,19,24],"JobId{value='Visit90'}":[2023,10,4,13,15],"JobId{value='Visit84'}":[2023,10,4,17,3,31],"JobId{value='Visit186'}":[2023,10,4,13,41,44]}},"meanworkingShift":17041.4},"VisualAttractivenessAnalysisResult":{"meanDistanceToGeographicCenter":{"VehicleId{value='vehicle-0'}":1266.061366350839,"VehicleId{value='vehicle-1'}":0.0,"VehicleId{value='vehicle-6'}":0.0,"VehicleId{value='vehicle-7'}":1160.1207518211404,"VehicleId{value='vehicle-8'}":2210.5049360407493,"VehicleId{value='vehicle-9'}":1781.76988270681,"VehicleId{value='vehicle-2'}":2007.4390791912201,"VehicleId{value='vehicle-3'}":0.0,"VehicleId{value='vehicle-4'}":1818.167264597235,"VehicleId{value='vehicle-5'}":1184.17622130205},"outliersTTBetweenStops":{"VehicleId{value='vehicle-0'}":[483.000000000],"VehicleId{value='vehicle-1'}":[],"VehicleId{value='vehicle-6'}":[],"VehicleId{value='vehicle-7'}":[516.000000000,591.000000000,549.000000000],"VehicleId{value='vehicle-8'}":[700.000000000,864.000000000,599.000000000],"VehicleId{value='vehicle-9'}":[744.000000000],"VehicleId{value='vehicle-2'}":[753.000000000,663.000000000],"VehicleId{value='vehicle-3'}":[],"VehicleId{value='vehicle-4'}":[590.000000000],"VehicleId{value='vehicle-5'}":[420.000000000]},"meanTravelTimeBetweenStops":{"VehicleId{value='vehicle-0'}":238.000000000,"VehicleId{value='vehicle-1'}":0.0,"VehicleId{value='vehicle-6'}":0.0,"VehicleId{value='vehicle-7'}":206.000000000,"VehicleId{value='vehicle-8'}":250.000000000,"VehicleId{value='vehicle-9'}":205.000000000,"VehicleId{value='vehicle-2'}":282.000000000,"VehicleId{value='vehicle-3'}":0.0,"VehicleId{value='vehicle-4'}":189.000000000,"VehicleId{value='vehicle-5'}":187.000000000},"convexHullList":{"VehicleId{value='vehicle-0'}":[{"latitude":50.8492003,"longitude":4.3934888},{"latitude":50.8479114,"longitude":4.4059413},{"latitude":50.8503732,"longitude":4.4098626}],"VehicleId{value='vehicle-1'}":[{"latitude":50.8358264,"longitude":4.3616682},{"latitude":50.8358264,"longitude":4.3616682}],"VehicleId{value='vehicle-6'}":[{"latitude":50.849516,"longitude":4.348588},{"latitude":50.849516,