{"WorkingShiftAnalysisResult":{"totalWaitingTimeSeconds":3599.000000000,"workingShiftOfEachDriver":{"VehicleId{value='vehicle-0'}":35484.000000000,"VehicleId{value='vehicle-1'}":35561.000000000,"VehicleId{value='vehicle-6'}":35307.000000000,"VehicleId{value='vehicle-7'}":35212.000000000,"VehicleId{value='vehicle-8'}":34197.000000000,"VehicleId{value='vehicle-9'}":35538.000000000,"VehicleId{value='vehicle-2'}":34372.000000000,"VehicleId{value='vehicle-3'}":32599.000000000,"VehicleId{value='vehicle-4'}":35518.000000000,"VehicleId{value='vehicle-5'}":34817.000000000},"stddevWorkingShifts":936.2348352131887,"shortestWorkingShift":{"VehicleId{value='vehicle-3'}":32599.000000000},"longestWorkingShift":{"VehicleId{value='vehicle-1'}":35561.000000000},"visitsTimeWindowWrong":{"VehicleId{value='vehicle-0'}":{"JobId{value='Visit308'}":[2023,10,4,16,9,33],"JobId{value='Visit57'}":[2023,10,4,12,43,35],"JobId{value='Visit116'}":[2023,10,4,15,15,26],"JobId{value='Visit0'}":[2023,10,4,18,25,16],"JobId{value='Visit273'}":[2023,10,4,13,13,4],"JobId{value='Visit174'}":[2023,10,4,14,0,46],"JobId{value='Visit460'}":[2023,10,4,18,8,35]},"VehicleId{value='vehicle-1'}":{"JobId{value='Visit305'}":[2023,10,4,18,6,59],"JobId{value='Visit407'}":[2023,10,4,13,1,27],"JobId{value='Visit379'}":[2023,10,4,13,20,56],"JobId{value='Visit336'}":[2023,10,4,16,26,34],"JobId{value='Visit144'}":[2023,10,4,12,35,36],"JobId{value='Visit187'}":[2023,10,4,11,30,41],"JobId{value='Visit277'}":[2023,10,4,17,49,10]},"VehicleId{value='vehicle-6'}":{"JobId{value='Visit6'}":[2023,10,4,9,0],"JobId{value='Visit474'}":[2023,10,4,18,14,51],"JobId{value='Visit381'}":[2023,10,4,11,10,28]},"VehicleId{value='vehicle-7'}":{"JobId{value='Visit88'}":[2023,10,4,17,54,31],"JobId{value='Visit7'}":[2023,10,4,9,0],"JobId{value='Visit173'}":[2023,10,4,13,9,25],"JobId{value='Visit30'}":[2023,10,4,11,15,44]},"VehicleId{value='vehicle-8'}":{"JobId{value='Visit291'}":[2023,10,4,12,39,53],"JobId{value='Visit323'}":[2023,10,4,13,50,41],"JobId{value='Visit36'}":[2023,10,4,18,3,32],"JobId{value='Visit146'}":[2023,10,4,16,32,59]},"VehicleId{value='vehicle-9'}":{"JobId{value='Visit339'}":[2023,10,4,14,7,3],"JobId{value='Visit236'}":[2023,10,4,17,45,15],"JobId{value='Visit302'}":[2023,10,4,18,12,15],"JobId{value='Visit469'}":[2023,10,4,12,41,24],"JobId{value='Visit457'}":[2023,10,4,9,34,14],"JobId{value='Visit149'}":[2023,10,4,18,26,9],"JobId{value='Visit486'}":[2023,10,4,17,57,19]},"VehicleId{value='vehicle-2'}":{"JobId{value='Visit22'}":[2023,10,4,12,51,50],"JobId{value='Visit349'}":[2023,10,4,17,52,18],"JobId{value='Visit411'}":[2023,10,4,13,44,18],"JobId{value='Visit297'}":[2023,10,4,11,34,33]},"VehicleId{value='vehicle-3'}":{"JobId{value='Visit438'}":[2023,10,4,10,24,49],"JobId{value='Visit342'}":[2023,10,4,13,24],"JobId{value='Visit284'}":[2023,10,4,11,3,4]},"VehicleId{value='vehicle-4'}":{"JobId{value='Visit23'}":[2023,10,4,11,52,4],"JobId{value='Visit171'}":[2023,10,4,12,38,39],"JobId{value='Visit270'}":[2023,10,4,13,6,18],"JobId{value='Visit307'}":[2023,10,4,18,11,31],"JobId{value='Visit424'}":[2023,10,4,18,26,13],"JobId{value='Visit168'}":[2023,10,4,17,7,57],"JobId{value='Visit387'}":[2023,10,4,17,53,28],"JobId{value='Visit409'}":[2023,10,4,13,50,54]},"VehicleId{value='vehicle-5'}":{"JobId{value='Visit416'}":[2023,10,4,17,52,4],"JobId{value='Visit246'}":[2023,10,4,13,58,47],"JobId{value='Visit5'}":[2023,10,4,18,18,20],"JobId{value='Visit189'}":[2023,10,4,18,5,11],"JobId{value='Visit74'}":[2023,10,4,12,8,32]}},"meanworkingShift":34860.5},"VisualAttractivenessAnalysisResult":{"meanDistanceToGeographicCenter":{"VehicleId{value='vehicle-0'}":8736.269202883443,"VehicleId{value='vehicle-1'}":10186.397700027,"VehicleId{value='vehicle-6'}":16034.222824172799,"VehicleId{value='vehicle-7'}":12210.0303586044,"VehicleId{value='vehicle-8'}":11938.864540282779,"VehicleId{value='vehicle-9'}":8643.202731737338,"VehicleId{value='vehicle-2'}":18351.499233812283,"VehicleId{value='vehicle-3'}":13271.692551844557,"VehicleId{value='vehicle-4'}":5226.946789430235,"VehicleId{value='vehicle-5'}":5725.749967154943},"outliersTTBetweenStops":{"VehicleId{value='vehicle-0'}":[1444.000000000],"VehicleId{value='vehicle-1'}":[1685.000000000,1321.000000000],"VehicleId{value='vehicle-6'}":[1857.000000000],"VehicleId{value='vehicle-7'}":[1711.000000000],"VehicleId{value='vehicle-8'}":[1119.000000000,1501.000000000],"VehicleId{value='vehicle-9'}":[0.0,1524.000000000],"VehicleId{value='vehicle-2'}":[1901.000000000,1641.000000000,1864.000000000,1941.000000000],"VehicleId{value='vehicle-3'}":[0.0,1322.000000000,1310.000000000],"VehicleId{value='vehicle-4'}":[1426.000000000,911.000000000,1097.000000000],"VehicleId{value='vehicle-5'}":[834.000000000,830.000000000,709.000000000,684.000000000,732.000000000]},"meanTravelTimeBetweenStops":{"VehicleId{value='vehicle-0'}":508.000000000,"VehicleId{value='vehicle-1'}":670.000000000,"VehicleId{value='vehicle-6'}":538.000000000,"VehicleId{value='vehicle-7'}":657.000000000,"VehicleId{value='vehicle-8'}":503.000000000,"VehicleId{value='vehicle-9'}":546.000000000,"VehicleId{value='vehicle-2'}":545.000000000,"VehicleId{value='vehicle-3'}":653.000000000,"VehicleId{value='vehicle-4'}":334.000000000,"VehicleId{value='vehicle-5'}":292.000000000},"convexHullList":{"VehicleId{value='vehicle-0'}":[{"latitude":50.9317991,"longitude":3.3984276},{"latitude":50.8883982,"longitude":3.4226293},{"latitude":50.9500569,"longitude":3.8057415}],"VehicleId{value='vehicle-1'}":[{"latitude":51.1381155,"longitude":3.4191654},{"latitude":50.9229568,"longitude":3.5860216},{"latitude":50.928588,"longitude":3.6424737}],"VehicleId{value='vehicle-6'}":[{"latitude":51.104782,"longitude":5.0027731},{"latitude":51.0863751,"longitude":5.1075542},{"latitude":51.100934,"longitude":5.1763261}],"VehicleId{value='vehicle-7'}":[{"latitude":50.717001,"longitude":4.2007627},{"latitude":50.7161945,"longitude":4.2164182},{"latitude":50.7308566,"longitude":4.2974445}],"VehicleId{value='vehicle-8'}":[{"latitude":50.9056972,"longitude":4.3633813},{"latitude":50.8369519,"longitude":4.4690049},{"latitude":50.8378626,"longitude":4.4931993}],"VehicleId{value='vehicle-9'}":[{"latitude":50.9474275,"longitude":4.0397768},{"latitude":50.9557221,"longitude":4.1091576}],"VehicleId{value='vehicle-2'}":[{"latitude":51.0949409,"longitude":2.5888845},{"latitude":50.9002288,"longitude":3.1941152},{"latitude":50.9097487,"longitude":3.2305523}],"VehicleId{value='vehicle-3'}":[{"latitude":50.8167296,"longitude":5.1766675},{"latitude":50.8076806,"longitude":5.3437611},{"latitude":50.983842,"longitude":5.7148723}],"VehicleId{value='vehicle-4'}":[{"latitude":51.2137311,"longitude":4.2340445},{"latitude":51.1953794,"longitude":4.3157423},{"latitude":51.1975085,"longitude":4.4279273}],"VehicleId{value='vehicle-5'}":[{"latitude":51.070899,"longitude":4.2943026},{"latitude":50.9975021,"longitude":4.3263464},{"latitude":51.0134112,"longitude":4.3608446}]},"visitsCloserToOtherCenterOfGravity":[[["Visit143","Visit171","Visit72"],["vehicle-5","vehicle-5","vehicle-5"]],[["1928a998-378f-4d18-a6a2-71375e9b1427","1928a998-378f-4d18-a6a2-71375e9b1427","1928a998-378f-4d18-a6a2-71375e9b1427","Visit7","Visit7","Visit7","2855d6cd-aa2e-480c-b7c9-9ba5b806229a","2855d6cd-aa2e-480c-b7c9-9ba5b806229a","2855d6cd-aa2e-480c-b7c9-9ba5b806229a"],["vehicle-1","vehicle-0","vehicle-9","vehicle-1","vehicle-0","vehicle-9","vehicle-1","vehicle-0","vehicle-9"]],[["Visit111","Visit111","Visit247","Visit247","Visit234","Visit62","Visit62","Visit390","Visit390","Visit74"],["vehicle-8","vehicle-9","vehicle-8","vehicle-9","vehicle-8","vehicle-8","vehicle-9","vehicle-8","vehicle-9","vehicle-8"]],[["c79b7516-3459-4461-a260-070180b02c50","Visit473","Visit145","Visit144","Visit407","Visit379","bce1684d-dabf-4b96-b05e-de3be1253b09"],["vehicle-0","vehicle-0","vehicle-0","vehicle-0","vehicle-0","vehicle-0","vehicle-0"]],[[],[]],[[],[]],[[],[]],[[],[]],[[],[]],[[],[]]],