{"WorkingShiftAnalysisResult":{"totalWaitingTimeSeconds":20580.000000000,"workingShiftOfEachDriver":{"VehicleId{value='vehicle-0'}":14673.000000000,"VehicleId{value='vehicle-1'}":31724.000000000,"VehicleId{value='vehicle-2'}":31771.000000000,"VehicleId{value='vehicle-3'}":28784.000000000},"stddevWorkingShifts":8163.774168034455,"shortestWorkingShift":{"VehicleId{value='vehicle-0'}":14673.000000000},"longestWorkingShift":{"VehicleId{value='vehicle-2'}":31771.000000000},"visitsTimeWindowWrong":{"VehicleId{value='vehicle-0'}":{"JobId{value='Visit44'}":[2023,10,4,13,15],"JobId{value='Visit21'}":[2023,10,4,9,10],"JobId{value='Visit9'}":[2023,10,4,10,30,21],"JobId{value='Visit0'}":[2023,10,4,9,0],"JobId{value='Visit30'}":[2023,10,4,9,43,33]},"VehicleId{value='vehicle-1'}":{"JobId{value='Visit33'}":[2023,10,4,14,7,50],"JobId{value='Visit45'}":[2023,10,4,16,26,18],"JobId{value='Visit10'}":[2023,10,4,17,22,37],"JobId{value='Visit15'}":[2023,10,4,9,0],"JobId{value='Visit37'}":[2023,10,4,17,40,40],"JobId{value='Visit49'}":[2023,10,4,9,28,33],"JobId{value='Visit27'}":[2023,10,4,11,31,55],"JobId{value='Visit13'}":[2023,10,4,13,39,34],"JobId{value='Visit25'}":[2023,10,4,10,11,32],"JobId{value='Visit14'}":[2023,10,4,10,54,11],"JobId{value='Visit4'}":[2023,10,4,16,49,2],"JobId{value='Visit5'}":[2023,10,4,15,38,21],"JobId{value='Visit29'}":[2023,10,4,14,52,34]},"VehicleId{value='vehicle-2'}":{"JobId{value='Visit12'}":[2023,10,4,17,5,35],"JobId{value='Visit31'}":[2023,10,4,10,14,25],"JobId{value='Visit42'}":[2023,10,4,16,14,53],"JobId{value='Visit38'}":[2023,10,4,9,35,11],"JobId{value='Visit35'}":[2023,10,4,14,4,28],"JobId{value='Visit36'}":[2023,10,4,10,0,1],"JobId{value='Visit47'}":[2023,10,4,13,44,25],"JobId{value='Visit19'}":[2023,10,4,9,0],"JobId{value='Visit39'}":[2023,10,4,13,15],"JobId{value='Visit17'}":[2023,10,4,15,2,27],"JobId{value='Visit41'}":[2023,10,4,10,39,9]},"VehicleId{value='vehicle-3'}":{"JobId{value='Visit11'}":[2023,10,4,9,10],"JobId{value='Visit22'}":[2023,10,4,16,5,40],"JobId{value='Visit34'}":[2023,10,4,13,58,1],"JobId{value='Visit8'}":[2023,10,4,15,17,4],"JobId{value='Visit20'}":[2023,10,4,16,32,27],"JobId{value='Visit43'}":[2023,10,4,10,57,41],"JobId{value='Visit32'}":[2023,10,4,14,23,32],"JobId{value='Visit6'}":[2023,10,4,17,14,20],"JobId{value='Visit16'}":[2023,10,4,15,34,45],"JobId{value='Visit24'}":[2023,10,4,9,57,40],"JobId{value='Visit46'}":[2023,10,4,10,38,50],"JobId{value='Visit3'}":[2023,10,4,9,0]}},"meanworkingShift":26738.0},"VisualAttractivenessAnalysisResult":{"meanDistanceToGeographicCenter":{"VehicleId{value='vehicle-0'}":22276.811178893986,"VehicleId{value='vehicle-1'}":24147.58571910811,"VehicleId{value='vehicle-2'}":19920.30491900499,"VehicleId{value='vehicle-3'}":17220.3061550849},"outliersTTBetweenStops":{"VehicleId{value='vehicle-0'}":[],"VehicleId{value='vehicle-1'}":[0.0],"VehicleId{value='vehicle-2'}":[3746.000000000,4004.000000000],"VehicleId{value='vehicle-3'}":[0.0]},"meanTravelTimeBetweenStops":{"VehicleId{value='vehicle-0'}":1496.000000000,"VehicleId{value='vehicle-1'}":1382.000000000,"VehicleId{value='vehicle-2'}":1385.000000000,"VehicleId{value='vehicle-3'}":1456.000000000},"convexHullList":{"VehicleId{value='vehicle-0'}":[{"latitude":50.861176,"longitude":4.6961124},{"latitude":50.7379856,"longitude":5.0844193},{"latitude":50.9596947,"longitude":5.5641}],"VehicleId{value='vehicle-1'}":[{"latitude":51.2328233,"longitude":4.4031845},{"latitude":51.0375398,"longitude":4.4942014},{"latitude":51.057379,"longitude":5.2719891}],"VehicleId{value='vehicle-2'}":[{"latitude":50.7827199,"longitude":2.7391277},{"latitude":50.8745289,"longitude":3.5214573}],"VehicleId{value='vehicle-3'}":[{"latitude":50.9981561,"longitude":3.8116614},{"latitude":50.7945721,"longitude":4.1817911},{"latitude":51.1810663,"longitude":4.4240638}]},"visitsCloserToOtherCenterOfGravity":[[[],[]],[[],[]],[[],[]],[[],[]]],"meanDistanceToConvexHull":{"VehicleId{value='vehicle-0'}":3971.211418253167,"VehicleId{value='vehicle-1'}":11940.283053251142,"VehicleId{value='vehicle-2'}":21682.061063257694,"VehicleId{value='vehicle-3'}":18926.686693434214}},"RouteCompositionAnalysisResult":{"numberOfRoutes":4,"stopsLongestRoute":16,"stopsShortestRoute":7,"meanStops":13.25,"stdDevStops":3.6996621467371855,"totalDistanceMeters":1045236,"unassignedJobs":[{"value":"Visit18"}],"failureRate":0.018518518518518517,"runTime":23935},"CargoAnalysisResult":{"totalLoadKgs":null,"totalLoadVolume":null,"biggestLoad":null,"biggestLoadVolume":null,"smallestLoad":null,"smallestLoadVolume":null,"meanLoad":0.0,"meanLoadVolume":0.0,"stdDevLoad":null,"maxRelativeLoad":null}}