{"WorkingShiftAnalysisResult":{"totalWaitingTimeSeconds":7860.000000000,"workingShiftOfEachDriver":{"VehicleId{value='vehicle-0'}":25006.000000000,"VehicleId{value='vehicle-1'}":22695.000000000},"stddevWorkingShifts":1634.1239243092919,"shortestWorkingShift":{"VehicleId{value='vehicle-1'}":22695.000000000},"longestWorkingShift":{"VehicleId{value='vehicle-0'}":25006.000000000},"visitsTimeWindowWrong":{"VehicleId{value='vehicle-0'}":{"JobId{value='Visit33'}":[2023,10,4,10,28,51],"JobId{value='Visit11'}":[2023,10,4,10,44,22],"JobId{value='Visit12'}":[2023,10,4,9,0],"JobId{value='Visit34'}":[2023,10,4,13,57,35],"JobId{value='Visit20'}":[2023,10,4,9,24,51],"JobId{value='Visit32'}":[2023,10,4,9,51,32],"JobId{value='Visit43'}":[2023,10,4,11,31,4],"JobId{value='Visit21'}":[2023,10,4,14,12,22],"JobId{value='Visit38'}":[2023,10,4,10,57,37],"JobId{value='Visit16'}":[2023,10,4,14,47,55],"JobId{value='Visit46'}":[2023,10,4,13,19,15],"JobId{value='Visit35'}":[2023,10,4,14,36,56],"JobId{value='Visit47'}":[2023,10,4,11,19,35],"JobId{value='Visit36'}":[2023,10,4,11,43,47],"JobId{value='Visit40'}":[2023,10,4,15,18,27],"JobId{value='Visit41'}":[2023,10,4,10,11,32],"JobId{value='Visit7'}":[2023,10,4,9,13],"JobId{value='Visit5'}":[2023,10,4,9,36,26],"JobId{value='Visit19'}":[2023,10,4,15,5,55],"JobId{value='Visit39'}":[2023,10,4,12,14,23],"JobId{value='Visit0'}":[2023,10,4,15,35,50],"JobId{value='Visit29'}":[2023,10,4,11,56,59],"JobId{value='Visit18'}":[2023,10,4,12,29,14]},"VehicleId{value='vehicle-1'}":{"JobId{value='Visit44'}":[2023,10,4,14,13,52],"JobId{value='Visit23'}":[2023,10,4,9,57,56],"JobId{value='Visit45'}":[2023,10,4,11,21,39],"JobId{value='Visit31'}":[2023,10,4,10,30,5],"JobId{value='Visit42'}":[2023,10,4,14,47,51],"JobId{value='Visit10'}":[2023,10,4,11,50,53],"JobId{value='Visit26'}":[2023,10,4,12,18,2],"JobId{value='Visit27'}":[2023,10,4,9,10],"JobId{value='Visit49'}":[2023,10,4,10,10,13],"JobId{value='Visit24'}":[2023,10,4,12,4,16],"JobId{value='Visit25'}":[2023,10,4,13,19,26],"JobId{value='Visit30'}":[2023,10,4,10,40,22],"JobId{value='Visit9'}":[2023,10,4,13,1,48],"JobId{value='Visit6'}":[2023,10,4,11,36,44],"JobId{value='Visit2'}":[2023,10,4,11,1,57],"JobId{value='Visit3'}":[2023,10,4,13,31,45],"JobId{value='Visit17'}":[2023,10,4,13,43,26],"JobId{value='Visit28'}":[2023,10,4,14,29,1],"JobId{value='Visit1'}":[2023,10,4,9,0]}},"meanworkingShift":23850.5},"VisualAttractivenessAnalysisResult":{"meanDistanceToGeographicCenter":{"VehicleId{value='vehicle-0'}":2870.526266963018,"VehicleId{value='vehicle-1'}":2524.0301815225475},"outliersTTBetweenStops":{"VehicleId{value='vehicle-0'}":[763.000000000,874.000000000],"VehicleId{value='vehicle-1'}":[695.000000000]},"meanTravelTimeBetweenStops":{"VehicleId{value='vehicle-0'}":326.000000000,"VehicleId{value='vehicle-1'}":307.000000000},"convexHullList":{"VehicleId{value='vehicle-0'}":[{"latitude":50.8377575,"longitude":4.2738476},{"latitude":50.8278392,"longitude":4.2819294},{"latitude":50.8541541,"longitude":4.3903246}],"VehicleId{value='vehicle-1'}":[{"latitude":50.8090535,"longitude":4.3168946},{"latitude":50.7935792,"longitude":4.3325698},{"latitude":50.7987746,"longitude":4.4053769}]},"visitsCloserToOtherCenterOfGravity":[[[],[]],[[],[]]],"meanDistanceToConvexHull":{"VehicleId{value='vehicle-0'}":1085.0516903544067,"VehicleId{value='vehicle-1'}":1207.429964712367}},"CargoAnalysisResult":{"totalLoadKgs":null,"totalLoadVolume":null,"biggestLoad":null,"biggestLoadVolume":null,"smallestLoad":null,"smallestLoadVolume":null,"meanLoad":0.0,"meanLoadVolume":0.0,"stdDevLoad":null,"maxRelativeLoad":null},"RouteCompositionAnalysisResult":{"numberOfRoutes":2,"stopsLongestRoute":27,"stopsShortestRoute":25,"meanStops":26.0,"stdDevStops":1.0,"totalDistanceMeters":104486,"unassignedJobs":[],"failureRate":0.0,"runTime":9743}}