{"WorkingShiftAnalysisResult":{"totalWaitingTimeSeconds":41129.000000000,"workingShiftOfEachDriver":{"VehicleId{value='vehicle-6'}":1200.000000000,"VehicleId{value='vehicle-7'}":1200.000000000,"VehicleId{value='vehicle-8'}":1200.000000000,"VehicleId{value='vehicle-9'}":2297.000000000,"VehicleId{value='vehicle-10'}":1200.000000000,"VehicleId{value='vehicle-3'}":13972.000000000,"VehicleId{value='vehicle-4'}":3140.000000000,"VehicleId{value='vehicle-5'}":26341.000000000,"VehicleId{value='vehicle-13'}":8904.000000000,"VehicleId{value='vehicle-14'}":1200.000000000,"VehicleId{value='vehicle-0'}":1200.000000000,"VehicleId{value='vehicle-11'}":2377.000000000,"VehicleId{value='vehicle-12'}":5347.000000000,"VehicleId{value='vehicle-1'}":1200.000000000,"VehicleId{value='vehicle-17'}":7521.000000000,"VehicleId{value='vehicle-18'}":1200.000000000,"VehicleId{value='vehicle-15'}":1200.000000000,"VehicleId{value='vehicle-16'}":6239.000000000,"VehicleId{value='vehicle-19'}":4595.000000000},"stddevWorkingShifts":6264.204232515624,"shortestWorkingShift":{"VehicleId{value='vehicle-6'}":1200.000000000},"longestWorkingShift":{"VehicleId{value='vehicle-5'}":26341.000000000},"visitsTimeWindowWrong":{"VehicleId{value='vehicle-6'}":{"JobId{value='Visit6'}":[2023,10,4,9,0]},"VehicleId{value='vehicle-7'}":{"JobId{value='Visit7'}":[2023,10,4,9,0]},"VehicleId{value='vehicle-8'}":{"JobId{value='Visit8'}":[2023,10,4,9,0]},"VehicleId{value='vehicle-9'}":{},"VehicleId{value='vehicle-10'}":{"JobId{value='Visit10'}":[2023,10,4,9,0]},"VehicleId{value='vehicle-3'}":{"JobId{value='Visit77'}":[2023,10,4,13,41,6],"JobId{value='Visit52'}":[2023,10,4,13,29,56]},"VehicleId{value='vehicle-4'}":{"JobId{value='Visit41'}":[2023,10,4,13,15]},"VehicleId{value='vehicle-5'}":{"JobId{value='Visit66'}":[2023,10,4,13,15],"JobId{value='Visit67'}":[2023,10,4,18,37,2],"JobId{value='Visit89'}":[2023,10,4,19,47,56],"JobId{value='Visit64'}":[2023,10,4,17,51,53],"JobId{value='Visit97'}":[2023,10,4,19,24,38],"JobId{value='Visit31'}":[2023,10,4,19,36,45],"JobId{value='Visit98'}":[2023,10,4,16,12,43],"JobId{value='Visit49'}":[2023,10,4,19,0,16],"JobId{value='Visit46'}":[2023,10,4,16,1,31],"JobId{value='Visit36'}":[2023,10,4,18,8,38],"JobId{value='Visit81'}":[2023,10,4,16,25,58],"JobId{value='Visit70'}":[2023,10,4,18,48,40],"JobId{value='Visit74'}":[2023,10,4,13,50,50],"JobId{value='Visit85'}":[2023,10,4,18,22,23],"JobId{value='Visit96'}":[2023,10,4,19,11,47],"JobId{value='Visit60'}":[2023,10,4,15,31,51],"JobId{value='Visit5'}":[2023,10,4,19,59,55]},"VehicleId{value='vehicle-13'}":{"JobId{value='Visit90'}":[2023,10,4,13,49,50],"JobId{value='Visit51'}":[2023,10,4,13,15]},"VehicleId{value='vehicle-14'}":{"JobId{value='Visit14'}":[2023,10,4,9,0]},"VehicleId{value='vehicle-0'}":{},"VehicleId{value='vehicle-11'}":{"JobId{value='Visit71'}":[2023,10,4,13,15]},"VehicleId{value='vehicle-12'}":{"JobId{value='Visit56'}":[2023,10,4,13,15],"JobId{value='Visit92'}":[2023,10,4,9,0]},"VehicleId{value='vehicle-1'}":{"JobId{value='Visit1'}":[2023,10,4,9,0]},"VehicleId{value='vehicle-17'}":{"JobId{value='Visit45'}":[2023,10,4,14,32,58],"JobId{value='Visit63'}":[2023,10,4,14,21,37]},"VehicleId{value='vehicle-18'}":{"JobId{value='Visit18'}":[2023,10,4,9,0]},"VehicleId{value='vehicle-15'}":{},"VehicleId{value='vehicle-16'}":{"JobId{value='Visit34'}":[2023,10,4,9,0],"JobId{value='Visit91'}":[2023,10,4,13,48,18]},"VehicleId{value='vehicle-19'}":{"JobId{value='Visit37'}":[2023,10,4,13,27,36],"JobId{value='Visit19'}":[2023,10,4,9,0]}},"meanworkingShift":4817.526315789473},"VisualAttractivenessAnalysisResult":{"meanDistanceToGeographicCenter":{"VehicleId{value='vehicle-6'}":7.89917420840359E-10,"VehicleId{value='vehicle-7'}":0.0,"VehicleId{value='vehicle-8'}":0.0,"VehicleId{value='vehicle-9'}":277.1227026422663,"VehicleId{value='vehicle-10'}":0.0,"VehicleId{value='vehicle-3'}":1165.142724368416,"VehicleId{value='vehicle-4'}":181.51745169390475,"VehicleId{value='vehicle-5'}":2286.6244017060603,"VehicleId{value='vehicle-13'}":1169.5481636429215,"VehicleId{value='vehicle-14'}":0.0,"VehicleId{value='vehicle-0'}":0.0,"VehicleId{value='vehicle-11'}":496.29995425940825,"VehicleId{value='vehicle-12'}":1778.7636798787635,"VehicleId{value='vehicle-1'}":0.0,"VehicleId{value='vehicle-17'}":911.2911142036235,"VehicleId{value='vehicle-18'}":0.0,"VehicleId{value='vehicle-15'}":7.89917420840359E-10,"VehicleId{value='vehicle-16'}":1394.3546003375013,"VehicleId{value='vehicle-19'}":751.3231387445277},"outliersTTBetweenStops":{"VehicleId{value='vehicle-6'}":[],"VehicleId{value='vehicle-7'}":[],"VehicleId{value='vehicle-8'}":[],"VehicleId{value='vehicle-9'}":[],"VehicleId{value='vehicle-10'}":[],"VehicleId{value='vehicle-3'}":[453.000000000],"VehicleId{value='vehicle-4'}":[],"VehicleId{value='vehicle-5'}":[551.000000000,428.000000000,432.000000000],"VehicleId{value='vehicle-13'}":[0.0],"VehicleId{value='vehicle-14'}":[],"VehicleId{value='vehicle-0'}":[],"VehicleId{value='vehicle-11'}":[],"VehicleId{value='vehicle-12'}":[],"VehicleId{value='vehicle-1'}":[],"VehicleId{value='vehicle-17'}":[],"VehicleId{value='vehicle-18'}":[],"VehicleId{value='vehicle-15'}":[],"VehicleId{value='vehicle-16'}":[],"VehicleId{value='vehicle-19'}":[]},"meanTravelTimeBetweenStops":{"VehicleId{value='vehicle-6'}":0.0,"VehicleId{value='vehicle-7'}":0.0,"VehicleId{value='vehicle-8'}":0.0,"VehicleId{value='vehicle-9'}":165.000000000,"VehicleId{value='vehicle-10'}":0.0,"VehicleId{value='vehicle-3'}":176.000000000,"VehicleId{value='vehicle-4'}":185.000000000,"VehicleId{value='vehicle-5'}":198.000000000,"VehicleId{value='vehicle-13'}":290.000000000,"VehicleId{value='vehicle-14'}":0.0,"VehicleId{value='vehicle-0'}":0.0,"VehicleId{value='vehicle-11'}":192.000000000,"VehicleId{value='vehicle-12'}":469.000000000,"VehicleId{value='vehicle-1'}":0.0,"VehicleId{value='vehicle-17'}":235.000000000,"VehicleId{value='vehicle-18'}":0.0,"VehicleId{value='vehicle-15'}":0.0,"VehicleId{value='vehicle-16'}":291.000000000,"VehicleId{value='vehicle-19'}":165.000000000},"convexHullList":{"VehicleId{value='vehicle-6'}":[{"latitude":50.8297759,"longitude":4.3812713},{"latitude":50.8297759,"longitude":4.3812713}],"VehicleId{value='vehicle-7'}":[{"latitude":50.8748497,"longitude":4.3025441},{"latitude":50.8748497,"longitude":4.3025441}],"VehicleId{value='vehicle-8'}":[{"latitude":50.8124535,"longitude":4.3611322},{"latitude":50.8124535,"longitude":4.3611322}],"VehicleId{value='vehicle-9'}":[{"latitude":50.897629,"longitude":4.3748227},{"latitude":50.900172,"longitude":4.3845607}],"VehicleId{value='vehicle-10'}":[{"latitude":50.8779773,"longitude":4.3838424},{"latitude":50.8779773,"longitude":4.3838424}],"VehicleId{value='vehicle-3'}":[{"latitude":50.86363,"longitude":4.3517924},{"latitude":50.853059,"longitude":4.378821},{"latitude":50.8547838,"longitude":4.3878679}],"VehicleId{value='vehicle-4'}":[{"latitude":50.8059867,"longitude":4.3968562},{"latitude":50.8093653,"longitude":4.4022639}],"VehicleId{value='vehicle-5'}":[{"latitude":50.8128594,"longitude":4.3252195},{"latitude":50.8095603,"longitude":4.3253076},{"latitude":50.8123523,"longitude":4.3436656}],"VehicleId{value='vehicle-13'}":[{"latitude":50.8465808,"longitude":4.2926298},{"latitude":50.8302752,"longitude":4.3111086},{"latitude":50.848562,"longitude":4.3425108}],"VehicleId{value='vehicle-14'}":[{"latitude":50.8636577,"longitude":4.3575594},{"latitude":50.8636577,"longitude":4.3575594}],"VehicleId{value='vehicle-0'}":[{"latitude":50.8403213,"longitude":4.3630874},{"latitude":50.8403213,"longitude":4.3630874}],"VehicleId{value='vehicle-11'}":[{"latitude":50.784677,"longitude":4.3254153},{"latitude":50.795081,"longitude":4.3345686}],"VehicleId{value='vehicle-12'}":[{"latitude":50.85656,"longitude":4.4038321},{"latitude":50.8246625,"longitude":4.4696335}],"VehicleId{value='vehicle-1'}":[{"latitude":50.8590273,"longitude":4.3509844},{"latitude":50.8590273,"longitude":4.3509844}],"VehicleId{value='vehicle-17'}":[{"latitude":50.8139672,