{"WorkingShiftAnalysisResult":{"totalWaitingTimeSeconds":61440.000000000,"workingShiftOfEachDriver":{"VehicleId{value='vehicle-0'}":19276.000000000,"VehicleId{value='vehicle-1'}":12377.000000000,"VehicleId{value='vehicle-2'}":16581.000000000,"VehicleId{value='vehicle-3'}":32597.000000000,"VehicleId{value='vehicle-4'}":10758.000000000},"stddevWorkingShifts":8664.20593591819,"shortestWorkingShift":{"VehicleId{value='vehicle-4'}":10758.000000000},"longestWorkingShift":{"VehicleId{value='vehicle-3'}":32597.000000000},"visitsTimeWindowWrong":{"VehicleId{value='vehicle-0'}":{"JobId{value='Visit88'}":[2023,10,4,10,45,44],"JobId{value='Visit66'}":[2023,10,4,14,12,6],"JobId{value='Visit45'}":[2023,10,4,9,30,56],"JobId{value='Visit75'}":[2023,10,4,9,0],"JobId{value='Visit86'}":[2023,10,4,13,29,44],"JobId{value='Visit49'}":[2023,10,4,9,46,20],"JobId{value='Visit13'}":[2023,10,4,13,44,49],"JobId{value='Visit68'}":[2023,10,4,14,37,58],"JobId{value='Visit80'}":[2023,10,4,14,51,43],"JobId{value='Visit81'}":[2023,10,4,9,15,7],"JobId{value='Visit95'}":[2023,10,4,13,58,13],"JobId{value='Visit51'}":[2023,10,4,14,26,50],"JobId{value='Visit82'}":[2023,10,4,10,58,46],"JobId{value='Visit83'}":[2023,10,4,15,3,11],"JobId{value='Visit0'}":[2023,10,4,15,15,10]},"VehicleId{value='vehicle-1'}":{"JobId{value='Visit99'}":[2023,10,4,9,26,55],"JobId{value='Visit67'}":[2023,10,4,9,39,18],"JobId{value='Visit21'}":[2023,10,4,11,40,25],"JobId{value='Visit6'}":[2023,10,4,10,6],"JobId{value='Visit15'}":[2023,10,4,10,59,59],"JobId{value='Visit47'}":[2023,10,4,9,13,14],"JobId{value='Visit39'}":[2023,10,4,9,0],"JobId{value='Visit1'}":[2023,10,4,13,15]},"VehicleId{value='vehicle-2'}":{"JobId{value='Visit22'}":[2023,10,4,14,11,47],"JobId{value='Visit53'}":[2023,10,4,10,49,47],"JobId{value='Visit64'}":[2023,10,4,13,30,52],"JobId{value='Visit16'}":[2023,10,4,10,20,17],"JobId{value='Visit35'}":[2023,10,4,11,14,42],"JobId{value='Visit24'}":[2023,10,4,14,24,23],"JobId{value='Visit46'}":[2023,10,4,14,44,15],"JobId{value='Visit91'}":[2023,10,4,13,47,38],"JobId{value='Visit73'}":[2023,10,4,11,0,27],"JobId{value='Visit63'}":[2023,10,4,9,0],"JobId{value='Visit96'}":[2023,10,4,9,12,13],"JobId{value='Visit30'}":[2023,10,4,10,34,29],"JobId{value='Visit93'}":[2023,10,4,9,24,22],"JobId{value='Visit50'}":[2023,10,4,10,6],"JobId{value='Visit5'}":[2023,10,4,13,58,21],"JobId{value='Visit2'}":[2023,10,4,14,57,20]},"VehicleId{value='vehicle-3'}":{"JobId{value='Visit44'}":[2023,10,4,13,38,19],"JobId{value='Visit89'}":[2023,10,4,9,12,7],"JobId{value='Visit26'}":[2023,10,4,9,0],"JobId{value='Visit25'}":[2023,10,4,10,59,15],"JobId{value='Visit62'}":[2023,10,4,10,48,25],"JobId{value='Visit40'}":[2023,10,4,17,24,8],"JobId{value='Visit61'}":[2023,10,4,16,45,50],"JobId{value='Visit28'}":[2023,10,4,9,25,56],"JobId{value='Visit29'}":[2023,10,4,13,15],"JobId{value='Visit11'}":[2023,10,4,15,2,1],"JobId{value='Visit34'}":[2023,10,4,11,23,40],"JobId{value='Visit56'}":[2023,10,4,13,25,49],"JobId{value='Visit31'}":[2023,10,4,9,39,3],"JobId{value='Visit32'}":[2023,10,4,14,21,24],"JobId{value='Visit59'}":[2023,10,4,15,58,12],"JobId{value='Visit38'}":[2023,10,4,14,8,41],"JobId{value='Visit79'}":[2023,10,4,15,36,1],"JobId{value='Visit36'}":[2023,10,4,10,6],"JobId{value='Visit90'}":[2023,10,4,10,36,4],"JobId{value='Visit71'}":[2023,10,4,15,16,46],"JobId{value='Visit72'}":[2023,10,4,10,18,26],"JobId{value='Visit8'}":[2023,10,4,16,14,25],"JobId{value='Visit9'}":[2023,10,4,11,11,23],"JobId{value='Visit7'}":[2023,10,4,16,33,10],"JobId{value='Visit17'}":[2023,10,4,17,9,25]},"VehicleId{value='vehicle-4'}":{"JobId{value='Visit43'}":[2023,10,4,9,13,2],"JobId{value='Visit37'}":[2023,10,4,10,6],"JobId{value='Visit4'}":[2023,10,4,11,36,55],"JobId{value='Visit84'}":[2023,10,4,10,39,21],"JobId{value='Visit85'}":[2023,10,4,9,0]}},"meanworkingShift":18317.8},"VisualAttractivenessAnalysisResult":{"meanDistanceToGeographicCenter":{"VehicleId{value='vehicle-0'}":1728.8274616000679,"VehicleId{value='vehicle-1'}":2659.286412725484,"VehicleId{value='vehicle-2'}":1800.227233375744,"VehicleId{value='vehicle-3'}":2338.0916749781645,"VehicleId{value='vehicle-4'}":1466.502611311822},"outliersTTBetweenStops":{"VehicleId{value='vehicle-0'}":[892.000000000,629.000000000],"VehicleId{value='vehicle-1'}":[1178.000000000],"VehicleId{value='vehicle-2'}":[592.000000000],"VehicleId{value='vehicle-3'}":[731.000000000,815.000000000],"VehicleId{value='vehicle-4'}":[623.000000000]},"meanTravelTimeBetweenStops":{"VehicleId{value='vehicle-0'}":276.000000000,"VehicleId{value='vehicle-1'}":352.000000000,"VehicleId{value='vehicle-2'}":229.000000000,"VehicleId{value='vehicle-3'}":257.000000000,"VehicleId{value='vehicle-4'}":296.000000000},"convexHullList":{"VehicleId{value='vehicle-0'}":[{"latitude":50.8454698,"longitude":4.3434497},{"latitude":50.8428133,"longitude":4.4089614},{"latitude":50.8522042,"longitude":4.4173339}],"VehicleId{value='vehicle-1'}":[{"latitude":50.8014033,"longitude":4.3168037},{"latitude":50.7828438,"longitude":4.3273313},{"latitude":50.8029955,"longitude":4.4169561}],"VehicleId{value='vehicle-2'}":[{"latitude":50.8679111,"longitude":4.2899391},{"latitude":50.8462849,"longitude":4.2937946},{"latitude":50.8492056,"longitude":4.3078623}],"VehicleId{value='vehicle-3'}":[{"latitude":50.8176831,"longitude":4.3432655},{"latitude":50.8146201,"longitude":4.3619407},{"latitude":50.8232246,"longitude":4.4104913}],"VehicleId{value='vehicle-4'}":[{"latitude":50.8165649,"longitude":4.2800202},{"latitude":50.822919,"longitude":4.3257071}]},"visitsCloserToOtherCenterOfGravity":[[["Visit63","Visit96","Visit93","Visit64","Visit91"],["vehicle-4","vehicle-4","vehicle-4","vehicle-0","vehicle-0"]],[["START","START","Visit26","Visit26","Visit89","Visit89","Visit28","Visit31","Visit36","Visit79","Visit59","Visit8","Visit7","Visit3","Visit3","END","END"],["vehicle-4","vehicle-1","vehicle-4","vehicle-1","vehicle-4","vehicle-1","vehicle-1","vehicle-1","vehicle-1","vehicle-0","vehicle-0","vehicle-0","vehicle-0","vehicle-4","vehicle-1","vehicle-4","vehicle-1"]],[[],[]],[[],[]],[[],[]]],"meanDistanceToConvexHull":{"VehicleId{value='vehicle-0'}":911.8574803208669,"VehicleId{value='vehicle-1'}":1377.7028315137443,"VehicleId{value='vehicle-2'}":1240.6248256864465,"VehicleId{value='vehicle-3'}":1464.785336498809,"VehicleId{value='vehicle-4'}":2244.6866930142246}},"RouteCompositionAnalysisResult":{"numberOfRoutes":5,"stopsLongestRoute":38,"stopsShortestRoute":12,"meanStops":21.0,"stdDevStops":9.338094023943002,"totalDistanceMeters":178875,"unassignedJobs":[],"failureRate":0.0,"runTime":10368},"CargoAnalysisResult":{"totalLoadKgs":null,"totalLoadVolume":null,"biggestLoad":null,"biggestLoadVolume":null,"smallestLoad":null,"smallestLoadVolume":null,"meanLoad":0.0,"meanLoadVolume":0.0,"stdDevLoad":null,"maxRelativeLoad":null}}