{"WorkingShiftAnalysisResult":{"totalWaitingTimeSeconds":286.000000000,"workingShiftOfEachDriver":{"VehicleId{value='vehicle-0'}":35166.000000000,"VehicleId{value='vehicle-1'}":35523.000000000,"VehicleId{value='vehicle-6'}":35628.000000000,"VehicleId{value='vehicle-7'}":35432.000000000,"VehicleId{value='vehicle-8'}":35792.000000000,"VehicleId{value='vehicle-9'}":35941.000000000,"VehicleId{value='vehicle-2'}":34924.000000000,"VehicleId{value='vehicle-3'}":35068.000000000,"VehicleId{value='vehicle-4'}":35434.000000000,"VehicleId{value='vehicle-5'}":35673.000000000},"stddevWorkingShifts":324.5453229776493,"shortestWorkingShift":{"VehicleId{value='vehicle-2'}":34924.000000000},"longestWorkingShift":{"VehicleId{value='vehicle-9'}":35941.000000000},"visitsTimeWindowWrong":{"VehicleId{value='vehicle-0'}":{"JobId{value='Visit391'}":[2023,10,4,9,23,49]},"VehicleId{value='vehicle-1'}":{"JobId{value='Visit426'}":[2023,10,4,12,29,58]},"VehicleId{value='vehicle-6'}":{},"VehicleId{value='vehicle-7'}":{"JobId{value='Visit10'}":[2023,10,4,17,43,21],"JobId{value='Visit102'}":[2023,10,4,13,35,49]},"VehicleId{value='vehicle-8'}":{},"VehicleId{value='vehicle-9'}":{},"VehicleId{value='vehicle-2'}":{"JobId{value='Visit27'}":[2023,10,4,16,16,9],"JobId{value='Visit238'}":[2023,10,4,17,43,55]},"VehicleId{value='vehicle-3'}":{"JobId{value='Visit89'}":[2023,10,4,17,42,14]},"VehicleId{value='vehicle-4'}":{},"VehicleId{value='vehicle-5'}":{"JobId{value='Visit466'}":[2023,10,4,17,40,57]}},"meanworkingShift":35458.1},"VisualAttractivenessAnalysisResult":{"meanDistanceToGeographicCenter":{"VehicleId{value='vehicle-0'}":2629.855233081315,"VehicleId{value='vehicle-1'}":2922.932378015334,"VehicleId{value='vehicle-6'}":3457.9561108987377,"VehicleId{value='vehicle-7'}":2098.8561836360504,"VehicleId{value='vehicle-8'}":2467.0837840905683,"VehicleId{value='vehicle-9'}":2869.98899629079,"VehicleId{value='vehicle-2'}":2318.9186940730833,"VehicleId{value='vehicle-3'}":2453.5330617552,"VehicleId{value='vehicle-4'}":2242.443786738211,"VehicleId{value='vehicle-5'}":1882.0835214073054},"outliersTTBetweenStops":{"VehicleId{value='vehicle-0'}":[832.000000000,580.000000000,508.000000000],"VehicleId{value='vehicle-1'}":[1149.000000000],"VehicleId{value='vehicle-6'}":[494.000000000,537.000000000],"VehicleId{value='vehicle-7'}":[563.000000000,505.000000000,404.000000000],"VehicleId{value='vehicle-8'}":[452.000000000,650.000000000,506.000000000],"VehicleId{value='vehicle-9'}":[514.000000000,557.000000000,513.000000000,544.000000000],"VehicleId{value='vehicle-2'}":[569.000000000,413.000000000,688.000000000],"VehicleId{value='vehicle-3'}":[983.000000000],"VehicleId{value='vehicle-4'}":[668.000000000,624.000000000,509.000000000],"VehicleId{value='vehicle-5'}":[761.000000000]},"meanTravelTimeBetweenStops":{"VehicleId{value='vehicle-0'}":199.000000000,"VehicleId{value='vehicle-1'}":155.000000000,"VehicleId{value='vehicle-6'}":209.000000000,"VehicleId{value='vehicle-7'}":170.000000000,"VehicleId{value='vehicle-8'}":178.000000000,"VehicleId{value='vehicle-9'}":216.000000000,"VehicleId{value='vehicle-2'}":176.000000000,"VehicleId{value='vehicle-3'}":179.000000000,"VehicleId{value='vehicle-4'}":187.000000000,"VehicleId{value='vehicle-5'}":192.000000000},"convexHullList":{"VehicleId{value='vehicle-0'}":[{"latitude":50.7855297,"longitude":4.3637029},{"latitude":50.784567,"longitude":4.3825065},{"latitude":50.8597484,"longitude":4.4122429}],"VehicleId{value='vehicle-1'}":[{"latitude":50.8463594,"longitude":4.297969},{"latitude":50.8182723,"longitude":4.3284501},{"latitude":50.8238961,"longitude":4.3858112}],"VehicleId{value='vehicle-6'}":[{"latitude":50.8139394,"longitude":4.4075031},{"latitude":50.8121797,"longitude":4.4241027},{"latitude":50.8212116,"longitude":4.429336}],"VehicleId{value='vehicle-7'}":[{"latitude":50.8295522,"longitude":4.303686},{"latitude":50.8256641,"longitude":4.3360797},{"latitude":50.8279596,"longitude":4.3517905}],"VehicleId{value='vehicle-8'}":[{"latitude":50.8186235,"longitude":4.2929159},{"latitude":50.7854692,"longitude":4.3285486},{"latitude":50.8304476,"longitude":4.3957072}],"VehicleId{value='vehicle-9'}":[{"latitude":50.829075,"longitude":4.3576523},{"latitude":50.8257041,"longitude":4.3602645},{"latitude":50.8489752,"longitude":4.3951501}],"VehicleId{value='vehicle-2'}":[{"latitude":50.8034213,"longitude":4.408232},{"latitude":50.8025358,"longitude":4.4197219},{"latitude":50.8119101,"longitude":4.4238753}],"VehicleId{value='vehicle-3'}":[{"latitude":50.813356,"longitude":4.3316326},{"latitude":50.811366,"longitude":4.3651478},{"latitude":50.8180895,"longitude":4.3813815}],"VehicleId{value='vehicle-4'}":[{"latitude":50.8679111,"longitude":4.2898822},{"latitude":50.82885,"longitude":4.37077},{"latitude":50.8302349,"longitude":4.3750969}],"VehicleId{value='vehicle-5'}":[{"latitude":50.8689339,"longitude":4.3195712},{"latitude":50.83668,"longitude":4.37318},{"latitude":50.8625334,"longitude":4.4166204}]},