{"WorkingShiftAnalysisResult":{"totalWaitingTimeSeconds":20402.000000000,"workingShiftOfEachDriver":{"VehicleId{value='vehicle-0'}":26580.000000000,"VehicleId{value='vehicle-1'}":21871.000000000,"VehicleId{value='vehicle-2'}":6874.000000000,"VehicleId{value='vehicle-3'}":30943.000000000,"VehicleId{value='vehicle-4'}":4129.000000000},"stddevWorkingShifts":11961.221572230823,"shortestWorkingShift":{"VehicleId{value='vehicle-4'}":4129.000000000},"longestWorkingShift":{"VehicleId{value='vehicle-3'}":30943.000000000},"visitsTimeWindowWrong":{"VehicleId{value='vehicle-0'}":{"JobId{value='Visit66'}":[2023,10,4,16,29],"JobId{value='Visit22'}":[2023,10,4,19,51,23],"JobId{value='Visit12'}":[2023,10,4,18,15,1],"JobId{value='Visit53'}":[2023,10,4,14,57,47],"JobId{value='Visit64'}":[2023,10,4,20,29,32],"JobId{value='Visit59'}":[2023,10,4,19,15,51],"JobId{value='Visit49'}":[2023,10,4,13,59,49],"JobId{value='Visit79'}":[2023,10,4,19,34,43],"JobId{value='Visit58'}":[2023,10,4,17,57,56],"JobId{value='Visit91'}":[2023,10,4,20,42,35],"JobId{value='Visit81'}":[2023,10,4,13,44],"JobId{value='Visit70'}":[2023,10,4,18,29,45],"JobId{value='Visit73'}":[2023,10,4,15,25,29],"JobId{value='Visit95'}":[2023,10,4,17,46,29],"JobId{value='Visit30'}":[2023,10,4,15,14,2],"JobId{value='Visit8'}":[2023,10,4,19,2,29],"JobId{value='Visit7'}":[2023,10,4,18,47,26],"JobId{value='Visit5'}":[2023,10,4,20,15,28]},"VehicleId{value='vehicle-1'}":{"JobId{value='Visit99'}":[2023,10,4,13,57,41],"JobId{value='Visit67'}":[2023,10,4,14,10,4],"JobId{value='Visit76'}":[2023,10,4,18,22,25],"JobId{value='Visit54'}":[2023,10,4,18,43,51],"JobId{value='Visit21'}":[2023,10,4,19,5,17],"JobId{value='Visit46'}":[2023,10,4,17,50,12],"JobId{value='Visit24'}":[2023,10,4,18,9,9],"JobId{value='Visit92'}":[2023,10,4,14,49,56],"JobId{value='Visit18'}":[2023,10,4,19,22,36]},"VehicleId{value='vehicle-2'}":{"JobId{value='Visit14'}":[2023,10,4,14,8,7]},"VehicleId{value='vehicle-3'}":{"JobId{value='Visit11'}":[2023,10,4,17,51,19],"JobId{value='Visit88'}":[2023,10,4,19,24,22],"JobId{value='Visit33'}":[2023,10,4,20,44,46],"JobId{value='Visit55'}":[2023,10,4,22,16,48],"JobId{value='Visit97'}":[2023,10,4,16,29],"JobId{value='Visit20'}":[2023,10,4,19,37,37],"JobId{value='Visit42'}":[2023,10,4,19,50,35],"JobId{value='Visit87'}":[2023,10,4,21,8,22],"JobId{value='Visit43'}":[2023,10,4,22,2,15],"JobId{value='Visit48'}":[2023,10,4,21,44,5],"JobId{value='Visit57'}":[2023,10,4,18,59,4],"JobId{value='Visit25'}":[2023,10,4,21,19,37],"JobId{value='Visit90'}":[2023,10,4,16,44,7],"JobId{value='Visit62'}":[2023,10,4,20,56,15],"JobId{value='Visit41'}":[2023,10,4,20,4,55],"JobId{value='Visit74'}":[2023,10,4,20,30,45],"JobId{value='Visit71'}":[2023,10,4,18,22,16],"JobId{value='Visit82'}":[2023,10,4,19,13,44],"JobId{value='Visit72'}":[2023,10,4,16,58,3],"JobId{value='Visit94'}":[2023,10,4,17,23,30],"JobId{value='Visit61'}":[2023,10,4,18,41,53],"JobId{value='Visit9'}":[2023,10,4,21,31,48],"JobId{value='Visit17'}":[2023,10,4,18,6,4]},"VehicleId{value='vehicle-4'}":{"JobId{value='Visit85'}":[2023,10,4,9,0]}},"meanworkingShift":18079.4},"VisualAttractivenessAnalysisResult":{"meanDistanceToGeographicCenter":{"VehicleId{value='vehicle-0'}":2139.9710889760563,"VehicleId{value='vehicle-1'}":4162.304791798458,"VehicleId{value='vehicle-2'}":628.7490863038628,"VehicleId{value='vehicle-3'}":2079.180126581391,"VehicleId{value='vehicle-4'}":653.4914555948122},"outliersTTBetweenStops":{"VehicleId{value='vehicle-0'}":[696.000000000,845.000000000],"VehicleId{value='vehicle-1'}":[0.0],"VehicleId{value='vehicle-2'}":[],"VehicleId{value='vehicle-3'}":[481.000000000,577.000000000,431.000000000,490.000000000],"VehicleId{value='vehicle-4'}":[]},"meanTravelTimeBetweenStops":{"VehicleId{value='vehicle-0'}":286.000000000,"VehicleId{value='vehicle-1'}":350.000000000,"VehicleId{value='vehicle-2'}":163.000000000,"VehicleId{value='vehicle-3'}":214.000000000,"VehicleId{value='vehicle-4'}":225.000000000},"convexHullList":{"VehicleId{value='vehicle-0'}":[{"latitude":50.8543332,"longitude":4.315411},{"latitude":50.8456962,"longitude":4.3529629},{"latitude":50.8505155,"longitude":4.3703711}],"VehicleId{value='vehicle-1'}":[{"latitude":50.8165649,"longitude":4.2800202},{"latitude":50.7828438,"longitude":4.3273313},{"latitude":50.8029955,"longitude":4.4169561}],"VehicleId{value='vehicle-2'}":[{"latitude":50.8455328,"longitude":4.2849072},{"latitude":50.841295,"longitude":4.3082273}],"VehicleId{value='vehicle-3'}":[{"latitude":50.8176831,"longitude":4.3432655},{"latitude":50.8146201,"longitude":4.3619407},{"latitude":50.8248353,"longitude":4.4059085}],"VehicleId{value='vehicle-4'}":[{"latitude":50.8230711,"longitude":4.3239613},{"latitude":50.822919,"longitude":4.3257071}]},"visitsCloserToOtherCenterOfGravity":[[[],[]],[[],[]],[[],[]],[["64f38173-91a5-4cdc-801c-3448362f5fe6","Visit3","Visit26","Visit89","Visit28","Visit69","Visit31","Visit36","Visit48","Visit43","Visit55","805342c6-2e0d-4c6b-8a7d-5a71925bd787"],["vehicle-1","vehicle-1","vehicle-1","vehicle-1","vehicle-1","vehicle-1","vehicle-1","vehicle-1","vehicle-1","vehicle-1","vehicle-1","vehicle-1"]],[[],[]]],"meanDistanceToConvexHull":{"VehicleId{value='vehicle-0'}":1630.2063844122392,"VehicleId{value='vehicle-1'}":3274.4009509881685,"VehicleId{value='vehicle-2'}":1173.7452278133417,"VehicleId{value='vehicle-3'}":1525.199390628131,"VehicleId{value='vehicle-4'}":530.5117422752256}},"CargoAnalysisResult":{"totalLoadKgs":null,"totalLoadVolume":null,"biggestLoad":null,"biggestLoadVolume":null,"smallestLoad":null,"smallestLoadVolume":null,"meanLoad":0.0,"meanLoadVolume":0.0,"stdDevLoad":null,"maxRelativeLoad":null},"RouteCompositionAnalysisResult":{"numberOfRoutes":5,"stopsLongestRoute":38,"stopsShortestRoute":5,"meanStops":21.0,"stdDevStops":12.441864811996632,"totalDistanceMeters":177136,"unassignedJobs":[],"failureRate":0.0,"runTime":1692}}