{"WorkingShiftAnalysisResult":{"totalWaitingTimeSeconds":420.000000000,"workingShiftOfEachDriver":{"VehicleId{value='vehicle-0'}":35901.000000000,"VehicleId{value='vehicle-1'}":34811.000000000,"VehicleId{value='vehicle-2'}":34928.000000000,"VehicleId{value='vehicle-3'}":34488.000000000,"VehicleId{value='vehicle-4'}":34774.000000000},"stddevWorkingShifts":539.4455486886512,"shortestWorkingShift":{"VehicleId{value='vehicle-3'}":34488.000000000},"longestWorkingShift":{"VehicleId{value='vehicle-0'}":35901.000000000},"visitsTimeWindowWrong":{"VehicleId{value='vehicle-0'}":{"JobId{value='Visit437'}":[2023,10,4,17,22,41],"JobId{value='Visit97'}":[2023,10,4,15,49,29],"JobId{value='Visit439'}":[2023,10,4,16,22,7],"JobId{value='Visit379'}":[2023,10,4,16,7,17],"JobId{value='Visit326'}":[2023,10,4,10,46,46],"JobId{value='Visit226'}":[2023,10,4,9,28,11],"JobId{value='Visit204'}":[2023,10,4,11,26,58],"JobId{value='Visit248'}":[2023,10,4,14,19,23],"JobId{value='Visit100'}":[2023,10,4,12,49,2],"JobId{value='Visit155'}":[2023,10,4,14,30,44],"JobId{value='Visit298'}":[2023,10,4,17,35,57],"JobId{value='Visit242'}":[2023,10,4,12,29,4],"JobId{value='Visit297'}":[2023,10,4,14,45,28],"JobId{value='Visit399'}":[2023,10,4,14,59,58],"JobId{value='Visit278'}":[2023,10,4,15,33,18],"JobId{value='Visit288'}":[2023,10,4,13,37,26],"JobId{value='Visit321'}":[2023,10,4,17,6,21],"JobId{value='Visit492'}":[2023,10,4,11,11,9],"JobId{value='Visit491'}":[2023,10,4,9,0],"JobId{value='Visit174'}":[2023,10,4,9,45,6],"JobId{value='Visit295'}":[2023,10,4,10,2,11],"JobId{value='Visit281'}":[2023,10,4,15,19,51],"JobId{value='Visit19'}":[2023,10,4,12,6,13],"JobId{value='Visit408'}":[2023,10,4,13,9,20]},"VehicleId{value='vehicle-1'}":{"JobId{value='Visit328'}":[2023,10,4,10,34,37],"JobId{value='Visit306'}":[2023,10,4,12,55,28],"JobId{value='Visit34'}":[2023,10,4,17,24,20],"JobId{value='Visit417'}":[2023,10,4,11,29,43],"JobId{value='Visit208'}":[2023,10,4,12,40,55],"JobId{value='Visit10'}":[2023,10,4,13,59,33],"JobId{value='Visit477'}":[2023,10,4,10,57,32],"JobId{value='Visit413'}":[2023,10,4,16,33,45],"JobId{value='Visit243'}":[2023,10,4,14,18,53],"JobId{value='Visit375'}":[2023,10,4,16,55,7],"JobId{value='Visit264'}":[2023,10,4,12,4,59],"JobId{value='Visit110'}":[2023,10,4,14,53,41],"JobId{value='Visit201'}":[2023,10,4,15,57,10],"JobId{value='Visit222'}":[2023,10,4,9,0],"JobId{value='Visit481'}":[2023,10,4,11,15,54],"JobId{value='Visit140'}":[2023,10,4,12,22,58],"JobId{value='Visit84'}":[2023,10,4,13,10,21],"JobId{value='Visit30'}":[2023,10,4,14,32,21],"JobId{value='Visit82'}":[2023,10,4,10,19,6],"JobId{value='Visit193'}":[2023,10,4,11,48,59],"JobId{value='Visit292'}":[2023,10,4,16,13,19]},"VehicleId{value='vehicle-2'}":{"JobId{value='Visit129'}":[2023,10,4,16,30,10],"JobId{value='Visit429'}":[2023,10,4,9,40,57],"JobId{value='Visit42'}":[2023,10,4,16,52,49],"JobId{value='Visit65'}":[2023,10,4,14,38,18],"JobId{value='Visit367'}":[2023,10,4,13,15],"JobId{value='Visit400'}":[2023,10,4,16,4,23],"JobId{value='Visit424'}":[2023,10,4,17,39,16],"JobId{value='Visit144'}":[2023,10,4,10,24,48],"JobId{value='Visit483'}":[2023,10,4,12,9,19],"JobId{value='Visit340'}":[2023,10,4,17,5,51],"JobId{value='Visit240'}":[2023,10,4,9,0],"JobId{value='Visit192'}":[2023,10,4,13,32,56],"JobId{value='Visit29'}":[2023,10,4,15,42,28],"JobId{value='Visit319'}":[2023,10,4,16,16,20],"JobId{value='Visit115'}":[2023,10,4,15,8,47],"JobId{value='Visit236'}":[2023,10,4,15,29,45],"JobId{value='Visit59'}":[2023,10,4,17,22,26],"JobId{value='Visit176'}":[2023,10,4,11,23,11],"JobId{value='Visit398'}":[2023,10,4,10,43,54],"JobId{value='Visit299'}":[2023,10,4,11,58,19],"JobId{value='Visit475'}":[2023,10,4,12,48,3],"JobId{value='Visit497'}":[2023,10,4,13,54,42],"JobId{value='Visit112'}":[2023,10,4,14,21,2],"JobId{value='Visit51'}":[2023,10,4,10,1,5],"JobId{value='Visit272'}":[2023,10,4,12,27,41],"JobId{value='Visit471'}":[2023,10,4,9,23,53],"JobId{value='Visit8'}":[2023,10,4,11,43,42]},"VehicleId{value='vehicle-3'}":{"JobId{value='Visit239'}":[2023,10,4,11,27,49],"JobId{value='Visit54'}":[2023,10,4,17,17,23],"JobId{value='Visit258'}":[2023,10,4,11,14,6],"JobId{value='Visit104'}":[2023,10,4,12,9,37],"JobId{value='Visit269'}":[2023,10,4,16,10,58],"JobId{value='Visit411'}":[2023,10,4,13,52,11],"JobId{value='Visit205'}":[2023,10,4,17,41,45],"JobId{value='Visit353'}":[2023,10,4,11,42,7],"JobId{value='Visit166'}":[2023,10,4,15,39,39],"JobId{value='Visit430'}":[2023,10,4,16,27,16],"JobId{value='Visit165'}":[2023,10,4,14,49,59],"JobId{value='Visit410'}":[2023,10,4,14,21,58],"JobId{value='Visit178'}":[2023,10,4,11,54,51],"JobId{value='Visit244'}":[2023,10,4,14,36,16],"JobId{value='Visit184'}":[2023,10,4,10,23,34],"JobId{value='Visit283'}":[2023,10,4,15,13,12],"JobId{value='Visit384'}":[2023,10,4,10,52,39],"JobId{value='Visit72'}":[2023,10,4,16,54,2],"JobId{value='Visit182'}":[2023,10,4,13,5,48],"JobId{value='Visit409'}":[2023,10,4,15,54,29],"JobId{value='Visit419'}":[2023,10,4,9,0]},"VehicleId{value='vehicle-4'}":{"JobId{value='Visit108'}":[2023,10,4,10,2,15],"JobId{value='Visit459'}":[2023,10,4,14,32,50],"JobId{value='Visit86'}":[2023,10,4,10,57,39],"JobId{value='Visit64'}":[2023,10,4,14,47,38],"JobId{value='Visit43'}":[2023,10,4,13,15],"JobId{value='Visit368'}":[2023,10,4,9,0],"JobId{value='Visit456'}":[2023,10,4,17,37,32],"JobId{value='Visit38'}":[2023,10,4,11,59,6],"JobId{value='Visit315'}":[2023,10,4,16,48,49],"JobId{value='Visit105'}":[2023,10,4,11,22,29],"JobId{value='Visit221'}":[2023,10,4,11,41,4],"JobId{value='Visit154'}":[2023,10,4,12,23,38],"JobId{value='Visit179'}":[2023,10,4,9,50,23],"JobId{value='Visit454'}":[2023,10,4,13,33,19],"JobId{value='Visit311'}":[2023,10,4,16,0,33],"JobId{value='Visit63'}":[2023,10,4,9,32,50],"JobId{value='Visit161'}":[2023,10,4,17,7,57],"JobId{value='Visit241'}":[2023,10,4,15,35,45],"JobId{value='Visit60'}":[2023,10,4,16,37,43],"JobId{value='Visit191'}":[2023,10,4,15,24,13],"JobId{value='Visit171'}":[2023,10,4,13,59,24],"JobId{value='Visit9'}":[2023,10,4,12,10,15]}},"meanworkingShift":34980.4},"VisualAttractivenessAnalysisResult":{"meanDistanceToGeographicCenter":{"VehicleId{value='vehicle-0'}":15985.284991756916,"VehicleId{value='vehicle-1'}":27710.54577125909,"VehicleId{value='vehicle-2'}":8157.219885414801,"VehicleId{value='vehicle-3'}":45846.45749898123,"VehicleId{value='vehicle-4'}":21652.87095775252},"outliersTTBetweenStops":{"VehicleId{value='vehicle-0'}":[2075.000000000,1755.000000000,1917.000000000],"VehicleId{value='vehicle-1'}":[4146.000000000,3209.000000000,3128.000000000],"VehicleId{value='vehicle-2'}":[1757.000000000,1622.000000000],"VehicleId{value='vehicle-3'}":[4414.000000000,2771.000000000],"VehicleId{value='vehicle-4'}":[2724.000000000]},"meanTravelTimeBetweenStops":{"VehicleId{value='vehicle-0'}":682.000000000,"VehicleId{value='vehicle-1'}":982.000000000,"VehicleId{value='vehicle-2'}":604.000000000,"VehicleId{value='vehicle-3'}":967.000000000,"VehicleId{value='vehicle-4'}":737.000000000},"convexHullList":{"VehicleId{value='vehicle-0'}":[{"latitude":51.219513,"longitude":4.4379095},{"latitude":51.1660448,"longitude":4.7319943},{"latitude":51.1714704,"longitude":5.013552}],"VehicleId{value='vehicle-1'}":[{"latitude":50.9007502,"longitude":4.0521707},{"latitude":50.7736208,"longitude":4.9107602}],"VehicleId{value='vehicle-2'}":[{"latitude":51.0706133,"longitude":4.2747768},{"latitude":51.0028138,"longitude":4.3027479},{"latitude":51.058348,"longitude":4.5100019}],"VehicleId{value='vehicle-3'}":[{"latitude":51.0382197,"longitude":3.7314482},{"latitude":50.9206065,"longitude":4.5637389},{"latitude":50.9434425,"longitude":4.5777612}],"VehicleId{value='vehicle-4'}":[{"latitude":50.7749641,"longitude":4.8889572},{"latitude":50.7736208,"longitude":4.9107602}]},