{"WorkingShiftAnalysisResult":{"totalWaitingTimeSeconds":343.000000000,"workingShiftOfEachDriver":{"VehicleId{value='vehicle-0'}":36491.000000000,"VehicleId{value='vehicle-1'}":36862.000000000,"VehicleId{value='vehicle-6'}":36166.000000000,"VehicleId{value='vehicle-7'}":36830.000000000,"VehicleId{value='vehicle-8'}":37884.000000000,"VehicleId{value='vehicle-9'}":37338.000000000,"VehicleId{value='vehicle-2'}":36510.000000000,"VehicleId{value='vehicle-3'}":37988.000000000,"VehicleId{value='vehicle-4'}":36549.000000000,"VehicleId{value='vehicle-5'}":37966.000000000},"stddevWorkingShifts":684.5093944651974,"shortestWorkingShift":{"VehicleId{value='vehicle-6'}":36166.000000000},"longestWorkingShift":{"VehicleId{value='vehicle-3'}":37988.000000000},"visitsTimeWindowWrong":{"VehicleId{value='vehicle-0'}":{"JobId{value='Visit423'}":[2023,10,4,17,53,11]},"VehicleId{value='vehicle-1'}":{},"VehicleId{value='vehicle-6'}":{"JobId{value='Visit368'}":[2023,10,4,17,44,2]},"VehicleId{value='vehicle-7'}":{"JobId{value='Visit487'}":[2023,10,4,17,49,19]},"VehicleId{value='vehicle-8'}":{},"VehicleId{value='vehicle-9'}":{"JobId{value='Visit380'}":[2023,10,4,17,14,27]},"VehicleId{value='vehicle-2'}":{},"VehicleId{value='vehicle-3'}":{"JobId{value='Visit235'}":[2023,10,4,18,0,15],"JobId{value='Visit167'}":[2023,10,4,12,38,57]},"VehicleId{value='vehicle-4'}":{"JobId{value='Visit134'}":[2023,10,4,17,52,43]},"VehicleId{value='vehicle-5'}":{"JobId{value='Visit54'}":[2023,10,4,17,46,20],"JobId{value='Visit315'}":[2023,10,4,18,7,33]}},"meanworkingShift":37058.4},"VisualAttractivenessAnalysisResult":{"meanDistanceToGeographicCenter":{"VehicleId{value='vehicle-0'}":24611.32565156505,"VehicleId{value='vehicle-1'}":24168.322891738757,"VehicleId{value='vehicle-6'}":13908.618064344424,"VehicleId{value='vehicle-7'}":11791.569941752374,"VehicleId{value='vehicle-8'}":32739.541380954084,"VehicleId{value='vehicle-9'}":30828.687444023843,"VehicleId{value='vehicle-2'}":21080.84073532188,"VehicleId{value='vehicle-3'}":20870.802258842738,"VehicleId{value='vehicle-4'}":16725.009666792495,"VehicleId{value='vehicle-5'}":21797.033910349477},"outliersTTBetweenStops":{"VehicleId{value='vehicle-0'}":[1749.000000000,2198.000000000,1905.000000000],"VehicleId{value='vehicle-1'}":[2068.000000000,1711.000000000],"VehicleId{value='vehicle-6'}":[1509.000000000,2576.000000000],"VehicleId{value='vehicle-7'}":[1313.000000000,1222.000000000],"VehicleId{value='vehicle-8'}":[2023.000000000,2629.000000000],"VehicleId{value='vehicle-9'}":[2803.000000000,2092.000000000,3790.000000000],"VehicleId{value='vehicle-2'}":[1659.000000000,1886.000000000,1832.000000000,1834.000000000],"VehicleId{value='vehicle-3'}":[1932.000000000],"VehicleId{value='vehicle-4'}":[2217.000000000,1920.000000000],"VehicleId{value='vehicle-5'}":[2132.000000000,2988.000000000]},"meanTravelTimeBetweenStops":{"VehicleId{value='vehicle-0'}":577.000000000,"VehicleId{value='vehicle-1'}":716.000000000,"VehicleId{value='vehicle-6'}":433.000000000,"VehicleId{value='vehicle-7'}":588.000000000,"VehicleId{value='vehicle-8'}":662.000000000,"VehicleId{value='vehicle-9'}":644.000000000,"VehicleId{value='vehicle-2'}":703.000000000,"VehicleId{value='vehicle-3'}":666.000000000,"VehicleId{value='vehicle-4'}":542.000000000,"VehicleId{value='vehicle-5'}":484.000000000},"convexHullList":{"VehicleId{value='vehicle-0'}":[{"latitude":51.1516657,"longitude":2.7698708},{"latitude":50.9889571,"longitude":3.7465739},{"latitude":51.00359,"longitude":3.79461}],"VehicleId{value='vehicle-1'}":[{"latitude":50.8789483,"longitude":3.7337028},{"latitude":50.717001,"longitude":4.2007627},{"latitude":50.7362098,"longitude":4.3616973}],"VehicleId{value='vehicle-6'}":[{"latitude":51.134209,"longitude":4.4475988},{"latitude":51.0844988,"longitude":5.0481264},{"latitude":51.10093,"longitude":5.17633}],"VehicleId{value='vehicle-7'}":[{"latitude":50.9500569,"longitude":3.8057415},{"latitude":50.8443936,"longitude":4.267657},{"latitude":50.9307903,"longitude":4.4607055}],"VehicleId{value='vehicle-8'}":[{"latitude":51.1381155,"longitude":3.4191654},{"latitude":51.0246094,"longitude":3.553982},{"latitude":51.1768878,"longitude":4.43677}],"VehicleId{value='vehicle-9'}":[{"latitude":50.8447898,"longitude":3.129211},{"latitude":50.8126663,"longitude":3.3210313},{"latitude":51.1835603,"longitude":4.1893974}],"VehicleId{value='vehicle-2'}":[{"latitude":50.90975,"longitude":3.23055},{"latitude":50.807584,"longitude":3.3495886},{"latitude":51.0629927,"longitude":4.3352544}],"VehicleId{value='vehicle-3'}":[{"latitude":50.8715513,"longitude":4.6772706},{"latitude":50.801152,"longitude":4.8673911},{"latitude":50.8022073,"longitude":4.9355013}],"VehicleId{value='vehicle-4'}":[{"latitude":50.9557221,"longitude":4.1091576},{"latitude":50.9374961,"longitude":4.3267202},{"latitude":51.00764,"longitude":4.5101152}],"VehicleId{value='vehicle-5'}":[{"latitude":51.1948099,"longitude":4.4586606},{"latitude":51.1597361,"longitude":4.9901715},{"latitude":51.2253301,"longitude":5.4246467}]},