{"WorkingShiftAnalysisResult":{"totalWaitingTimeSeconds":152400.000000000,"workingShiftOfEachDriver":{"VehicleId{value='vehicle-6'}":1941.000000000,"VehicleId{value='vehicle-7'}":25118.000000000,"VehicleId{value='vehicle-9'}":20017.000000000,"VehicleId{value='vehicle-2'}":1200.000000000,"VehicleId{value='vehicle-3'}":6856.000000000,"VehicleId{value='vehicle-10'}":1200.000000000,"VehicleId{value='vehicle-4'}":24508.000000000,"VehicleId{value='vehicle-5'}":32524.000000000,"VehicleId{value='vehicle-13'}":23699.000000000,"VehicleId{value='vehicle-14'}":5288.000000000,"VehicleId{value='vehicle-0'}":17054.000000000,"VehicleId{value='vehicle-11'}":32818.000000000,"VehicleId{value='vehicle-12'}":2822.000000000,"VehicleId{value='vehicle-1'}":18059.000000000,"VehicleId{value='vehicle-18'}":4319.000000000,"VehicleId{value='vehicle-15'}":29739.000000000,"VehicleId{value='vehicle-16'}":26200.000000000,"VehicleId{value='vehicle-19'}":24880.000000000},"stddevWorkingShifts":11637.162591305088,"shortestWorkingShift":{"VehicleId{value='vehicle-2'}":1200.000000000},"longestWorkingShift":{"VehicleId{value='vehicle-11'}":32818.000000000},"visitsTimeWindowWrong":{"VehicleId{value='vehicle-6'}":{"JobId{value='Visit55'}":[2023,10,4,9,0]},"VehicleId{value='vehicle-7'}":{"JobId{value='Visit99'}":[2023,10,4,15,19,27],"JobId{value='Visit158'}":[2023,10,4,14,9,19],"JobId{value='Visit114'}":[2023,10,4,15,49,20],"JobId{value='Visit24'}":[2023,10,4,10,23,22],"JobId{value='Visit138'}":[2023,10,4,9,54,2],"JobId{value='Visit69'}":[2023,10,4,17,37,21],"JobId{value='Visit156'}":[2023,10,4,14,33,25],"JobId{value='Visit189'}":[2023,10,4,16,28,47],"JobId{value='Visit40'}":[2023,10,4,9,0],"JobId{value='Visit162'}":[2023,10,4,17,2,22],"JobId{value='Visit153'}":[2023,10,4,14,52,4],"JobId{value='Visit196'}":[2023,10,4,9,22,54]},"VehicleId{value='vehicle-9'}":{"JobId{value='Visit66'}":[2023,10,4,13,46,48],"JobId{value='Visit137'}":[2023,10,4,14,50,47],"JobId{value='Visit147'}":[2023,10,4,15,1,47],"JobId{value='Visit105'}":[2023,10,4,16,10,46],"JobId{value='Visit166'}":[2023,10,4,15,14,5],"JobId{value='Visit154'}":[2023,10,4,16,36,18],"JobId{value='Visit179'}":[2023,10,4,13,15],"JobId{value='Visit140'}":[2023,10,4,9,42,52],"JobId{value='Visit41'}":[2023,10,4,9,10],"JobId{value='Visit161'}":[2023,10,4,15,29,58],"JobId{value='Visit164'}":[2023,10,4,14,34,19],"JobId{value='Visit130'}":[2023,10,4,15,44,28],"JobId{value='Visit9'}":[2023,10,4,9,0]},"VehicleId{value='vehicle-2'}":{"JobId{value='Visit2'}":[2023,10,4,9,0]},"VehicleId{value='vehicle-3'}":{"JobId{value='Visit81'}":[2023,10,4,9,13,40],"JobId{value='Visit3'}":[2023,10,4,10,26,6],"JobId{value='Visit168'}":[2023,10,4,9,0]},"VehicleId{value='vehicle-10'}":{},"VehicleId{value='vehicle-4'}":{"JobId{value='Visit22'}":[2023,10,4,14,11,18],"JobId{value='Visit67'}":[2023,10,4,17,2,36],"JobId{value='Visit98'}":[2023,10,4,10,7,20],"JobId{value='Visit149'}":[2023,10,4,15,59,40],"JobId{value='Visit92'}":[2023,10,4,10,41,7],"JobId{value='Visit187'}":[2023,10,4,15,20,1],"JobId{value='Visit110'}":[2023,10,4,16,35,42],"JobId{value='Visit51'}":[2023,10,4,9,0],"JobId{value='Visit173'}":[2023,10,4,14,27,27],"JobId{value='Visit151'}":[2023,10,4,14,57,46],"JobId{value='Visit184'}":[2023,10,4,15,44,44],"JobId{value='Visit141'}":[2023,10,4,13,33,32],"JobId{value='Visit180'}":[2023,10,4,9,37,59],"JobId{value='Visit192'}":[2023,10,4,13,48,10],"JobId{value='Visit4'}":[2023,10,4,17,37,48]},"VehicleId{value='vehicle-5'}":{"JobId{value='Visit64'}":[2023,10,4,9,42,28],"JobId{value='Visit32'}":[2023,10,4,14,38,38],"JobId{value='Visit126'}":[2023,10,4,10,13,18],"JobId{value='Visit59'}":[2023,10,4,13,32,41],"JobId{value='Visit155'}":[2023,10,4,15,43,11],"JobId{value='Visit146'}":[2023,10,4,17,22,50],"JobId{value='Visit112'}":[2023,10,4,9,0],"JobId{value='Visit167'}":[2023,10,4,16,0,32],"JobId{value='Visit30'}":[2023,10,4,16,27,13],"JobId{value='Visit74'}":[2023,10,4,16,59,39],"JobId{value='Visit131'}":[2023,10,4,15,1,47],"JobId{value='Visit174'}":[2023,10,4,13,15],"JobId{value='Visit17'}":[2023,10,4,9,19,55]},"VehicleId{value='vehicle-13'}":{"JobId{value='Visit33'}":[2023,10,4,14,19,7],"JobId{value='Visit88'}":[2023,10,4,15,9,48],"JobId{value='Visit86'}":[2023,10,4,10,7,43],"JobId{value='Visit46'}":[2023,10,4,15,38,49],"JobId{value='Visit13'}":[2023,10,4,17,15,29],"JobId{value='Visit100'}":[2023,10,4,9,43,15],"JobId{value='Visit124'}":[2023,10,4,16,36,44],"JobId{value='Visit134'}":[2023,10,4,14,52,19],"JobId{value='Visit96'}":[2023,10,4,9,0],"JobId{value='Visit150'}":[2023,10,4,13,15],"JobId{value='Visit183'}":[2023,10,4,16,22,8],"JobId{value='Visit93'}":[2023,10,4,13,52,58],"JobId{value='Visit120'}":[2023,10,4,16,6],"JobId{value='Visit171'}":[2023,10,4,10,32,17]},"VehicleId{value='vehicle-14'}":{"JobId{value='Visit48'}":[2023,10,4,9,21,41],"JobId{value='Visit148'}":[2023,10,4,9,43,26],"JobId{value='Visit14'}":[2023,10,4,9,0],"JobId{value='Visit61'}":[2023,10,4,9,10]},"VehicleId{value='vehicle-0'}":{"JobId{value='Visit43'}":[2023,10,4,10,16,2],"JobId{value='Visit87'}":[2023,10,4,13,44,35],"JobId{value='Visit54'}":[2023,10,4,14,45,12],"JobId{value='Visit115'}":[2023,10,4,13,32,20],"JobId{value='Visit136'}":[2023,10,4,14,15,58],"JobId{value='Visit27'}":[2023,10,4,14,58,47],"JobId{value='Visit70'}":[2023,10,4,9,37,51],"JobId{value='Visit0'}":[2023,10,4,15,33,42]},"VehicleId{value='vehicle-11'}":{"JobId{value='Visit11'}":[2023,10,4,9,0],"JobId{value='Visit20'}":[2023,10,4,9,10],"JobId{value='Visit75'}":[2023,10,4,14,54,17],"JobId{value='Visit106'}":[2023,10,4,15,40,15],"JobId{value='Visit58'}":[2023,10,4,9,24,33],"JobId{value='Visit144'}":[2023,10,4,17,9,40],"JobId{value='Visit132'}":[2023,10,4,9,40,38],"JobId{value='Visit176'}":[2023,10,4,16,4,58],"JobId{value='Visit165'}":[2023,10,4,16,25],"JobId{value='Visit90'}":[2023,10,4,16,42,47]},"VehicleId{value='vehicle-12'}":{},"VehicleId{value='vehicle-1'}":{"JobId{value='Visit160'}":[2023,10,4,15,53,51],"JobId{value='Visit199'}":[2023,10,4,9,21,32],"JobId{value='Visit133'}":[2023,10,4,14,50,8],"JobId{value='Visit1'}":[2023,10,4,16,16,3],"JobId{value='Visit84'}":[2023,10,4,13,51,18],"JobId{value='Visit62'}":[2023,10,4,14,31,36],"JobId{value='Visit195'}":[2023,10,4,15,19,19],"JobId{value='Visit152'}":[2023,10,4,9,0],"JobId{value='Visit185'}":[2023,10,4,13,15]},"VehicleId{value='vehicle-18'}":{"JobId{value='Visit78'}":[2023,10,4,9,25,12],"JobId{value='Visit139'}":[2023,10,4,9,13,17],"JobId{value='Visit188'}":[2023,10,4,9,0]},"VehicleId{value='vehicle-15'}":{"JobId{value='Visit119'}":[2023,10,4,14,32,40],"JobId{value='Visit56'}":[2023,10,4,16,8,57],"JobId{value='Visit8'}":[2023,10,4,10,5,36],"JobId{value='Visit53'}":[2023,10,4,14,18,50],"JobId{value='Visit181'}":[2023,10,4,16,49,3],"JobId{value='Visit36'}":[2023,10,4,9,14,9],"JobId{value='Visit177'}":[2023,10,4,15,58,13],"JobId{value='Visit73'}":[2023,10,4,17,11,22],"JobId{value='Visit175'}":[2023,10,4,9,0],"JobId{value='Visit186'}":[2023,10,4,13,32,54]},"VehicleId{value='vehicle-16'}":{"JobId{value='Visit108'}":[2023,10,4,9,0],"JobId{value='Visit129'}":[2023,10,4,16,22,44],"JobId{value='Visit193'}":[2023,10,4,9,23,47],"JobId{value='Visit31'}":[2023,10,4,9,56,44],"JobId{value='Visit21'}":[2023,10,4,14,35,17],"JobId{value='Visit38'}":[2023,10,4,9,42,59],"JobId{value='Visit35'}":[2023,10,4,13,15],"JobId{value='Visit68'}":[2023,10,4,16,44,41],"JobId{value='Visit142'}":[2023,10,4,17,42,59]},"VehicleId{value='vehicle-19'}":{"JobId{value='Visit34'}":[2023,10,4,14,37,9],"JobId{value='Visit23'}":[2023,10,4,17,26,2],"JobId{value='Visit42'}":[2023,10,4,16,28,53],"JobId{value='Visit76'}":[2023,10,4,9,56,26],"JobId{value='Visit159'}":[2023,10,4,9,26,50],"JobId{value='Visit80'}":[2023,10,4,16,56,14],"JobId{value='Visit157'}":[2023,10,4,16,8,56],"JobId{value='Visit95'}":[2023,10,4,15,18,11],"JobId{value='Visit194'}":[2023,10,4,13,15],"JobId{value='Visit60'}":[2023,10,4,15,52,43],"JobId{value='Visit170'}":[2023,10,4,9,10],"JobId{value='Visit19'}":[2023,10,4,9,0],