{"WorkingShiftAnalysisResult":{"totalWaitingTimeSeconds":20274.000000000,"workingShiftOfEachDriver":{"VehicleId{value='vehicle-0'}":19225.000000000,"VehicleId{value='vehicle-1'}":11635.000000000,"VehicleId{value='vehicle-6'}":17541.000000000,"VehicleId{value='vehicle-7'}":29625.000000000,"VehicleId{value='vehicle-8'}":1200.000000000,"VehicleId{value='vehicle-9'}":1200.000000000,"VehicleId{value='vehicle-2'}":1200.000000000,"VehicleId{value='vehicle-3'}":1200.000000000,"VehicleId{value='vehicle-4'}":1200.000000000,"VehicleId{value='vehicle-5'}":7909.000000000},"stddevWorkingShifts":10082.157049846912,"shortestWorkingShift":{"VehicleId{value='vehicle-8'}":1200.000000000},"longestWorkingShift":{"VehicleId{value='vehicle-7'}":29625.000000000},"visitsTimeWindowWrong":{"VehicleId{value='vehicle-0'}":{"JobId{value='Visit99'}":[2023,10,4,15,29,23],"JobId{value='Visit53'}":[2023,10,4,13,28,6],"JobId{value='Visit27'}":[2023,10,4,13,39,21],"JobId{value='Visit52'}":[2023,10,4,14,25,42],"JobId{value='Visit93'}":[2023,10,4,13,15]},"VehicleId{value='vehicle-1'}":{"JobId{value='Visit55'}":[2023,10,4,13,15],"JobId{value='Visit65'}":[2023,10,4,14,7]},"VehicleId{value='vehicle-6'}":{"JobId{value='Visit78'}":[2023,10,4,13,55,23],"JobId{value='Visit51'}":[2023,10,4,9,10],"JobId{value='Visit40'}":[2023,10,4,13,15],"JobId{value='Visit82'}":[2023,10,4,14,28,5]},"VehicleId{value='vehicle-7'}":{"JobId{value='Visit33'}":[2023,10,4,14,7,40],"JobId{value='Visit67'}":[2023,10,4,18,29,52],"JobId{value='Visit75'}":[2023,10,4,18,3,9],"JobId{value='Visit10'}":[2023,10,4,19,9,21],"JobId{value='Visit87'}":[2023,10,4,19,51,10],"JobId{value='Visit26'}":[2023,10,4,15,50,4],"JobId{value='Visit49'}":[2023,10,4,15,7,2],"JobId{value='Visit79'}":[2023,10,4,18,42,13],"JobId{value='Visit68'}":[2023,10,4,19,21,21],"JobId{value='Visit25'}":[2023,10,4,18,56,21],"JobId{value='Visit90'}":[2023,10,4,18,16,50],"JobId{value='Visit96'}":[2023,10,4,17,50,57],"JobId{value='Visit63'}":[2023,10,4,19,36,12],"JobId{value='Visit50'}":[2023,10,4,14,29,16],"JobId{value='Visit94'}":[2023,10,4,14,54,15],"JobId{value='Visit18'}":[2023,10,4,13,32,34]},"VehicleId{value='vehicle-8'}":{"JobId{value='Visit8'}":[2023,10,4,9,0]},"VehicleId{value='vehicle-9'}":{"JobId{value='Visit9'}":[2023,10,4,9,0]},"VehicleId{value='vehicle-2'}":{"JobId{value='Visit2'}":[2023,10,4,9,0]},"VehicleId{value='vehicle-3'}":{"JobId{value='Visit3'}":[2023,10,4,9,0]},"VehicleId{value='vehicle-4'}":{"JobId{value='Visit4'}":[2023,10,4,9,0]},"VehicleId{value='vehicle-5'}":{"JobId{value='Visit34'}":[2023,10,4,13,15]}},"meanworkingShift":9193.5},"VisualAttractivenessAnalysisResult":{"meanDistanceToGeographicCenter":{"VehicleId{value='vehicle-0'}":1924.7102174489248,"VehicleId{value='vehicle-1'}":1082.730362424115,"VehicleId{value='vehicle-6'}":1943.2848297097828,"VehicleId{value='vehicle-7'}":2486.847166768308,"VehicleId{value='vehicle-8'}":0.0,"VehicleId{value='vehicle-9'}":0.0,"VehicleId{value='vehicle-2'}":0.0,"VehicleId{value='vehicle-3'}":0.0,"VehicleId{value='vehicle-4'}":0.0,"VehicleId{value='vehicle-5'}":1301.2228032954476},"outliersTTBetweenStops":{"VehicleId{value='vehicle-0'}":[693.000000000],"VehicleId{value='vehicle-1'}":[],"VehicleId{value='vehicle-6'}":[665.000000000],"VehicleId{value='vehicle-7'}":[599.000000000,593.000000000,696.000000000],"VehicleId{value='vehicle-8'}":[],"VehicleId{value='vehicle-9'}":[],"VehicleId{value='vehicle-2'}":[],"VehicleId{value='vehicle-3'}":[],"VehicleId{value='vehicle-4'}":[],"VehicleId{value='vehicle-5'}":[]},"meanTravelTimeBetweenStops":{"VehicleId{value='vehicle-0'}":235.000000000,"VehicleId{value='vehicle-1'}":175.000000000,"VehicleId{value='vehicle-6'}":277.000000000,"VehicleId{value='vehicle-7'}":271.000000000,"VehicleId{value='vehicle-8'}":0.0,"VehicleId{value='vehicle-9'}":0.0,"VehicleId{value='vehicle-2'}":0.0,"VehicleId{value='vehicle-3'}":0.0,"VehicleId{value='vehicle-4'}":0.0,"VehicleId{value='vehicle-5'}":388.000000000},"convexHullList":{"VehicleId{value='vehicle-0'}":[{"latitude":50.8035694,"longitude":4.3159217},{"latitude":50.7797045,"longitude":4.3693184},{"latitude":50.8168842,"longitude":4.3863478}],"VehicleId{value='vehicle-1'}":[{"latitude":50.8187271,"longitude":4.3187715},{"latitude":50.8160776,"longitude":4.3248476},{"latitude":50.8258447,"longitude":4.3394007}],"VehicleId{value='vehicle-6'}":[{"latitude":50.8168317,"longitude":4.3682126},{"latitude":50.8088234,"longitude":4.4302421},{"latitude":50.8395806,"longitude":4.439227}],"VehicleId{value='vehicle-7'}":[{"latitude":50.833015,"longitude":4.2916721},{"latitude":50.8358824,"longitude":4.3065875}],"VehicleId{value='vehicle-8'}":[{"latitude":50.8656085,"longitude":4.3766789},{"latitude":50.8656085,"longitude":4.3766789}],"VehicleId{value='vehicle-9'}":[{"latitude":50.8516114,"longitude":4.3816324},{"latitude":50.8516114,"longitude":4.3816324}],"VehicleId{value='vehicle-2'}":[{"latitude":50.8537741,"longitude":4.4245073},{"latitude":50.8537741,"longitude":4.4245073}],"VehicleId{value='vehicle-3'}":[{"latitude":50.8345501,"longitude":4.3711653},{"latitude":50.8345501,"longitude":4.3711653}],"VehicleId{value='vehicle-4'}":[{"latitude":50.8295036,"longitude":4.3963454},{"latitude":50.8295036,"longitude":4.3963454}],"VehicleId{value='vehicle-5'}":[{"latitude":50.8703462,"longitude":4.3717075},{"latitude":50.8542081,"longitude":4.3899979},{"latitude":50.8586382,"longitude":4.3979821}]},"visitsCloserToOtherCenterOfGravity":[[["249dcc81-b23f-449c-9be8-ef194baad983","Visit5","Visit34","e0d73caf-2960-4c56-8993-3459292bdca7"],["vehicle-9","vehicle-9","vehicle-8","vehicle-9"]],[["edf76cb3-a749-4a6e-a5e8-cf6f6e1e5a37","Visit6","Visit51","Visit70","Visit19","Visit78","Visit46","Visit82","Visit28","Visit31","Visit31","Visit31","Visit13","Visit13","Visit13","Visit13","Visit86","Visit86","Visit86","Visit86","Visit86","Visit83","Visit83","Visit83","Visit83","Visit74","Visit35","Visit84","9e29ca2e-3ee5-47a3-8ace-cadfa2087fc8"],["vehicle-4","vehicle-4","vehicle-4","vehicle-9","vehicle-2","vehicle-2","vehicle-2","vehicle-2","vehicle-9","vehicle-4","vehicle-3","vehicle-9","vehicle-4","vehicle-3","vehicle-0","vehicle-9","vehicle-4","vehicle-3","vehicle-1","vehicle-0","vehicle-9","vehicle-4","vehicle-3","vehicle-1","vehicle-0","vehicle-4","vehicle-4","vehicle-4","vehicle-4"]],[[],[]],[["6a29ef0b-aef7-4fea-a27a-ca4ee050c809","Visit7","Visit20","Visit20","Visit20","Visit33","Visit33","Visit33","Visit33","Visit50","Visit50","Visit50","Visit50","Visit42","Visit42","Visit42","Visit94","Visit94","Visit94","Visit49","Visit49","Visit49","Visit62","Visit36","Visit36","Visit63","Visit87","d502c4e9-3d91-43cb-be38-9ac7cb5a7b3b"],["vehicle-1","vehicle-1","vehicle-8","vehicle-2","vehicle-9","vehicle-3","vehicle-8","vehicle-2","vehicle-9","vehicle-3","vehicle-8","vehicle-2","vehicle-9","vehicle-3","vehicle-8","vehicle-9","vehicle-3","vehicle-8","vehicle-9","vehicle-3","vehicle-8","vehicle-9","vehicle-8","vehicle-3","vehicle-9","vehicle-1","vehicle-1","vehicle-1"]],[[],[]],[[],[]],[["Visit93"],["vehicle-9"]],[[],[]],[[],[]],[[],[]]],"meanDistanceToConvexHull":{"VehicleId{value='vehicle-0'}":2539.5669207294327,"VehicleId{value='vehicle-1'}":329.479472746057,"VehicleId{value='vehicle-6'}":1948.9942401856238,"VehicleId{value='vehicle-7'}":2090.5489703253656,"VehicleId{value='vehicle-8'}":0.0,"VehicleId{value='vehicle-9'}":0.0,"VehicleId{value='vehicle-2'}":0.0,"VehicleId{value='vehicle-3'}":0.0,"VehicleId{value='vehicle-4'}":0.0,"VehicleId{value='vehicle-5'}":536.9917909589477}},"CargoAnalysisResult":{"totalLoadKgs":null,"totalLoadVolume":null,"biggestLoad":null,"biggestLoadVolume":null,"smallestLoad":null,"smallestLoadVolume":null,"meanLoad":0.0,"meanLoadVolume":0.0,"stdDevLoad":null,"maxRelativeLoad":null},"RouteCompositionAnalysisResult":{"numberOfRoutes":10,"stopsLongestRoute":34,"stopsShortestRoute":2,"meanStops":11.0,"stdDevStops":10.881176406988354,"totalDistanceMeters":160198,"unassignedJobs":[],"failureRate":0.0,"runTime":1809}}