{"WorkingShiftAnalysisResult":{"totalWaitingTimeSeconds":18060.000000000,"workingShiftOfEachDriver":{"VehicleId{value='vehicle-0'}":34872.000000000,"VehicleId{value='vehicle-1'}":33048.000000000,"VehicleId{value='vehicle-6'}":35135.000000000,"VehicleId{value='vehicle-7'}":35425.000000000,"VehicleId{value='vehicle-8'}":36157.000000000,"VehicleId{value='vehicle-9'}":32328.000000000,"VehicleId{value='vehicle-2'}":33884.000000000,"VehicleId{value='vehicle-3'}":26077.000000000,"VehicleId{value='vehicle-4'}":33972.000000000,"VehicleId{value='vehicle-5'}":34729.000000000},"stddevWorkingShifts":2864.36095258029,"shortestWorkingShift":{"VehicleId{value='vehicle-3'}":26077.000000000},"longestWorkingShift":{"VehicleId{value='vehicle-8'}":36157.000000000},"visitsTimeWindowWrong":{"VehicleId{value='vehicle-0'}":{"JobId{value='Visit22'}":[2023,10,4,9,42,17],"JobId{value='Visit23'}":[2023,10,4,15,19,28],"JobId{value='Visit115'}":[2023,10,4,11,52,4],"JobId{value='Visit137'}":[2023,10,4,13,25,14],"JobId{value='Visit14'}":[2023,10,4,14,19,50],"JobId{value='Visit195'}":[2023,10,4,10,2,29],"JobId{value='Visit140'}":[2023,10,4,10,23,26],"JobId{value='Visit173'}":[2023,10,4,14,6,21],"JobId{value='Visit172'}":[2023,10,4,9,10],"JobId{value='Visit85'}":[2023,10,4,14,36,58],"JobId{value='Visit41'}":[2023,10,4,14,59,13],"JobId{value='Visit197'}":[2023,10,4,17,44,21],"JobId{value='Visit141'}":[2023,10,4,12,18,30],"JobId{value='Visit0'}":[2023,10,4,9,0],"JobId{value='Visit39'}":[2023,10,4,17,7,57]},"VehicleId{value='vehicle-1'}":{"JobId{value='Visit45'}":[2023,10,4,9,48,42],"JobId{value='Visit42'}":[2023,10,4,16,15,29],"JobId{value='Visit43'}":[2023,10,4,9,10],"JobId{value='Visit169'}":[2023,10,4,13,51,47],"JobId{value='Visit68'}":[2023,10,4,11,8,16],"JobId{value='Visit57'}":[2023,10,4,14,33,38],"JobId{value='Visit128'}":[2023,10,4,16,36,41],"JobId{value='Visit127'}":[2023,10,4,11,52,48],"JobId{value='Visit69'}":[2023,10,4,14,5,27],"JobId{value='Visit166'}":[2023,10,4,11,37,57],"JobId{value='Visit124'}":[2023,10,4,12,23,29],"JobId{value='Visit90'}":[2023,10,4,15,58,16],"JobId{value='Visit161'}":[2023,10,4,13,15],"JobId{value='Visit131'}":[2023,10,4,10,41,11],"JobId{value='Visit152'}":[2023,10,4,10,10,52],"JobId{value='Visit94'}":[2023,10,4,15,1,32],"JobId{value='Visit180'}":[2023,10,4,9,24,17],"JobId{value='Visit1'}":[2023,10,4,9,0],"JobId{value='Visit29'}":[2023,10,4,17,10,40]},"VehicleId{value='vehicle-6'}":{"JobId{value='Visit126'}":[2023,10,4,10,56,57],"JobId{value='Visit148'}":[2023,10,4,16,1,41],"JobId{value='Visit136'}":[2023,10,4,9,0],"JobId{value='Visit27'}":[2023,10,4,13,34,16],"JobId{value='Visit79'}":[2023,10,4,12,57,38],"JobId{value='Visit47'}":[2023,10,4,15,13,16],"JobId{value='Visit36'}":[2023,10,4,16,27,56],"JobId{value='Visit105'}":[2023,10,4,16,43,6],"JobId{value='Visit188'}":[2023,10,4,9,30,24],"JobId{value='Visit80'}":[2023,10,4,14,24,45],"JobId{value='Visit198'}":[2023,10,4,10,37,13],"JobId{value='Visit92'}":[2023,10,4,16,15,20],"JobId{value='Visit123'}":[2023,10,4,17,39,27],"JobId{value='Visit84'}":[2023,10,4,12,43,28],"JobId{value='Visit52'}":[2023,10,4,9,50,44],"JobId{value='Visit30'}":[2023,10,4,15,42,30],"JobId{value='Visit120'}":[2023,10,4,11,47,8],"JobId{value='Visit50'}":[2023,10,4,11,18,10],"JobId{value='Visit83'}":[2023,10,4,13,15,23],"JobId{value='Visit171'}":[2023,10,4,14,11,31]},"VehicleId{value='vehicle-7'}":{"JobId{value='Visit66'}":[2023,10,4,14,47,45],"JobId{value='Visit88'}":[2023,10,4,16,24,9],"JobId{value='Visit55'}":[2023,10,4,17,41,16],"JobId{value='Visit107'}":[2023,10,4,9,10],"JobId{value='Visit34'}":[2023,10,4,11,26,7],"JobId{value='Visit67'}":[2023,10,4,12,17,17],"JobId{value='Visit37'}":[2023,10,4,10,40,6],"JobId{value='Visit48'}":[2023,10,4,17,6,55],"JobId{value='Visit24'}":[2023,10,4,16,2,7],"JobId{value='Visit149'}":[2023,10,4,13,39,4],"JobId{value='Visit199'}":[2023,10,4,13,15],"JobId{value='Visit189'}":[2023,10,4,11,6,11],"JobId{value='Visit167'}":[2023,10,4,11,47,50],"JobId{value='Visit150'}":[2023,10,4,9,34,18],"JobId{value='Visit72'}":[2023,10,4,15,5,54],"JobId{value='Visit7'}":[2023,10,4,9,0],"JobId{value='Visit17'}":[2023,10,4,10,11,6]},"VehicleId{value='vehicle-8'}":{"JobId{value='Visit108'}":[2023,10,4,16,55,14],"JobId{value='Visit78'}":[2023,10,4,14,47,51],"JobId{value='Visit86'}":[2023,10,4,16,34,10],"JobId{value='Visit87'}":[2023,10,4,11,37,44],"JobId{value='Visit59'}":[2023,10,4,10,53,21],"JobId{value='Visit103'}":[2023,10,4,17,15,25],"JobId{value='Visit139'}":[2023,10,4,9,58,40],"JobId{value='Visit116'}":[2023,10,4,15,16,38],"JobId{value='Visit155'}":[2023,10,4,11,15,35],"JobId{value='Visit70'}":[2023,10,4,9,0],"JobId{value='Visit110'}":[2023,10,4,10,25,35],"JobId{value='Visit112'}":[2023,10,4,12,25,35],"JobId{value='Visit93'}":[2023,10,4,9,30,45],"JobId{value='Visit190'}":[2023,10,4,13,38,27],"JobId{value='Visit170'}":[2023,10,4,16,2,31],"JobId{value='Visit3'}":[2023,10,4,12,4,13]},"VehicleId{value='vehicle-9'}":{"JobId{value='Visit77'}":[2023,10,4,15,16,56],"JobId{value='Visit98'}":[2023,10,4,12,14,47],"JobId{value='Visit26'}":[2023,10,4,10,10,53],"JobId{value='Visit106'}":[2023,10,4,15,44,35],"JobId{value='Visit117'}":[2023,10,4,16,57,44],"JobId{value='Visit100'}":[2023,10,4,9,44,43],"JobId{value='Visit144'}":[2023,10,4,13,34,42],"JobId{value='Visit121'}":[2023,10,4,9,30,42],"JobId{value='Visit143'}":[2023,10,4,10,54,32],"JobId{value='Visit168'}":[2023,10,4,9,0],"JobId{value='Visit146'}":[2023,10,4,11,6,33],"JobId{value='Visit135'}":[2023,10,4,16,8,10],"JobId{value='Visit101'}":[2023,10,4,15,3,10],"JobId{value='Visit178'}":[2023,10,4,15,30,28],"JobId{value='Visit40'}":[2023,10,4,13,57,28],"JobId{value='Visit73'}":[2023,10,4,14,32,57],"JobId{value='Visit194'}":[2023,10,4,16,26,47],"JobId{value='Visit174'}":[2023,10,4,11,49,28],"JobId{value='Visit9'}":[2023,10,4,17,13,15],"JobId{value='Visit19'}":[2023,10,4,10,34,26]},"VehicleId{value='vehicle-2'}":{"JobId{value='Visit56'}":[2023,10,4,15,42,40],"JobId{value='Visit31'}":[2023,10,4,10,32,51],"JobId{value='Visit75'}":[2023,10,4,12,7,33],"JobId{value='Visit53'}":[2023,10,4,14,19,4],"JobId{value='Visit65'}":[2023,10,4,16,49,26],"JobId{value='Visit104'}":[2023,10,4,11,37,24],"JobId{value='Visit159'}":[2023,10,4,17,5,11],"JobId{value='Visit49'}":[2023,10,4,11,4,53],"JobId{value='Visit125'}":[2023,10,4,13,28,49],"JobId{value='Visit81'}":[2023,10,4,9,26,40],"JobId{value='Visit157'}":[2023,10,4,15,56,3],"JobId{value='Visit156'}":[2023,10,4,10,50,49],"JobId{value='Visit196'}":[2023,10,4,9,10],"JobId{value='Visit185'}":[2023,10,4,14,52,49],"JobId{value='Visit191'}":[2023,10,4,15,25,59],"JobId{value='Visit182'}":[2023,10,4,14,1,30],"JobId{value='Visit193'}":[2023,10,4,16,19,34],"JobId{value='Visit2'}":[2023,10,4,9,0]},"VehicleId{value='vehicle-3'}":{"JobId{value='Visit32'}":[2023,10,4,11,42,6],"JobId{value='Visit21'}":[2023,10,4,15,18,50],"JobId{value='Visit15'}":[2023,10,4,10,50,51],"JobId{value='Visit13'}":[2023,10,4,10,0,20],"JobId{value='Visit138'}":[2023,10,4,10,32],"JobId{value='Visit122'}":[2023,10,4,9,44,53],"JobId{value='Visit133'}":[2023,10,4,13,16,41],"JobId{value='Visit111'}":[2023,10,4,15,35,24],"JobId{value='Visit134'}":[2023,10,4,13,36,40],"JobId{value='Visit151'}":[2023,10,4,14,4,42],"JobId{value='Visit51'}":[2023,10,4,14,18,23],"JobId{value='Visit164'}":[2023,10,4,9,0],"JobId{value='Visit71'}":[2023,10,4,12,41,7],"JobId{value='Visit60'}":[2023,10,4,14,44,33],"JobId{value='Visit61'}":[2023,10,4,12,3,45],"JobId{value='Visit181'}":[2023,10,4,15,2,51]},"VehicleId{value='vehicle-4'}":{"JobId{value='Visit33'}":[2023,10,4,16,55,39],"JobId{value='Visit89'}":[2023,10,4,10,23,41],"JobId{value='Visit97'}":[2023,10,4,14,32,47],"JobId{value='Visit10'}":[2023,10,4,10,54,31],"JobId{value='Visit158'}":[2023,10,4,12,32,42],"JobId{value='Visit38'}":[2023,10,4,15,21,34],"JobId{value='Visit35'}":[2023,10,4,15,5,38],"JobId{value='Visit91'}":[2023,10,4,15,44,38],"JobId{value='Visit154'}":[2023,10,4,9,10],"JobId{value='Visit165'}":[2023,10,4,9,40,42],