{"WorkingShiftAnalysisResult":{"totalWaitingTimeSeconds":532.000000000,"workingShiftOfEachDriver":{"VehicleId{value='vehicle-0'}":35182.000000000,"VehicleId{value='vehicle-1'}":31473.000000000,"VehicleId{value='vehicle-2'}":35256.000000000,"VehicleId{value='vehicle-3'}":34521.000000000,"VehicleId{value='vehicle-4'}":35318.000000000},"stddevWorkingShifts":1639.8516701214169,"shortestWorkingShift":{"VehicleId{value='vehicle-1'}":31473.000000000},"longestWorkingShift":{"VehicleId{value='vehicle-4'}":35318.000000000},"visitsTimeWindowWrong":{"VehicleId{value='vehicle-0'}":{"JobId{value='Visit160'}":[2023,10,4,10,22,43],"JobId{value='Visit64'}":[2023,10,4,12,45,43],"JobId{value='Visit170'}":[2023,10,4,13,57,36],"JobId{value='Visit115'}":[2023,10,4,16,44,46],"JobId{value='Visit188'}":[2023,10,4,16,32,5],"JobId{value='Visit0'}":[2023,10,4,18,14,58]},"VehicleId{value='vehicle-1'}":{"JobId{value='Visit39'}":[2023,10,4,13,7,51]},"VehicleId{value='vehicle-2'}":{"JobId{value='Visit77'}":[2023,10,4,11,51,45],"JobId{value='Visit56'}":[2023,10,4,13,5,3],"JobId{value='Visit192'}":[2023,10,4,12,40,41],"JobId{value='Visit65'}":[2023,10,4,14,37,59],"JobId{value='Visit91'}":[2023,10,4,12,53,3],"JobId{value='Visit2'}":[2023,10,4,18,22,48],"JobId{value='Visit51'}":[2023,10,4,13,35,46],"JobId{value='Visit84'}":[2023,10,4,15,35,27],"JobId{value='Visit140'}":[2023,10,4,17,51,57],"JobId{value='Visit95'}":[2023,10,4,18,5,54]},"VehicleId{value='vehicle-3'}":{"JobId{value='Visit42'}":[2023,10,4,9,50,50],"JobId{value='Visit21'}":[2023,10,4,12,44,15],"JobId{value='Visit125'}":[2023,10,4,13,9,33],"JobId{value='Visit19'}":[2023,10,4,17,46,16],"JobId{value='Visit121'}":[2023,10,4,13,25,1]},"VehicleId{value='vehicle-4'}":{"JobId{value='Visit191'}":[2023,10,4,18,2,8],"JobId{value='Visit9'}":[2023,10,4,17,47,12],"JobId{value='Visit159'}":[2023,10,4,17,21,54],"JobId{value='Visit4'}":[2023,10,4,18,24,12],"JobId{value='Visit90'}":[2023,10,4,13,5,22],"JobId{value='Visit151'}":[2023,10,4,13,17,28],"JobId{value='Visit152'}":[2023,10,4,9,44,45],"JobId{value='Visit141'}":[2023,10,4,17,34,30]}},"meanworkingShift":34350.0},"VisualAttractivenessAnalysisResult":{"meanDistanceToGeographicCenter":{"VehicleId{value='vehicle-0'}":1930.5175423198343,"VehicleId{value='vehicle-1'}":1839.6239834060373,"VehicleId{value='vehicle-2'}":2665.598008264221,"VehicleId{value='vehicle-3'}":2521.500171230274,"VehicleId{value='vehicle-4'}":2484.5386199910436},"outliersTTBetweenStops":{"VehicleId{value='vehicle-0'}":[613.000000000,699.000000000,678.000000000,684.000000000],"VehicleId{value='vehicle-1'}":[441.000000000,510.000000000,770.000000000],"VehicleId{value='vehicle-2'}":[548.000000000,504.000000000,530.000000000,0.0],"VehicleId{value='vehicle-3'}":[805.000000000,704.000000000],"VehicleId{value='vehicle-4'}":[632.000000000,775.000000000,724.000000000]},"meanTravelTimeBetweenStops":{"VehicleId{value='vehicle-0'}":279.000000000,"VehicleId{value='vehicle-1'}":186.000000000,"VehicleId{value='vehicle-2'}":259.000000000,"VehicleId{value='vehicle-3'}":241.000000000,"VehicleId{value='vehicle-4'}":261.000000000},"convexHullList":{"VehicleId{value='vehicle-0'}":[{"latitude":50.8419301,"longitude":4.3783073},{"latitude":50.8199579,"longitude":4.3904503},{"latitude":50.8259649,"longitude":4.4600844}],"VehicleId{value='vehicle-1'}":[{"latitude":50.8115109,"longitude":4.3249228},{"latitude":50.8103893,"longitude":4.4270943},{"latitude":50.815421,"longitude":4.4317407}],"VehicleId{value='vehicle-2'}":[{"latitude":50.7799848,"longitude":4.3266106},{"latitude":50.7789106,"longitude":4.3425487},{"latitude":50.8001807,"longitude":4.4193505}],"VehicleId{value='vehicle-3'}":[{"latitude":50.8228961,"longitude":4.2970389},{"latitude":50.8224385,"longitude":4.2985298},{"latitude":50.831905,"longitude":4.345586}],"VehicleId{value='vehicle-4'}":[{"latitude":50.8446235,"longitude":4.3131359},{"latitude":50.8427702,"longitude":4.3326605},{"latitude":50.8691022,"longitude":4.3970511}]},"visitsCloserToOtherCenterOfGravity":[[["beb38ae4-da90-442d-a2b9-97899690c17f","Visit3","Visit59","Visit70","Visit21","Visit21","Visit199","Visit199","Visit125","Visit125","Visit121","Visit121","Visit66","Visit66","Visit66","Visit14","Visit14","Visit14","Visit52","Visit52","Visit52","Visit80","Visit80","Visit79","Visit79","Visit75","0dae8eab-f48a-4817-be6e-bdde4643609b"],["vehicle-1","vehicle-1","vehicle-4","vehicle-4","vehicle-4","vehicle-0","vehicle-4","vehicle-0","vehicle-4","vehicle-0","vehicle-4","vehicle-0","vehicle-1","vehicle-4","vehicle-0","vehicle-1","vehicle-4","vehicle-0","vehicle-1","vehicle-4","vehicle-0","vehicle-1","vehicle-0","vehicle-4","vehicle-0","vehicle-4","vehicle-1"]],[["Visit93","Visit18","Visit185","Visit116","Visit96","Visit113","Visit148","Visit158","Visit41","Visit99","Visit34","Visit39","Visit24","Visit112","Visit94"],["vehicle-2","vehicle-2","vehicle-2","vehicle-2","vehicle-2","vehicle-2","vehicle-2","vehicle-2","vehicle-2","vehicle-2","vehicle-2","vehicle-2","vehicle-0","vehicle-0","vehicle-0"]],[["Visit47","Visit166","Visit67","Visit62","Visit156","Visit48","Visit145"],["vehicle-0","vehicle-0","vehicle-0","vehicle-0","vehicle-0","vehicle-0","vehicle-0"]],[["Visit119","Visit162","Visit85","Visit189"],["vehicle-0","vehicle-0","vehicle-0","vehicle-0"]],[[],[]]],"meanDistanceToConvexHull":{"VehicleId{value='vehicle-0'}":2205.6518695911623,"VehicleId{value='vehicle-1'}":968.7339284177309,"VehicleId{value='vehicle-2'}":1150.659274595237,"VehicleId{value='vehicle-3'}":437.6963945595967,"VehicleId{value='vehicle-4'}":1381.45753509762}},"RouteCompositionAnalysisResult":{"numberOfRoutes":5,"stopsLongestRoute":41,"stopsShortestRoute":40,"meanStops":40.6,"stdDevStops":0.4898979485566356,"totalDistanceMeters":298278,"unassignedJobs":[{"value":"Visit106"},{"value":"Visit197"}],"failureRate":0.00975609756097561,"runTime":9776},"CargoAnalysisResult":{"totalLoadKgs":null,"totalLoadVolume":null,"biggestLoad":null,"biggestLoadVolume":null,"smallestLoad":null,"smallestLoadVolume":null,"meanLoad":0.0,"meanLoadVolume":0.0,"stdDevLoad":null,"maxRelativeLoad":null}}