{"WorkingShiftAnalysisResult":{"totalWaitingTimeSeconds":780.000000000,"workingShiftOfEachDriver":{"VehicleId{value='vehicle-0'}":33753.000000000,"VehicleId{value='vehicle-1'}":34608.000000000,"VehicleId{value='vehicle-2'}":34485.000000000,"VehicleId{value='vehicle-3'}":34426.000000000,"VehicleId{value='vehicle-4'}":34277.000000000},"stddevWorkingShifts":333.2514065986819,"shortestWorkingShift":{"VehicleId{value='vehicle-0'}":33753.000000000},"longestWorkingShift":{"VehicleId{value='vehicle-1'}":34608.000000000},"visitsTimeWindowWrong":{"VehicleId{value='vehicle-0'}":{"JobId{value='Visit207'}":[2023,10,4,10,49,2],"JobId{value='Visit23'}":[2023,10,4,14,29,30],"JobId{value='Visit43'}":[2023,10,4,17,38,1],"JobId{value='Visit302'}":[2023,10,4,9,28,50],"JobId{value='Visit26'}":[2023,10,4,15,33,6],"JobId{value='Visit224'}":[2023,10,4,16,13,5],"JobId{value='Visit367'}":[2023,10,4,16,23,47],"JobId{value='Visit345'}":[2023,10,4,17,24,35],"JobId{value='Visit326'}":[2023,10,4,10,36,46],"JobId{value='Visit128'}":[2023,10,4,17,3,25],"JobId{value='Visit286'}":[2023,10,4,9,54,50],"JobId{value='Visit465'}":[2023,10,4,11,11,38],"JobId{value='Visit62'}":[2023,10,4,9,18,47],"JobId{value='Visit40'}":[2023,10,4,13,21,53],"JobId{value='Visit186'}":[2023,10,4,9,41,46],"JobId{value='Visit241'}":[2023,10,4,12,51,38],"JobId{value='Visit284'}":[2023,10,4,16,1,20],"JobId{value='Visit190'}":[2023,10,4,11,38,51],"JobId{value='Visit75'}":[2023,10,4,10,9,12],"JobId{value='Visit433'}":[2023,10,4,10,59,56],"JobId{value='Visit334'}":[2023,10,4,12,6,50],"JobId{value='Visit279'}":[2023,10,4,13,55,3],"JobId{value='Visit35'}":[2023,10,4,16,51,3],"JobId{value='Visit435'}":[2023,10,4,14,16,35],"JobId{value='Visit138'}":[2023,10,4,16,39,46],"JobId{value='Visit330'}":[2023,10,4,9,0],"JobId{value='Visit311'}":[2023,10,4,13,31,58],"JobId{value='Visit179'}":[2023,10,4,15,46,49],"JobId{value='Visit90'}":[2023,10,4,15,11,2],"JobId{value='Visit150'}":[2023,10,4,10,21,4],"JobId{value='Visit194'}":[2023,10,4,12,17,10],"JobId{value='Visit373'}":[2023,10,4,11,28,5],"JobId{value='Visit180'}":[2023,10,4,11,50,49],"JobId{value='Visit182'}":[2023,10,4,12,27,43],"JobId{value='Visit181'}":[2023,10,4,14,39,33]},"VehicleId{value='vehicle-1'}":{"JobId{value='Visit405'}":[2023,10,4,10,16,33],"JobId{value='Visit306'}":[2023,10,4,10,30,33],"JobId{value='Visit449'}":[2023,10,4,16,33,32],"JobId{value='Visit209'}":[2023,10,4,16,14,7],"JobId{value='Visit109'}":[2023,10,4,14,59,51],"JobId{value='Visit48'}":[2023,10,4,13,54,41],"JobId{value='Visit169'}":[2023,10,4,16,58],"JobId{value='Visit24'}":[2023,10,4,15,37,26],"JobId{value='Visit248'}":[2023,10,4,13,41,47],"JobId{value='Visit122'}":[2023,10,4,11,40,10],"JobId{value='Visit220'}":[2023,10,4,11,26,21],"JobId{value='Visit288'}":[2023,10,4,14,29,37],"JobId{value='Visit41'}":[2023,10,4,16,45,1],"JobId{value='Visit191'}":[2023,10,4,14,5,17],"JobId{value='Visit218'}":[2023,10,4,12,38,17],"JobId{value='Visit56'}":[2023,10,4,16,0,16],"JobId{value='Visit15'}":[2023,10,4,9,10],"JobId{value='Visit258'}":[2023,10,4,10,4,38],"JobId{value='Visit313'}":[2023,10,4,12,7,17],"JobId{value='Visit312'}":[2023,10,4,12,26,38],"JobId{value='Visit235'}":[2023,10,4,13,31,36],"JobId{value='Visit117'}":[2023,10,4,10,57,16],"JobId{value='Visit215'}":[2023,10,4,9,52,58],"JobId{value='Visit116'}":[2023,10,4,11,11,9],"JobId{value='Visit58'}":[2023,10,4,14,16,21],"JobId{value='Visit155'}":[2023,10,4,10,44,58],"JobId{value='Visit91'}":[2023,10,4,17,25,51],"JobId{value='Visit396'}":[2023,10,4,12,51,34],"JobId{value='Visit154'}":[2023,10,4,15,11,21],"JobId{value='Visit476'}":[2023,10,4,15,48,22],"JobId{value='Visit431'}":[2023,10,4,9,28,53],"JobId{value='Visit475'}":[2023,10,4,9,41,18],"JobId{value='Visit197'}":[2023,10,4,14,45,9],"JobId{value='Visit251'}":[2023,10,4,11,54,20],"JobId{value='Visit1'}":[2023,10,4,9,0]},"VehicleId{value='vehicle-2'}":{"JobId{value='Visit86'}":[2023,10,4,15,27,14],"JobId{value='Visit429'}":[2023,10,4,16,58,46],"JobId{value='Visit208'}":[2023,10,4,9,39,47],"JobId{value='Visit329'}":[2023,10,4,11,46,57],"JobId{value='Visit203'}":[2023,10,4,10,59,54],"JobId{value='Visit27'}":[2023,10,4,11,18,58],"JobId{value='Visit103'}":[2023,10,4,13,34,29],"JobId{value='Visit226'}":[2023,10,4,10,48],"JobId{value='Visit265'}":[2023,10,4,9,52,40],"JobId{value='Visit463'}":[2023,10,4,14,37,15],"JobId{value='Visit484'}":[2023,10,4,16,15,31],"JobId{value='Visit168'}":[2023,10,4,15,50,31],"JobId{value='Visit266'}":[2023,10,4,17,11,33],"JobId{value='Visit101'}":[2023,10,4,17,22,28],"JobId{value='Visit480'}":[2023,10,4,12,21,58],"JobId{value='Visit361'}":[2023,10,4,15,0,46],"JobId{value='Visit29'}":[2023,10,4,10,20,51],"JobId{value='Visit437'}":[2023,10,4,9,26,20],"JobId{value='Visit12'}":[2023,10,4,15,13,25],"JobId{value='Visit439'}":[2023,10,4,9,14,11],"JobId{value='Visit32'}":[2023,10,4,16,2,44],"JobId{value='Visit456'}":[2023,10,4,9,0],"JobId{value='Visit37'}":[2023,10,4,16,30,53],"JobId{value='Visit455'}":[2023,10,4,13,17,36],"JobId{value='Visit337'}":[2023,10,4,10,35,19],"JobId{value='Visit14'}":[2023,10,4,13,47,18],"JobId{value='Visit496'}":[2023,10,4,10,7,54],"JobId{value='Visit254'}":[2023,10,4,14,12,46],"JobId{value='Visit352'}":[2023,10,4,14,23,2],"JobId{value='Visit376'}":[2023,10,4,11,34,43],"JobId{value='Visit151'}":[2023,10,4,15,39,27],"JobId{value='Visit71'}":[2023,10,4,17,34,19],"JobId{value='Visit295'}":[2023,10,4,14,47,35],"JobId{value='Visit380'}":[2023,10,4,13,59,7]},"VehicleId{value='vehicle-3'}":{"JobId{value='Visit44'}":[2023,10,4,13,25,40],"JobId{value='Visit305'}":[2023,10,4,16,55,27],"JobId{value='Visit308'}":[2023,10,4,10,15,3],"JobId{value='Visit65'}":[2023,10,4,10,51,37],"JobId{value='Visit126'}":[2023,10,4,9,46,32],"JobId{value='Visit423'}":[2023,10,4,16,27,15],"JobId{value='Visit464'}":[2023,10,4,15,47,1],"JobId{value='Visit381'}":[2023,10,4,9,15,8],"JobId{value='Visit183'}":[2023,10,4,9,30],"JobId{value='Visit263'}":[2023,10,4,17,27,43],"JobId{value='Visit383'}":[2023,10,4,15,12,51],"JobId{value='Visit482'}":[2023,10,4,15,24,44],"JobId{value='Visit55'}":[2023,10,4,14,26,13],"JobId{value='Visit217'}":[2023,10,4,11,55,1],"JobId{value='Visit319'}":[2023,10,4,11,31,33],"JobId{value='Visit318'}":[2023,10,4,13,39,45],"JobId{value='Visit417'}":[2023,10,4,13,50,14],"JobId{value='Visit137'}":[2023,10,4,16,1,34],"JobId{value='Visit16'}":[2023,10,4,11,16,9],"JobId{value='Visit213'}":[2023,10,4,16,14,10],"JobId{value='Visit237'}":[2023,10,4,14,58,26],"JobId{value='Visit473'}":[2023,10,4,14,3,17],"JobId{value='Visit176'}":[2023,10,4,14,16,6],"JobId{value='Visit112'}":[2023,10,4,11,44,6],"JobId{value='Visit497'}":[2023,10,4,13,12,36],"JobId{value='Visit255'}":[2023,10,4,14,38,29],"JobId{value='Visit470'}":[2023,10,4,9,0],"JobId{value='Visit491'}":[2023,10,4,11,4,6],"JobId{value='Visit74'}":[2023,10,4,16,43,39],"JobId{value='Visit472'}":[2023,10,4,12,17],"JobId{value='Visit230'}":[2023,10,4,17,14,31],"JobId{value='Visit350'}":[2023,10,4,15,36,7],"JobId{value='Visit9'}":[2023,10,4,17,40,22],"JobId{value='Visit39'}":[2023,10,4,10,41,30]},"VehicleId{value='vehicle-4'}":{"JobId{value='Visit448'}":[2023,10,4,12,6,49],"JobId{value='Visit67'}":[2023,10,4,14,29,10],"JobId{value='Visit445'}":[2023,10,4,13,57,15],"JobId{value='Visit447'}":[2023,10,4,15,42,13],"JobId{value='Visit325'}":[2023,10,4,15,25,53],"JobId{value='Visit149'}":[2023,10,4,17,26,6],"JobId{value='Visit468'}":[2023,10,4,17,40,12],"JobId{value='Visit441'}":[2023,10,4,11,54,7],"JobId{value='Visit320'}":[2023,10,4,15,1,7],"JobId{value='Visit366'}":[2023,10,4,14,7,48],"JobId{value='Visit124'}":[2023,10,4,16,7,50],"JobId{value='Visit223'}":[2023,10,4,17,14,32],"JobId{value='Visit120'}":[2023,10,4,11,8,56],"JobId{value='Visit163'}":[2023,10,4,12,18,2],"JobId{value='Visit141'}":[2023,10,4,13,45,16],"JobId{value='Visit390'}":[2023,10,4,12,30,46],"JobId{value='Visit170'}":[2023,10,4,13,16,1],"JobId{value='Visit77'}":[2023,10,4,10,10,10],"JobId{value='Visit317'}":[2023,10,4,15,53,24],"JobId{value='Visit78'}":[2023,10,4,9,0],