{"WorkingShiftAnalysisResult":{"totalWaitingTimeSeconds":24922.000000000,"workingShiftOfEachDriver":{"VehicleId{value='vehicle-0'}":30508.000000000,"VehicleId{value='vehicle-1'}":16187.000000000,"VehicleId{value='vehicle-6'}":26969.000000000,"VehicleId{value='vehicle-7'}":23949.000000000,"VehicleId{value='vehicle-8'}":2719.000000000,"VehicleId{value='vehicle-9'}":26693.000000000,"VehicleId{value='vehicle-2'}":5865.000000000,"VehicleId{value='vehicle-3'}":2947.000000000,"VehicleId{value='vehicle-4'}":29863.000000000,"VehicleId{value='vehicle-5'}":2174.000000000},"stddevWorkingShifts":12179.16206750968,"shortestWorkingShift":{"VehicleId{value='vehicle-5'}":2174.000000000},"longestWorkingShift":{"VehicleId{value='vehicle-0'}":30508.000000000},"visitsTimeWindowWrong":{"VehicleId{value='vehicle-0'}":{"JobId{value='Visit21'}":[2023,10,4,13,20,29],"JobId{value='Visit125'}":[2023,10,4,15,31,57],"JobId{value='Visit177'}":[2023,10,4,12,45,35],"JobId{value='Visit184'}":[2023,10,4,14,2,12]},"VehicleId{value='vehicle-1'}":{"JobId{value='Visit7'}":[2023,10,4,9,49,36],"JobId{value='Visit147'}":[2023,10,4,11,9,58],"JobId{value='Visit128'}":[2023,10,4,10,57,37],"JobId{value='Visit133'}":[2023,10,4,10,3,47],"JobId{value='Visit100'}":[2023,10,4,12,50,46],"JobId{value='Visit92'}":[2023,10,4,10,17,45],"JobId{value='Visit1'}":[2023,10,4,9,0],"JobId{value='Visit123'}":[2023,10,4,11,47,17],"JobId{value='Visit194'}":[2023,10,4,11,59,10],"JobId{value='Visit161'}":[2023,10,4,12,15,11],"JobId{value='Visit141'}":[2023,10,4,10,45,20]},"VehicleId{value='vehicle-6'}":{"JobId{value='Visit94'}":[2023,10,4,13,15]},"VehicleId{value='vehicle-7'}":{"JobId{value='Visit66'}":[2023,10,4,13,15],"JobId{value='Visit190'}":[2023,10,4,11,42,51],"JobId{value='Visit76'}":[2023,10,4,11,21,26],"JobId{value='Visit91'}":[2023,10,4,12,12,51],"JobId{value='Visit150'}":[2023,10,4,12,39,43]},"VehicleId{value='vehicle-8'}":{"JobId{value='Visit27'}":[2023,10,4,9,11,23]},"VehicleId{value='vehicle-9'}":{"JobId{value='Visit32'}":[2023,10,4,11,57,32],"JobId{value='Visit57'}":[2023,10,4,12,22,18]},"VehicleId{value='vehicle-2'}":{"JobId{value='Visit33'}":[2023,10,4,9,0],"JobId{value='Visit24'}":[2023,10,4,9,59,38],"JobId{value='Visit63'}":[2023,10,4,9,14,22]},"VehicleId{value='vehicle-3'}":{"JobId{value='Visit3'}":[2023,10,4,9,26,46],"JobId{value='Visit163'}":[2023,10,4,9,0]},"VehicleId{value='vehicle-4'}":{"JobId{value='Visit193'}":[2023,10,4,13,26,45]},"VehicleId{value='vehicle-5'}":{}},"meanworkingShift":16787.4},"VisualAttractivenessAnalysisResult":{"meanDistanceToGeographicCenter":{"VehicleId{value='vehicle-0'}":2144.6266312509993,"VehicleId{value='vehicle-1'}":2046.7092330827388,"VehicleId{value='vehicle-6'}":1191.579029533966,"VehicleId{value='vehicle-7'}":2002.121205970521,"VehicleId{value='vehicle-8'}":92.28868372725746,"VehicleId{value='vehicle-9'}":1161.1959849970783,"VehicleId{value='vehicle-2'}":722.2246619016984,"VehicleId{value='vehicle-3'}":241.02243968280095,"VehicleId{value='vehicle-4'}":1958.76634149686,"VehicleId{value='vehicle-5'}":120.80308668035923},"outliersTTBetweenStops":{"VehicleId{value='vehicle-0'}":[711.000000000,880.000000000],"VehicleId{value='vehicle-1'}":[565.000000000,610.000000000],"VehicleId{value='vehicle-6'}":[444.000000000,370.000000000],"VehicleId{value='vehicle-7'}":[685.000000000,559.000000000],"VehicleId{value='vehicle-8'}":[],"VehicleId{value='vehicle-9'}":[8.000000000,315.000000000,319.000000000,0.0],"VehicleId{value='vehicle-2'}":[],"VehicleId{value='vehicle-3'}":[],"VehicleId{value='vehicle-4'}":[753.000000000,663.000000000],"VehicleId{value='vehicle-5'}":[]},"meanTravelTimeBetweenStops":{"VehicleId{value='vehicle-0'}":224.000000000,"VehicleId{value='vehicle-1'}":251.000000000,"VehicleId{value='vehicle-6'}":170.000000000,"VehicleId{value='vehicle-7'}":225.000000000,"VehicleId{value='vehicle-8'}":79.000000000,"VehicleId{value='vehicle-9'}":162.000000000,"VehicleId{value='vehicle-2'}":237.000000000,"VehicleId{value='vehicle-3'}":136.000000000,"VehicleId{value='vehicle-4'}":229.000000000,"VehicleId{value='vehicle-5'}":124.000000000},"convexHullList":{"VehicleId{value='vehicle-0'}":[{"latitude":50.8212269,"longitude":4.3805593},{"latitude":50.8207503,"longitude":4.3820493},{"latitude":50.8505111,"longitude":4.4001638}],"VehicleId{value='vehicle-1'}":[{"latitude":50.7922519,"longitude":4.3452504},{"latitude":50.7759909,"longitude":4.3821636},{"latitude":50.8315549,"longitude":4.3880995}],"VehicleId{value='vehicle-6'}":[{"latitude":50.8668871,"longitude":4.291205},{"latitude":50.8308955,"longitude":4.3343018},{"latitude":50.8310398,"longitude":4.3359767}],"VehicleId{value='vehicle-7'}":[{"latitude":50.7983631,"longitude":4.3378146},{"latitude":50.7945734,"longitude":4.3673047}],"VehicleId{value='vehicle-8'}":[{"latitude":50.8761249,"longitude":4.3874933},{"latitude":50.8746771,"longitude":4.3902632}],"VehicleId{value='vehicle-9'}":[{"latitude":50.8719704,"longitude":4.297945},{"latitude":50.857945,"longitude":4.3112171},{"latitude":50.8649556,"longitude":4.3305841}],"VehicleId{value='vehicle-2'}":[{"latitude":50.8479114,"longitude":4.4059413},{"latitude":50.844172,"longitude":4.4271793}],"VehicleId{value='vehicle-3'}":[{"latitude":50.8301631,"longitude":4.3624923},{"latitude":50.825057,"longitude":4.3631032},{"latitude":50.8270168,"longitude":4.3658565}],"VehicleId{value='vehicle-4'}":[{"latitude":50.8022301,"longitude":4.3918888},{"latitude":50.789706,"longitude":4.4231683},{"latitude":50.8291036,"longitude":4.4583447}],"VehicleId{value='vehicle-5'}":[{"latitude":50.8453988,"longitude":4.3483909},{"latitude":50.8431159,"longitude":4.3512173}]},"visitsCloserToOtherCenterOfGravity":[[[],[]],[["Visit11"],["vehicle-6"]],[[],[]],[[],[]],[["cba7b432-b7ae-4a30-a892-c430de909d43","cba7b432-b7ae-4a30-a892-c430de909d43","Visit4","Visit4","Visit30","Visit30","Visit178","Visit178","Visit62","Visit62","Visit166","Visit119","Visit159","Visit89","Visit64","Visit175","c4803448-6cc6-4f1d-8afd-795015abbee4","c4803448-6cc6-4f1d-8afd-795015abbee4"],["vehicle-2","vehicle-0","vehicle-2","vehicle-0","vehicle-2","vehicle-0","vehicle-2","vehicle-0","vehicle-2","vehicle-0","vehicle-1","vehicle-1","vehicle-2","vehicle-2","vehicle-2","vehicle-2","vehicle-2","vehicle-0"]],[[],[]],[["Visit176","Visit176","Visit74","Visit109"],["vehicle-1","vehicle-7","vehicle-7","vehicle-7"]],[["Visit7","Visit133"],["vehicle-7","vehicle-7"]],[[],[]],[[],[]]],"meanDistanceToConvexHull":{"VehicleId{value='vehicle-0'}":581.7303290106682,"VehicleId{value='vehicle-1'}":2502.4030924677495,"VehicleId{value='vehicle-6'}":279.4355123159213,"VehicleId{value='vehicle-7'}":2854.156113682117,"VehicleId{value='vehicle-8'}":30.953564395436388,"VehicleId{value='vehicle-9'}":773.0404112282725,"VehicleId{value='vehicle-2'}":769.8650478286431,"VehicleId{value='vehicle-3'}":0.0,"VehicleId{value='vehicle-4'}":2067.2636649921355,"VehicleId{value='vehicle-5'}":0.0}},"RouteCompositionAnalysisResult":{"numberOfRoutes":10,"stopsLongestRoute":37,"stopsShortestRoute":3,"meanStops":20.9,"stdDevStops":14.279005567615695,"totalDistanceMeters":249470,"unassignedJobs":[{"value":"Visit88"}],"failureRate":0.004761904761904762,"runTime":8867},"CargoAnalysisResult":{"totalLoadKgs":null,"totalLoadVolume":null,"biggestLoad":null,"biggestLoadVolume":null,"smallestLoad":null,"smallestLoadVolume":null,"meanLoad":0.0,"meanLoadVolume":0.0,"stdDevLoad":null,"maxRelativeLoad":null}}