{"WorkingShiftAnalysisResult":{"totalWaitingTimeSeconds":10680.000000000,"workingShiftOfEachDriver":{"VehicleId{value='vehicle-0'}":36167.000000000,"VehicleId{value='vehicle-1'}":35313.000000000,"VehicleId{value='vehicle-2'}":35337.000000000,"VehicleId{value='vehicle-3'}":34970.000000000,"VehicleId{value='vehicle-4'}":36817.000000000},"stddevWorkingShifts":754.6615135277538,"shortestWorkingShift":{"VehicleId{value='vehicle-3'}":34970.000000000},"longestWorkingShift":{"VehicleId{value='vehicle-4'}":36817.000000000},"visitsTimeWindowWrong":{"VehicleId{value='vehicle-0'}":{"JobId{value='Visit33'}":[2023,10,4,12,42,18],"JobId{value='Visit34'}":[2023,10,4,13,28,47],"JobId{value='Visit31'}":[2023,10,4,16,48,25],"JobId{value='Visit10'}":[2023,10,4,11,47,35],"JobId{value='Visit38'}":[2023,10,4,9,0],"JobId{value='Visit36'}":[2023,10,4,14,22,41],"JobId{value='Visit25'}":[2023,10,4,15,19,7],"JobId{value='Visit70'}":[2023,10,4,14,53,48],"JobId{value='Visit90'}":[2023,10,4,15,54,50],"JobId{value='Visit52'}":[2023,10,4,10,9,5],"JobId{value='Visit30'}":[2023,10,4,11,10,22],"JobId{value='Visit85'}":[2023,10,4,16,31,42],"JobId{value='Visit50'}":[2023,10,4,17,8,11],"JobId{value='Visit9'}":[2023,10,4,13,54,40],"JobId{value='Visit17'}":[2023,10,4,10,53,38],"JobId{value='Visit0'}":[2023,10,4,17,34,18]},"VehicleId{value='vehicle-1'}":{"JobId{value='Visit45'}":[2023,10,4,9,0],"JobId{value='Visit67'}":[2023,10,4,15,11,29],"JobId{value='Visit56'}":[2023,10,4,15,48,35],"JobId{value='Visit75'}":[2023,10,4,13,58,19],"JobId{value='Visit54'}":[2023,10,4,10,53,15],"JobId{value='Visit76'}":[2023,10,4,11,26,43],"JobId{value='Visit43'}":[2023,10,4,13,39,49],"JobId{value='Visit48'}":[2023,10,4,12,19,59],"JobId{value='Visit15'}":[2023,10,4,16,8,12],"JobId{value='Visit16'}":[2023,10,4,13,15],"JobId{value='Visit49'}":[2023,10,4,15,22,53],"JobId{value='Visit35'}":[2023,10,4,11,55,10],"JobId{value='Visit69'}":[2023,10,4,10,31,47],"JobId{value='Visit80'}":[2023,10,4,9,59,24],"JobId{value='Visit73'}":[2023,10,4,9,35,13],"JobId{value='Visit83'}":[2023,10,4,14,35,46],"JobId{value='Visit18'}":[2023,10,4,16,40,48],"JobId{value='Visit1'}":[2023,10,4,17,1,54]},"VehicleId{value='vehicle-2'}":{"JobId{value='Visit66'}":[2023,10,4,14,35,51],"JobId{value='Visit12'}":[2023,10,4,12,9,22],"JobId{value='Visit98'}":[2023,10,4,10,49,58],"JobId{value='Visit87'}":[2023,10,4,11,18,45],"JobId{value='Visit32'}":[2023,10,4,15,46,49],"JobId{value='Visit27'}":[2023,10,4,10,27,53],"JobId{value='Visit46'}":[2023,10,4,17,41,32],"JobId{value='Visit14'}":[2023,10,4,15,27,7],"JobId{value='Visit58'}":[2023,10,4,17,18,37],"JobId{value='Visit92'}":[2023,10,4,16,26,54],"JobId{value='Visit82'}":[2023,10,4,9,10],"JobId{value='Visit60'}":[2023,10,4,14,15,41],"JobId{value='Visit71'}":[2023,10,4,16,57,17],"JobId{value='Visit94'}":[2023,10,4,9,53,37],"JobId{value='Visit2'}":[2023,10,4,9,0],"JobId{value='Visit29'}":[2023,10,4,12,30,33]},"VehicleId{value='vehicle-3'}":{"JobId{value='Visit44'}":[2023,10,4,9,38],"JobId{value='Visit99'}":[2023,10,4,11,58,36],"JobId{value='Visit86'}":[2023,10,4,10,38,35],"JobId{value='Visit65'}":[2023,10,4,14,56,10],"JobId{value='Visit37'}":[2023,10,4,17,23],"JobId{value='Visit57'}":[2023,10,4,15,13,37],"JobId{value='Visit91'}":[2023,10,4,14,18,27],"JobId{value='Visit81'}":[2023,10,4,9,10],"JobId{value='Visit62'}":[2023,10,4,10,4,1],"JobId{value='Visit51'}":[2023,10,4,15,31,47],"JobId{value='Visit63'}":[2023,10,4,12,30,46],"JobId{value='Visit61'}":[2023,10,4,16,14,35],"JobId{value='Visit7'}":[2023,10,4,13,37,10],"JobId{value='Visit5'}":[2023,10,4,11,7,3],"JobId{value='Visit19'}":[2023,10,4,17,7,33],"JobId{value='Visit3'}":[2023,10,4,9,0],"JobId{value='Visit28'}":[2023,10,4,14,6,40]},"VehicleId{value='vehicle-4'}":{"JobId{value='Visit55'}":[2023,10,4,9,0],"JobId{value='Visit77'}":[2023,10,4,10,12,3],"JobId{value='Visit22'}":[2023,10,4,11,39,2],"JobId{value='Visit11'}":[2023,10,4,13,42,31],"JobId{value='Visit78'}":[2023,10,4,10,30,22],"JobId{value='Visit23'}":[2023,10,4,14,13,3],"JobId{value='Visit20'}":[2023,10,4,14,43,30],"JobId{value='Visit53'}":[2023,10,4,16,59,2],"JobId{value='Visit79'}":[2023,10,4,9,42,14],"JobId{value='Visit24'}":[2023,10,4,11,1,57],"JobId{value='Visit47'}":[2023,10,4,16,17,25],"JobId{value='Visit74'}":[2023,10,4,13,17,27],"JobId{value='Visit96'}":[2023,10,4,15,4,32],"JobId{value='Visit8'}":[2023,10,4,15,39,46],"JobId{value='Visit39'}":[2023,10,4,12,15]}},"meanworkingShift":35720.8},"VisualAttractivenessAnalysisResult":{"meanDistanceToGeographicCenter":{"VehicleId{value='vehicle-0'}":19177.71632227348,"VehicleId{value='vehicle-1'}":9456.55293613498,"VehicleId{value='vehicle-2'}":19300.444454019856,"VehicleId{value='vehicle-3'}":40510.622078205015,"VehicleId{value='vehicle-4'}":24334.55445928999},"outliersTTBetweenStops":{"VehicleId{value='vehicle-0'}":[2369.000000000,0.0],"VehicleId{value='vehicle-1'}":[0.0],"VehicleId{value='vehicle-2'}":[2476.000000000,2826.000000000],"VehicleId{value='vehicle-3'}":[3384.000000000,3219.000000000],"VehicleId{value='vehicle-4'}":[3335.000000000]},"meanTravelTimeBetweenStops":{"VehicleId{value='vehicle-0'}":1211.000000000,"VehicleId{value='vehicle-1'}":883.000000000,"VehicleId{value='vehicle-2'}":1118.000000000,"VehicleId{value='vehicle-3'}":1346.000000000,"VehicleId{value='vehicle-4'}":1478.000000000},"convexHullList":{"VehicleId{value='vehicle-0'}":[{"latitude":50.8773765,"longitude":3.1816499},{"latitude":50.8400567,"longitude":3.2497661},{"latitude":50.8935268,"longitude":3.7399417}],"VehicleId{value='vehicle-1'}":[{"latitude":51.1082172,"longitude":4.3233162},{"latitude":51.102922,"longitude":4.5025135},{"latitude":51.1418198,"longitude":4.5750994}],"VehicleId{value='vehicle-2'}":[{"latitude":50.9137949,"longitude":5.0071169},{"latitude":50.9051002,"longitude":5.0967973},{"latitude":50.9423449,"longitude":5.5258243}],"VehicleId{value='vehicle-3'}":[{"latitude":51.2090852,"longitude":2.9052592},{"latitude":50.8062235,"longitude":3.1809967},{"latitude":50.8734459,"longitude":4.2462329}],"VehicleId{value='vehicle-4'}":[{"latitude":50.9774386,"longitude":4.4172279},{"latitude":50.856233,"longitude":4.4482885},{"latitude":50.8769295,"longitude":4.6999071}]},"visitsCloserToOtherCenterOfGravity":[[["Visit52","Visit17","Visit30","Visit10","Visit68","Visit90","Visit85","Visit31","Visit50"],["vehicle-3","vehicle-3","vehicle-3","vehicle-3","vehicle-3","vehicle-3","vehicle-3","vehicle-3","vehicle-3"]],[["Visit81","Visit81","Visit44","Visit44","Visit62","Visit62","Visit86","Visit86","Visit99"],["vehicle-1","vehicle-4","vehicle-1","vehicle-4","vehicle-1","vehicle-4","vehicle-1","vehicle-4","vehicle-1"]],[["Visit15","Visit18"],["vehicle-4","vehicle-4"]],[[],[]],[[],[]]],"meanDistanceToConvexHull":{"VehicleId{value='vehicle-0'}":7549.060496278046,"VehicleId{value='vehicle-1'}":7295.888267712652,"VehicleId{value='vehicle-2'}":8232.996151098245,"VehicleId{value='vehicle-3'}":29597.24272113176,"VehicleId{value='vehicle-4'}":8796.648955800893}},"RouteCompositionAnalysisResult":{"numberOfRoutes":5,"stopsLongestRoute":20,"stopsShortestRoute":18,"meanStops":19.0,"stdDevStops":0.8944271909999159,"totalDistanceMeters":1486201,"unassignedJobs":[{"value":"Visit26"},{"value":"Visit4"},{"value":"Visit13"},{"value":"Visit72"},{"value":"Visit93"},{"value":"Visit21"},{"value":"Visit40"},{"value":"Visit41"},{"value":"Visit84"},{"value":"Visit59"}],"failureRate":0.09523809523809523,"runTime":16978},"CargoAnalysisResult":{"totalLoadKgs":null,"totalLoadVolume":null,"biggestLoad":null,"biggestLoadVolume":null,"smallestLoad":null,"smallestLoadVolume":null,"meanLoad":0.0,"meanLoadVolume":0.0,"stdDevLoad":null,"maxRelativeLoad":null}}