{"WorkingShiftAnalysisResult":{"totalWaitingTimeSeconds":118140.000000000,"workingShiftOfEachDriver":{"VehicleId{value='vehicle-6'}":600.000000000,"VehicleId{value='vehicle-7'}":30740.000000000,"VehicleId{value='vehicle-8'}":15636.000000000,"VehicleId{value='vehicle-9'}":29393.000000000,"VehicleId{value='vehicle-2'}":600.000000000,"VehicleId{value='vehicle-3'}":35946.000000000,"VehicleId{value='vehicle-10'}":23667.000000000,"VehicleId{value='vehicle-4'}":600.000000000,"VehicleId{value='vehicle-5'}":600.000000000,"VehicleId{value='vehicle-13'}":24064.000000000,"VehicleId{value='vehicle-14'}":600.000000000,"VehicleId{value='vehicle-0'}":600.000000000,"VehicleId{value='vehicle-11'}":36214.000000000,"VehicleId{value='vehicle-12'}":22366.000000000,"VehicleId{value='vehicle-1'}":600.000000000,"VehicleId{value='vehicle-17'}":4766.000000000,"VehicleId{value='vehicle-18'}":600.000000000,"VehicleId{value='vehicle-15'}":1987.000000000,"VehicleId{value='vehicle-16'}":19229.000000000,"VehicleId{value='vehicle-19'}":23773.000000000},"stddevWorkingShifts":13660.975951496599,"shortestWorkingShift":{"VehicleId{value='vehicle-6'}":600.000000000},"longestWorkingShift":{"VehicleId{value='vehicle-11'}":36214.000000000},"visitsTimeWindowWrong":{"VehicleId{value='vehicle-6'}":{"JobId{value='Visit6'}":[2023,10,4,9,0]},"VehicleId{value='vehicle-7'}":{"JobId{value='Visit44'}":[2023,10,4,9,0],"JobId{value='Visit7'}":[2023,10,4,10,24,46]},"VehicleId{value='vehicle-8'}":{"JobId{value='Visit8'}":[2023,10,4,13,15],"JobId{value='Visit68'}":[2023,10,4,9,12,32],"JobId{value='Visit80'}":[2023,10,4,9,0],"JobId{value='Visit29'}":[2023,10,4,9,53,19],"JobId{value='Visit30'}":[2023,10,4,9,26,32]},"VehicleId{value='vehicle-9'}":{"JobId{value='Visit99'}":[2023,10,4,16,41,40],"JobId{value='Visit9'}":[2023,10,4,9,0],"JobId{value='Visit32'}":[2023,10,4,13,30,56],"JobId{value='Visit37'}":[2023,10,4,9,26,53],"JobId{value='Visit38'}":[2023,10,4,15,42,31],"JobId{value='Visit24'}":[2023,10,4,9,10],"JobId{value='Visit57'}":[2023,10,4,15,16,16],"JobId{value='Visit92'}":[2023,10,4,10,3],"JobId{value='Visit73'}":[2023,10,4,17,28,46],"JobId{value='Visit41'}":[2023,10,4,9,43,33]},"VehicleId{value='vehicle-2'}":{"JobId{value='Visit2'}":[2023,10,4,9,0]},"VehicleId{value='vehicle-3'}":{"JobId{value='Visit33'}":[2023,10,4,13,48,22],"JobId{value='Visit35'}":[2023,10,4,15,44,49],"JobId{value='Visit58'}":[2023,10,4,9,16,20],"JobId{value='Visit70'}":[2023,10,4,13,15],"JobId{value='Visit81'}":[2023,10,4,14,59,34],"JobId{value='Visit3'}":[2023,10,4,16,31,25],"JobId{value='Visit39'}":[2023,10,4,14,26,11],"JobId{value='Visit90'}":[2023,10,4,15,31,27],"JobId{value='Visit85'}":[2023,10,4,10,8,25],"JobId{value='Visit82'}":[2023,10,4,9,0],"JobId{value='Visit93'}":[2023,10,4,11,2,52]},"VehicleId{value='vehicle-10'}":{"JobId{value='Visit34'}":[2023,10,4,10,5,57],"JobId{value='Visit64'}":[2023,10,4,9,0],"JobId{value='Visit10'}":[2023,10,4,10,49,17]},"VehicleId{value='vehicle-4'}":{"JobId{value='Visit4'}":[2023,10,4,9,0]},"VehicleId{value='vehicle-5'}":{"JobId{value='Visit5'}":[2023,10,4,9,0]},"VehicleId{value='vehicle-13'}":{"JobId{value='Visit22'}":[2023,10,4,13,40,51],"JobId{value='Visit78'}":[2023,10,4,10,0,41],"JobId{value='Visit97'}":[2023,10,4,9,39,2],"JobId{value='Visit54'}":[2023,10,4,15,39,23],"JobId{value='Visit48'}":[2023,10,4,10,19,18],"JobId{value='Visit59'}":[2023,10,4,14,18,8],"JobId{value='Visit13'}":[2023,10,4,16,24,52],"JobId{value='Visit25'}":[2023,10,4,9,0],"JobId{value='Visit28'}":[2023,10,4,15,16,3],"JobId{value='Visit51'}":[2023,10,4,16,8,23],"JobId{value='Visit61'}":[2023,10,4,10,47,59]},"VehicleId{value='vehicle-14'}":{},"VehicleId{value='vehicle-0'}":{},"VehicleId{value='vehicle-11'}":{"JobId{value='Visit11'}":[2023,10,4,9,0],"JobId{value='Visit56'}":[2023,10,4,9,10],"JobId{value='Visit75'}":[2023,10,4,13,45,38],"JobId{value='Visit46'}":[2023,10,4,15,5,16],"JobId{value='Visit84'}":[2023,10,4,15,28,59],"JobId{value='Visit63'}":[2023,10,4,9,33,1],"JobId{value='Visit52'}":[2023,10,4,16,3,3],"JobId{value='Visit60'}":[2023,10,4,14,24,13],"JobId{value='Visit94'}":[2023,10,4,13,15]},"VehicleId{value='vehicle-12'}":{"JobId{value='Visit23'}":[2023,10,4,9,0],"JobId{value='Visit12'}":[2023,10,4,10,23,5]},"VehicleId{value='vehicle-1'}":{},"VehicleId{value='vehicle-17'}":{"JobId{value='Visit86'}":[2023,10,4,9,0],"JobId{value='Visit76'}":[2023,10,4,9,28],"JobId{value='Visit17'}":[2023,10,4,10,0,58]},"VehicleId{value='vehicle-18'}":{"JobId{value='Visit18'}":[2023,10,4,9,0]},"VehicleId{value='vehicle-15'}":{"JobId{value='Visit55'}":[2023,10,4,9,0],"JobId{value='Visit15'}":[2023,10,4,9,16,33]},"VehicleId{value='vehicle-16'}":{"JobId{value='Visit98'}":[2023,10,4,13,15],"JobId{value='Visit16'}":[2023,10,4,15,55,38],"JobId{value='Visit79'}":[2023,10,4,13,57,59],"JobId{value='Visit69'}":[2023,10,4,10,3,37],"JobId{value='Visit40'}":[2023,10,4,9,24,50],"JobId{value='Visit62'}":[2023,10,4,15,21,23],"JobId{value='Visit71'}":[2023,10,4,13,42,43],"JobId{value='Visit72'}":[2023,10,4,14,28,43]},"VehicleId{value='vehicle-19'}":{"JobId{value='Visit31'}":[2023,10,4,9,0],"JobId{value='Visit19'}":[2023,10,4,10,29,31]}},"meanworkingShift":13629.05},"VisualAttractivenessAnalysisResult":{"meanDistanceToGeographicCenter":{"VehicleId{value='vehicle-6'}":0.0,"VehicleId{value='vehicle-7'}":4380.012605917432,"VehicleId{value='vehicle-8'}":5598.681411610496,"VehicleId{value='vehicle-9'}":9833.85307400387,"VehicleId{value='vehicle-2'}":0.0,"VehicleId{value='vehicle-3'}":13965.331337887992,"VehicleId{value='vehicle-10'}":7655.137969998014,"VehicleId{value='vehicle-4'}":6.211183143657146E-11,"VehicleId{value='vehicle-5'}":0.0,"VehicleId{value='vehicle-13'}":12138.82407436556,"VehicleId{value='vehicle-14'}":7.89917420840359E-10,"VehicleId{value='vehicle-0'}":0.0,"VehicleId{value='vehicle-11'}":13368.097312972499,"VehicleId{value='vehicle-12'}":4268.215884113645,"VehicleId{value='vehicle-1'}":0.0,"VehicleId{value='vehicle-17'}":3926.932151744819,"VehicleId{value='vehicle-18'}":7.89917420840359E-10,"VehicleId{value='vehicle-15'}":1062.47627746145,"VehicleId{value='vehicle-16'}":11973.14791720753,"VehicleId{value='vehicle-19'}":8344.955337581288},"outliersTTBetweenStops":{"VehicleId{value='vehicle-6'}":[],"VehicleId{value='vehicle-7'}":[],"VehicleId{value='vehicle-8'}":[],"VehicleId{value='vehicle-9'}":[2441.000000000],"VehicleId{value='vehicle-2'}":[],"VehicleId{value='vehicle-3'}":[2525.000000000],"VehicleId{value='vehicle-10'}":[],"VehicleId{value='vehicle-4'}":[],"VehicleId{value='vehicle-5'}":[],"VehicleId{value='vehicle-13'}":[0.0],"VehicleId{value='vehicle-14'}":[],"VehicleId{value='vehicle-0'}":[],"VehicleId{value='vehicle-11'}":[0.0],"VehicleId{value='vehicle-12'}":[],"VehicleId{value='vehicle-1'}":[],"VehicleId{value='vehicle-17'}":[],"VehicleId{value='vehicle-18'}":[],"VehicleId{value='vehicle-15'}":[],"VehicleId{value='vehicle-16'}":[2560.000000000],"VehicleId{value='vehicle-19'}":[]},"meanTravelTimeBetweenStops":{"VehicleId{value='vehicle-6'}":0.0,"VehicleId{value='vehicle-7'}":533.000000000,"VehicleId{value='vehicle-8'}":768.000000000,"VehicleId{value='vehicle-9'}":918.000000000,"VehicleId{value='vehicle-2'}":0.0,"VehicleId{value='vehicle-3'}":1123.000000000,"VehicleId{value='vehicle-10'}":1097.000000000,"VehicleId{value='vehicle-4'}":0.0,"VehicleId{value='vehicle-5'}":0.0,"VehicleId{value='vehicle-13'}":913.000000000,"VehicleId{value='vehicle-14'}":0.0,"VehicleId{value='vehicle-0'}":0.0,"VehicleId{value='vehicle-11'}":1031.000000000,"VehicleId{value='vehicle-12'}":753.000000000,"VehicleId{value='vehicle-1'}":0.0,"VehicleId{value='vehicle-17'}":741.000000000,"VehicleId{value='vehicle-18'}":0.0,"VehicleId{value='vehicle-15'}":262.000000000,"VehicleId{value='vehicle-16'}":967.000000000,"VehicleId{value='vehicle-19'}":926.000000000},"convexHullList":{"VehicleId{value='vehicle-6'}":[{"latitude":50.8788298,"longitude":3.9570925},{"latitude":50.8788298,"longitude":3.9570925}],"VehicleId{value='vehicle-7'}":[{"latitude":50.8304946,