{"WorkingShiftAnalysisResult":{"totalWaitingTimeSeconds":175620.000000000,"workingShiftOfEachDriver":{"VehicleId{value='vehicle-7'}":8517.000000000,"VehicleId{value='vehicle-8'}":1200.000000000,"VehicleId{value='vehicle-9'}":2428.000000000,"VehicleId{value='vehicle-10'}":1200.000000000,"VehicleId{value='vehicle-3'}":21356.000000000,"VehicleId{value='vehicle-4'}":1200.000000000,"VehicleId{value='vehicle-5'}":15708.000000000,"VehicleId{value='vehicle-13'}":4754.000000000,"VehicleId{value='vehicle-14'}":3503.000000000,"VehicleId{value='vehicle-0'}":14893.000000000,"VehicleId{value='vehicle-11'}":9378.000000000,"VehicleId{value='vehicle-1'}":18283.000000000,"VehicleId{value='vehicle-12'}":19752.000000000,"VehicleId{value='vehicle-17'}":12419.000000000,"VehicleId{value='vehicle-15'}":15376.000000000,"VehicleId{value='vehicle-16'}":2191.000000000,"VehicleId{value='vehicle-19'}":18504.000000000},"stddevWorkingShifts":7412.782852950705,"shortestWorkingShift":{"VehicleId{value='vehicle-8'}":1200.000000000},"longestWorkingShift":{"VehicleId{value='vehicle-3'}":21356.000000000},"visitsTimeWindowWrong":{"VehicleId{value='vehicle-7'}":{"JobId{value='Visit66'}":[2023,10,4,10,6,47],"JobId{value='Visit118'}":[2023,10,4,10,32,13],"JobId{value='Visit53'}":[2023,10,4,9,27,10],"JobId{value='Visit6'}":[2023,10,4,10,18,37],"JobId{value='Visit7'}":[2023,10,4,9,0],"JobId{value='Visit106'}":[2023,10,4,9,55,36],"JobId{value='Visit199'}":[2023,10,4,9,10],"JobId{value='Visit74'}":[2023,10,4,9,41,43]},"VehicleId{value='vehicle-8'}":{},"VehicleId{value='vehicle-9'}":{"JobId{value='Visit9'}":[2023,10,4,9,0]},"VehicleId{value='vehicle-10'}":{},"VehicleId{value='vehicle-3'}":{"JobId{value='Visit88'}":[2023,10,4,12,27,43],"JobId{value='Visit44'}":[2023,10,4,14,2,55],"JobId{value='Visit119'}":[2023,10,4,14,25,57],"JobId{value='Visit78'}":[2023,10,4,13,27,44],"JobId{value='Visit98'}":[2023,10,4,10,24,9],"JobId{value='Visit159'}":[2023,10,4,9,41,53],"JobId{value='Visit136'}":[2023,10,4,13,39,30],"JobId{value='Visit68'}":[2023,10,4,9,55,27],"JobId{value='Visit36'}":[2023,10,4,13,15],"JobId{value='Visit149'}":[2023,10,4,13,51,9],"JobId{value='Visit100'}":[2023,10,4,10,12,15],"JobId{value='Visit111'}":[2023,10,4,10,36,42],"JobId{value='Visit91'}":[2023,10,4,12,0,45],"JobId{value='Visit113'}":[2023,10,4,9,28,55],"JobId{value='Visit145'}":[2023,10,4,9,0],"JobId{value='Visit167'}":[2023,10,4,11,17,56],"JobId{value='Visit41'}":[2023,10,4,9,13,25],"JobId{value='Visit161'}":[2023,10,4,14,14,12],"JobId{value='Visit71'}":[2023,10,4,10,49,58],"JobId{value='Visit131'}":[2023,10,4,11,3,28],"JobId{value='Visit142'}":[2023,10,4,11,33,31],"JobId{value='Visit83'}":[2023,10,4,14,38,24],"JobId{value='Visit28'}":[2023,10,4,11,47,12]},"VehicleId{value='vehicle-4'}":{"JobId{value='Visit4'}":[2023,10,4,9,0]},"VehicleId{value='vehicle-5'}":{"JobId{value='Visit108'}":[2023,10,4,10,30,2],"JobId{value='Visit45'}":[2023,10,4,11,42,28],"JobId{value='Visit86'}":[2023,10,4,10,49,43],"JobId{value='Visit64'}":[2023,10,4,12,21,58],"JobId{value='Visit114'}":[2023,10,4,9,25,8],"JobId{value='Visit49'}":[2023,10,4,12,9,34],"JobId{value='Visit92'}":[2023,10,4,12,50,35],"JobId{value='Visit189'}":[2023,10,4,11,55,33],"JobId{value='Visit173'}":[2023,10,4,11,26,18],"JobId{value='Visit186'}":[2023,10,4,9,13,12],"JobId{value='Visit60'}":[2023,10,4,10,2,7],"JobId{value='Visit94'}":[2023,10,4,9,0],"JobId{value='Visit191'}":[2023,10,4,10,17,52],"JobId{value='Visit5'}":[2023,10,4,9,50,13],"JobId{value='Visit2'}":[2023,10,4,12,35,55]},"VehicleId{value='vehicle-13'}":{"JobId{value='Visit26'}":[2023,10,4,9,16,11],"JobId{value='Visit59'}":[2023,10,4,9,28,21],"JobId{value='Visit13'}":[2023,10,4,9,56,15],"JobId{value='Visit112'}":[2023,10,4,9,0]},"VehicleId{value='vehicle-14'}":{"JobId{value='Visit103'}":[2023,10,4,9,10,10],"JobId{value='Visit157'}":[2023,10,4,9,23,52],"JobId{value='Visit197'}":[2023,10,4,9,0]},"VehicleId{value='vehicle-0'}":{"JobId{value='Visit22'}":[2023,10,4,12,18,6],"JobId{value='Visit75'}":[2023,10,4,9,34,55],"JobId{value='Visit137'}":[2023,10,4,11,37,39],"JobId{value='Visit128'}":[2023,10,4,9,0],"JobId{value='Visit24'}":[2023,10,4,9,21,21],"JobId{value='Visit116'}":[2023,10,4,12,5,51],"JobId{value='Visit176'}":[2023,10,4,10,0,3],"JobId{value='Visit70'}":[2023,10,4,10,43,48],"JobId{value='Visit90'}":[2023,10,4,10,12,24],"JobId{value='Visit156'}":[2023,10,4,11,8,35],"JobId{value='Visit123'}":[2023,10,4,11,52,55],"JobId{value='Visit51'}":[2023,10,4,9,48,20],"JobId{value='Visit96'}":[2023,10,4,11,21,49],"JobId{value='Visit93'}":[2023,10,4,10,58,30],"JobId{value='Visit181'}":[2023,10,4,10,26,33],"JobId{value='Visit29'}":[2023,10,4,9,11,2]},"VehicleId{value='vehicle-11'}":{"JobId{value='Visit11'}":[2023,10,4,10,59,40],"JobId{value='Visit190'}":[2023,10,4,10,33,51],"JobId{value='Visit97'}":[2023,10,4,9,0],"JobId{value='Visit148'}":[2023,10,4,10,17,33],"JobId{value='Visit27'}":[2023,10,4,9,39,27],"JobId{value='Visit121'}":[2023,10,4,9,12,10],"JobId{value='Visit102'}":[2023,10,4,9,26,13],"JobId{value='Visit40'}":[2023,10,4,10,46,4]},"VehicleId{value='vehicle-1'}":{"JobId{value='Visit34'}":[2023,10,4,9,55,28],"JobId{value='Visit43'}":[2023,10,4,9,27,20],"JobId{value='Visit54'}":[2023,10,4,11,45,35],"JobId{value='Visit109'}":[2023,10,4,11,56,34],"JobId{value='Visit65'}":[2023,10,4,12,35,17],"JobId{value='Visit126'}":[2023,10,4,11,32,53],"JobId{value='Visit48'}":[2023,10,4,13,15],"JobId{value='Visit47'}":[2023,10,4,11,14,5],"JobId{value='Visit133'}":[2023,10,4,10,48,1],"JobId{value='Visit154'}":[2023,10,4,11,1,17],"JobId{value='Visit187'}":[2023,10,4,13,26,14],"JobId{value='Visit124'}":[2023,10,4,10,6,35],"JobId{value='Visit153'}":[2023,10,4,9,0],"JobId{value='Visit175'}":[2023,10,4,12,10,42],"JobId{value='Visit152'}":[2023,10,4,9,42,28],"JobId{value='Visit61'}":[2023,10,4,13,42,43],"JobId{value='Visit160'}":[2023,10,4,9,12,47],"JobId{value='Visit171'}":[2023,10,4,10,21,34],"JobId{value='Visit193'}":[2023,10,4,10,36,28],"JobId{value='Visit1'}":[2023,10,4,13,53,44]},"VehicleId{value='vehicle-12'}":{"JobId{value='Visit55'}":[2023,10,4,12,8,6],"JobId{value='Visit12'}":[2023,10,4,14,27,10],"JobId{value='Visit115'}":[2023,10,4,9,0],"JobId{value='Visit169'}":[2023,10,4,9,11,27],"JobId{value='Visit38'}":[2023,10,4,13,45,24],"JobId{value='Visit105'}":[2023,10,4,9,34,44],"JobId{value='Visit25'}":[2023,10,4,9,47,57],"JobId{value='Visit127'}":[2023,10,4,10,1,14],"JobId{value='Visit58'}":[2023,10,4,10,11,35],"JobId{value='Visit69'}":[2023,10,4,11,43,5],"JobId{value='Visit155'}":[2023,10,4,10,26,9],"JobId{value='Visit177'}":[2023,10,4,14,2,9],"JobId{value='Visit110'}":[2023,10,4,13,15],"JobId{value='Visit135'}":[2023,10,4,10,52,45],"JobId{value='Visit101'}":[2023,10,4,11,27,47],"JobId{value='Visit164'}":[2023,10,4,10,41,6],"JobId{value='Visit174'}":[2023,10,4,14,13,56],"JobId{value='Visit39'}":[2023,10,4,9,23,37]},"VehicleId{value='vehicle-17'}":{"JobId{value='Visit99'}":[2023,10,4,11,24,45],"JobId{value='Visit87'}":[2023,10,4,11,38,55],"JobId{value='Visit79'}":[2023,10,4,10,12,51],"JobId{value='Visit144'}":[2023,10,4,9,57,33],"JobId{value='Visit80'}":[2023,10,4,10,36,46],"JobId{value='Visit165'}":[2023,10,4,10,23,41],"JobId{value='Visit143'}":[2023,10,4,10,47,23],"JobId{value='Visit84'}":[2023,10,4,9,11,16],"JobId{value='Visit85'}":[2023,10,4,10,57,56],"JobId{value='Visit120'}":[2023,10,4,9,0],"JobId{value='Visit196'}":[2023,10,4,11,52,22],"JobId{value='Visit17'}":[2023,10,4,12,6,40],"JobId{value='Visit18'}":[2023,10,4,11,9,3]},"VehicleId{value='vehicle-15'}":{"JobId{value='Visit42'}":[2023,10,4,10,14,30],"JobId{value='Visit20'}":[2023,10,4,11,54,43],"JobId{value='Visit139'}":[2023,10,4,9,25,38],"JobId{value='Visit188'}":[2023,10,4,12,7,56],"JobId{value='Visit3'}":[2023,10,4,9,50,23],"JobId{value='Visit179'}":[2023,10,4,9,12,8]},"VehicleId{value='vehicle-16'}":{"JobId{value='Visit129'}":[2023,10,4,9,10],"JobId{value='Visit16'}":[2023,10,4,9,0]},"VehicleId{value='vehicle-19'}":{"JobId{value='Visit33'}":[2023,10,4,9,17,14],