{"WorkingShiftAnalysisResult":{"totalWaitingTimeSeconds":982.000000000,"workingShiftOfEachDriver":{"VehicleId{value='vehicle-0'}":34708.000000000,"VehicleId{value='vehicle-1'}":35376.000000000,"VehicleId{value='vehicle-2'}":34881.000000000,"VehicleId{value='vehicle-3'}":34905.000000000,"VehicleId{value='vehicle-4'}":34486.000000000},"stddevWorkingShifts":328.28151029261454,"shortestWorkingShift":{"VehicleId{value='vehicle-4'}":34486.000000000},"longestWorkingShift":{"VehicleId{value='vehicle-1'}":35376.000000000},"visitsTimeWindowWrong":{"VehicleId{value='vehicle-0'}":{"JobId{value='Visit97'}":[2023,10,4,14,0,11],"JobId{value='Visit9'}":[2023,10,4,12,48,50],"JobId{value='Visit221'}":[2023,10,4,13,3,11],"JobId{value='Visit451'}":[2023,10,4,11,6,49],"JobId{value='Visit17'}":[2023,10,4,16,4,29],"JobId{value='Visit0'}":[2023,10,4,18,12,54]},"VehicleId{value='vehicle-1'}":{"JobId{value='Visit327'}":[2023,10,4,13,20,44],"JobId{value='Visit1'}":[2023,10,4,17,49,47],"JobId{value='Visit383'}":[2023,10,4,12,43,50]},"VehicleId{value='vehicle-2'}":{"JobId{value='Visit429'}":[2023,10,4,17,47,55],"JobId{value='Visit2'}":[2023,10,4,9,0]},"VehicleId{value='vehicle-3'}":{"JobId{value='Visit37'}":[2023,10,4,14,3,54],"JobId{value='Visit205'}":[2023,10,4,17,48,42],"JobId{value='Visit473'}":[2023,10,4,12,41,2]},"VehicleId{value='vehicle-4'}":{"JobId{value='Visit4'}":[2023,10,4,18,5,45],"JobId{value='Visit341'}":[2023,10,4,13,51,22],"JobId{value='Visit387'}":[2023,10,4,12,42,36],"JobId{value='Visit395'}":[2023,10,4,12,32,5]}},"meanworkingShift":34871.2},"VisualAttractivenessAnalysisResult":{"meanDistanceToGeographicCenter":{"VehicleId{value='vehicle-0'}":7930.312764983807,"VehicleId{value='vehicle-1'}":18943.918107522088,"VehicleId{value='vehicle-2'}":15062.068877535405,"VehicleId{value='vehicle-3'}":10640.45689640128,"VehicleId{value='vehicle-4'}":9816.445889704342},"outliersTTBetweenStops":{"VehicleId{value='vehicle-0'}":[1398.000000000,2049.000000000],"VehicleId{value='vehicle-1'}":[2389.000000000],"VehicleId{value='vehicle-2'}":[2115.000000000,1361.000000000],"VehicleId{value='vehicle-3'}":[1611.000000000],"VehicleId{value='vehicle-4'}":[1370.000000000,1247.000000000,1229.000000000]},"meanTravelTimeBetweenStops":{"VehicleId{value='vehicle-0'}":364.000000000,"VehicleId{value='vehicle-1'}":710.000000000,"VehicleId{value='vehicle-2'}":525.000000000,"VehicleId{value='vehicle-3'}":603.000000000,"VehicleId{value='vehicle-4'}":549.000000000},"convexHullList":{"VehicleId{value='vehicle-0'}":[{"latitude":51.2068993,"longitude":4.39501},{"latitude":51.2027232,"longitude":4.434809},{"latitude":51.2038647,"longitude":4.4706194}],"VehicleId{value='vehicle-1'}":[{"latitude":50.7736208,"longitude":4.9107602},{"latitude":50.7462501,"longitude":5.065596},{"latitude":50.9728153,"longitude":5.6858721}],"VehicleId{value='vehicle-2'}":[{"latitude":51.0296651,"longitude":3.7170744},{"latitude":51.0076918,"longitude":4.0617663},{"latitude":51.0706133,"longitude":4.2747768}],"VehicleId{value='vehicle-3'}":[{"latitude":50.8835633,"longitude":4.4551544},{"latitude":50.8508469,"longitude":4.537475},{"latitude":50.8555926,"longitude":4.6084867}],"VehicleId{value='vehicle-4'}":[{"latitude":50.8769777,"longitude":4.6829273},{"latitude":50.7749641,"longitude":4.8889572},{"latitude":50.9397646,"longitude":4.9576438}]},"visitsCloserToOtherCenterOfGravity":[[[],[]],[["Visit456"],["vehicle-4"]],[["a41c4b0d-4c84-4c1c-9c63-3c26aa625dc0","Visit109","Visit1","cb64890a-2291-450e-8d4c-511d09c9c15d"],["vehicle-4","vehicle-4","vehicle-4","vehicle-4"]],[[],[]],[[],[]]],"meanDistanceToConvexHull":{"VehicleId{value='vehicle-0'}":2505.0739154764933,"VehicleId{value='vehicle-1'}":16656.180208458554,"VehicleId{value='vehicle-2'}":11521.489680383258,"VehicleId{value='vehicle-3'}":4303.911477327498,"VehicleId{value='vehicle-4'}":10351.509770080333}},"RouteCompositionAnalysisResult":{"numberOfRoutes":5,"stopsLongestRoute":36,"stopsShortestRoute":27,"meanStops":30.6,"stdDevStops":3.0066592756745814,"totalDistanceMeters":940656,