{"WorkingShiftAnalysisResult":{"totalWaitingTimeSeconds":1542.000000000,"workingShiftOfEachDriver":{"VehicleId{value='vehicle-0'}":19022.000000000,"VehicleId{value='vehicle-1'}":37995.000000000,"VehicleId{value='vehicle-6'}":37089.000000000,"VehicleId{value='vehicle-7'}":33247.000000000,"VehicleId{value='vehicle-8'}":33641.000000000,"VehicleId{value='vehicle-9'}":28307.000000000,"VehicleId{value='vehicle-2'}":37699.000000000,"VehicleId{value='vehicle-3'}":36506.000000000,"VehicleId{value='vehicle-4'}":31471.000000000,"VehicleId{value='vehicle-5'}":32245.000000000},"stddevWorkingShifts":5735.458365873356,"shortestWorkingShift":{"VehicleId{value='vehicle-0'}":19022.000000000},"longestWorkingShift":{"VehicleId{value='vehicle-1'}":37995.000000000},"visitsTimeWindowWrong":{"VehicleId{value='vehicle-0'}":{"JobId{value='Visit146'}":[2023,10,4,11,49,7]},"VehicleId{value='vehicle-1'}":{"JobId{value='Visit25'}":[2023,10,4,13,44,30]},"VehicleId{value='vehicle-6'}":{"JobId{value='Visit118'}":[2023,10,4,14,54,49],"JobId{value='Visit50'}":[2023,10,4,11,46,23]},"VehicleId{value='vehicle-7'}":{},"VehicleId{value='vehicle-8'}":{},"VehicleId{value='vehicle-9'}":{},"VehicleId{value='vehicle-2'}":{"JobId{value='Visit46'}":[2023,10,4,16,21,2],"JobId{value='Visit96'}":[2023,10,4,17,59,32]},"VehicleId{value='vehicle-3'}":{},"VehicleId{value='vehicle-4'}":{"JobId{value='Visit41'}":[2023,10,4,15,7,45]},"VehicleId{value='vehicle-5'}":{}},"meanworkingShift":32722.2},"VisualAttractivenessAnalysisResult":{"meanDistanceToGeographicCenter":{"VehicleId{value='vehicle-0'}":12597.373143548912,"VehicleId{value='vehicle-1'}":38760.19235287331,"VehicleId{value='vehicle-6'}":19620.26504792154,"VehicleId{value='vehicle-7'}":23170.630232598596,"VehicleId{value='vehicle-8'}":19990.42986432629,"VehicleId{value='vehicle-9'}":14886.664454907073,"VehicleId{value='vehicle-2'}":40491.31725909345,"VehicleId{value='vehicle-3'}":26159.667172259833,"VehicleId{value='vehicle-4'}":17861.234515423224,"VehicleId{value='vehicle-5'}":32545.43192353087},"outliersTTBetweenStops":{"VehicleId{value='vehicle-0'}":[2059.000000000],"VehicleId{value='vehicle-1'}":[3317.000000000,2908.000000000],"VehicleId{value='vehicle-6'}":[2567.000000000],"VehicleId{value='vehicle-7'}":[0.0,2339.000000000],"VehicleId{value='vehicle-8'}":[3037.000000000],"VehicleId{value='vehicle-9'}":[2057.000000000,2209.000000000],"VehicleId{value='vehicle-2'}":[3064.000000000,2926.000000000,3037.000000000],"VehicleId{value='vehicle-3'}":[0.0,2916.000000000],"VehicleId{value='vehicle-4'}":[2553.000000000],"VehicleId{value='vehicle-5'}":[2244.000000000,2482.000000000]},"meanTravelTimeBetweenStops":{"VehicleId{value='vehicle-0'}":801.000000000,"VehicleId{value='vehicle-1'}":943.000000000,"VehicleId{value='vehicle-6'}":901.000000000,"VehicleId{value='vehicle-7'}":1092.000000000,"VehicleId{value='vehicle-8'}":850.000000000,"VehicleId{value='vehicle-9'}":921.000000000,"VehicleId{value='vehicle-2'}":1064.000000000,"VehicleId{value='vehicle-3'}":1231.000000000,"VehicleId{value='vehicle-4'}":1087.000000000,"VehicleId{value='vehicle-5'}":964.000000000},"convexHullList":{"VehicleId{value='vehicle-0'}":[{"latitude":51.0250985,"longitude":3.7487527},{"latitude":50.990827,"longitude":3.9218385},{"latitude":51.0058804,"longitude":4.0189435}],"VehicleId{value='vehicle-1'}":[{"latitude":51.0135379,"longitude":3.6719362},{"latitude":50.8222692,"longitude":4.4820319},{"latitude":50.8728936,"longitude":4.494176}],"VehicleId{value='vehicle-6'}":[{"latitude":50.9266537,"longitude":2.866939},{"latitude":50.7981166,"longitude":3.1115958},{"latitude":50.8255869,"longitude":3.2702913}],"VehicleId{value='vehicle-7'}":[{"latitude":50.7484115,"longitude":5.0807084},{"latitude":50.7387306,"longitude":5.1290503},{"latitude":51.1348733,"longitude":5.8025695}],"VehicleId{value='vehicle-8'}":[{"latitude":51.17884,"longitude":4.24038},{"latitude":51.2539166,"longitude":5.0523431}],"VehicleId{value='vehicle-9'}":[{"latitude":51.0034702,"longitude":4.1030455},{"latitude":50.9364539,"longitude":4.4362444},{"latitude":51.1227459,"longitude":4.6247369}],"VehicleId{value='vehicle-2'}":[{"latitude":50.8057223,"longitude":2.9391292},{"latitude":50.7402026,"longitude":3.3366267},{"latitude":51.0761316,"longitude":4.127226}],"VehicleId{value='vehicle-3'}":[{"latitude":50.7462062,"longitude":3.6150097},{"latitude":50.743575,"longitude":4.2142477},{"latitude":50.8050767,"longitude":4.286987}],"VehicleId{value='vehicle-4'}":[{"latitude":50.7727708,"longitude":4.3272908},{"latitude":50.7706456,"longitude":4.5258446},{"latitude":50.8078972,"longitude":4.9332361}],"VehicleId{value='vehicle-5'}":[{"latitude":50.9067824,"longitude":5.4218125},{"latitude":50.8923511,"longitude":5.6535426},{"latitude":50.9714813,"longitude":5.6982054}]},