{"WorkingShiftAnalysisResult":{"totalWaitingTimeSeconds":2400.000000000,"workingShiftOfEachDriver":{"VehicleId{value='vehicle-0'}":33653.000000000,"VehicleId{value='vehicle-1'}":34385.000000000,"VehicleId{value='vehicle-2'}":33243.000000000,"VehicleId{value='vehicle-3'}":34034.000000000,"VehicleId{value='vehicle-4'}":34427.000000000},"stddevWorkingShifts":502.95526640050207,"shortestWorkingShift":{"VehicleId{value='vehicle-2'}":33243.000000000},"longestWorkingShift":{"VehicleId{value='vehicle-4'}":34427.000000000},"visitsTimeWindowWrong":{"VehicleId{value='vehicle-0'}":{"JobId{value='Visit22'}":[2023,10,4,11,25,2],"JobId{value='Visit89'}":[2023,10,4,12,22,12],"JobId{value='Visit45'}":[2023,10,4,13,32,50],"JobId{value='Visit169'}":[2023,10,4,10,9,27],"JobId{value='Visit103'}":[2023,10,4,15,1,11],"JobId{value='Visit24'}":[2023,10,4,17,37,38],"JobId{value='Visit144'}":[2023,10,4,9,15,44],"JobId{value='Visit122'}":[2023,10,4,13,58,46],"JobId{value='Visit81'}":[2023,10,4,10,45,10],"JobId{value='Visit187'}":[2023,10,4,15,26,47],"JobId{value='Visit40'}":[2023,10,4,11,3,30],"JobId{value='Visit120'}":[2023,10,4,9,45,42],"JobId{value='Visit164'}":[2023,10,4,16,22,55],"JobId{value='Visit186'}":[2023,10,4,16,35,12],"JobId{value='Visit171'}":[2023,10,4,14,26,18],"JobId{value='Visit170'}":[2023,10,4,16,59,17],"JobId{value='Visit119'}":[2023,10,4,9,0],"JobId{value='Visit33'}":[2023,10,4,12,6,32],"JobId{value='Visit31'}":[2023,10,4,12,39,22],"JobId{value='Visit97'}":[2023,10,4,14,36,53],"JobId{value='Visit53'}":[2023,10,4,14,49,12],"JobId{value='Visit76'}":[2023,10,4,11,13,33],"JobId{value='Visit15'}":[2023,10,4,15,14,2],"JobId{value='Visit136'}":[2023,10,4,14,12,10],"JobId{value='Visit57'}":[2023,10,4,13,45,34],"JobId{value='Visit36'}":[2023,10,4,9,57,9],"JobId{value='Visit58'}":[2023,10,4,11,52,58],"JobId{value='Visit133'}":[2023,10,4,11,35,48],"JobId{value='Visit112'}":[2023,10,4,17,17,19],"JobId{value='Visit93'}":[2023,10,4,16,11,52],"JobId{value='Visit94'}":[2023,10,4,9,31,17],"JobId{value='Visit182'}":[2023,10,4,15,46,13]},"VehicleId{value='vehicle-1'}":{"JobId{value='Visit88'}":[2023,10,4,13,17,29],"JobId{value='Visit108'}":[2023,10,4,16,40,47],"JobId{value='Visit44'}":[2023,10,4,17,10,16],"JobId{value='Visit64'}":[2023,10,4,11,28,40],"JobId{value='Visit87'}":[2023,10,4,17,47,26],"JobId{value='Visit69'}":[2023,10,4,13,49,37],"JobId{value='Visit149'}":[2023,10,4,14,19,13],"JobId{value='Visit165'}":[2023,10,4,12,23,52],"JobId{value='Visit102'}":[2023,10,4,16,13,19],"JobId{value='Visit189'}":[2023,10,4,11,1,52],"JobId{value='Visit84'}":[2023,10,4,15,6],"JobId{value='Visit162'}":[2023,10,4,16,25,57],"JobId{value='Visit85'}":[2023,10,4,11,17,32],"JobId{value='Visit63'}":[2023,10,4,13,31,37],"JobId{value='Visit183'}":[2023,10,4,16,57,29],"JobId{value='Visit192'}":[2023,10,4,9,26,41],"JobId{value='Visit29'}":[2023,10,4,14,1,35],"JobId{value='Visit32'}":[2023,10,4,14,53,19],"JobId{value='Visit54'}":[2023,10,4,17,24,18],"JobId{value='Visit37'}":[2023,10,4,13,3,50],"JobId{value='Visit16'}":[2023,10,4,15,47,59],"JobId{value='Visit35'}":[2023,10,4,15,17,21],"JobId{value='Visit91'}":[2023,10,4,9,52,27],"JobId{value='Visit132'}":[2023,10,4,9,0],"JobId{value='Visit157'}":[2023,10,4,14,33,14],"JobId{value='Visit74'}":[2023,10,4,9,40,23],"JobId{value='Visit150'}":[2023,10,4,16,1,32],"JobId{value='Visit175'}":[2023,10,4,11,45,34],"JobId{value='Visit8'}":[2023,10,4,17,36,11],"JobId{value='Visit6'}":[2023,10,4,9,15,46],"JobId{value='Visit2'}":[2023,10,4,10,6]},"VehicleId{value='vehicle-2'}":{"JobId{value='Visit67'}":[2023,10,4,11,46,35],"JobId{value='Visit20'}":[2023,10,4,10,21,20],"JobId{value='Visit48'}":[2023,10,4,13,41,52],"JobId{value='Visit147'}":[2023,10,4,14,8,49],"JobId{value='Visit27'}":[2023,10,4,16,15,19],"JobId{value='Visit127'}":[2023,10,4,9,21,10],"JobId{value='Visit47'}":[2023,10,4,11,57,30],"JobId{value='Visit105'}":[2023,10,4,12,9,28],"JobId{value='Visit25'}":[2023,10,4,14,50,13],"JobId{value='Visit166'}":[2023,10,4,11,32,5],"JobId{value='Visit124'}":[2023,10,4,17,18,48],"JobId{value='Visit145'}":[2023,10,4,13,57,9],"JobId{value='Visit167'}":[2023,10,4,15,44,28],"JobId{value='Visit62'}":[2023,10,4,11,18,53],"JobId{value='Visit163'}":[2023,10,4,9,48,44],"JobId{value='Visit141'}":[2023,10,4,16,50,6],"JobId{value='Visit190'}":[2023,10,4,12,28,15],"JobId{value='Visit78'}":[2023,10,4,15,2,32],"JobId{value='Visit12'}":[2023,10,4,15,59,52],"JobId{value='Visit137'}":[2023,10,4,13,9,53],"JobId{value='Visit159'}":[2023,10,4,17,5,42],"JobId{value='Visit79'}":[2023,10,4,9,0],"JobId{value='Visit139'}":[2023,10,4,10,36,51],"JobId{value='Visit13'}":[2023,10,4,17,33,20],"JobId{value='Visit138'}":[2023,10,4,14,27,18],"JobId{value='Visit155'}":[2023,10,4,10,1,11],"JobId{value='Visit199'}":[2023,10,4,13,30,25],"JobId{value='Visit110'}":[2023,10,4,9,36,52],"JobId{value='Visit198'}":[2023,10,4,16,37,19],"JobId{value='Visit156'}":[2023,10,4,10,53,3],"JobId{value='Visit90'}":[2023,10,4,12,44,1],"JobId{value='Visit153'}":[2023,10,4,15,22,28],"JobId{value='Visit9'}":[2023,10,4,16,25,59]},"VehicleId{value='vehicle-3'}":{"JobId{value='Visit23'}":[2023,10,4,15,32,33],"JobId{value='Visit148'}":[2023,10,4,11,36,58],"JobId{value='Visit46'}":[2023,10,4,12,56,8],"JobId{value='Visit128'}":[2023,10,4,16,54,3],"JobId{value='Visit143'}":[2023,10,4,9,45,47],"JobId{value='Visit101'}":[2023,10,4,10,29,10],"JobId{value='Visit41'}":[2023,10,4,14,3],"JobId{value='Visit82'}":[2023,10,4,16,13,43],"JobId{value='Visit185'}":[2023,10,4,14,27,5],"JobId{value='Visit193'}":[2023,10,4,10,41,33],"JobId{value='Visit77'}":[2023,10,4,10,56,18],"JobId{value='Visit55'}":[2023,10,4,15,50,35],"JobId{value='Visit56'}":[2023,10,4,12,25,13],"JobId{value='Visit34'}":[2023,10,4,13,52,21],"JobId{value='Visit98'}":[2023,10,4,10,0,48],"JobId{value='Visit158'}":[2023,10,4,11,19,55],"JobId{value='Visit116'}":[2023,10,4,12,14,6],"JobId{value='Visit176'}":[2023,10,4,16,41,31],"JobId{value='Visit134'}":[2023,10,4,16,3,22],"JobId{value='Visit173'}":[2023,10,4,9,14,27],"JobId{value='Visit51'}":[2023,10,4,13,23,52],"JobId{value='Visit195'}":[2023,10,4,17,33,19],"JobId{value='Visit96'}":[2023,10,4,11,51,17],"JobId{value='Visit30'}":[2023,10,4,16,29,24],"JobId{value='Visit71'}":[2023,10,4,15,3,4],"JobId{value='Visit152'}":[2023,10,4,9,31,22],"JobId{value='Visit196'}":[2023,10,4,17,5,55],"JobId{value='Visit50'}":[2023,10,4,17,18,6],"JobId{value='Visit180'}":[2023,10,4,9,0],"JobId{value='Visit181'}":[2023,10,4,15,18,57],"JobId{value='Visit7'}":[2023,10,4,14,15,11],"JobId{value='Visit19'}":[2023,10,4,14,44,37]},"VehicleId{value='vehicle-4'}":{"JobId{value='Visit66'}":[2023,10,4,16,59,40],"JobId{value='Visit107'}":[2023,10,4,11,57,6],"JobId{value='Visit86'}":[2023,10,4,11,45,15],"JobId{value='Visit43'}":[2023,10,4,11,9,21],"JobId{value='Visit21'}":[2023,10,4,12,57,36],"JobId{value='Visit104'}":[2023,10,4,10,14,53],"JobId{value='Visit126'}":[2023,10,4,12,25,39],"JobId{value='Visit49'}":[2023,10,4,14,51,58],"JobId{value='Visit68'}":[2023,10,4,9,0],"JobId{value='Visit188'}":[2023,10,4,15,40,47],"JobId{value='Visit80'}":[2023,10,4,17,12,11],"JobId{value='Visit168'}":[2023,10,4,9,59,37],"JobId{value='Visit123'}":[2023,10,4,9,28,9],"JobId{value='Visit184'}":[2023,10,4,10,28,3],"JobId{value='Visit161'}":[2023,10,4,17,38,41],"JobId{value='Visit142'}":[2023,10,4,15,4,8],"JobId{value='Visit11'}":[2023,10,4,11,19,25],"JobId{value='Visit75'}":[2023,10,4,13,38,47],"JobId{value='Visit10'}":[2023,10,4,16,48,2],"JobId{value='Visit59'}":[2023,10,4,9,13,14],"JobId{value='Visit115'}":[2023,10,4,16,35,21],"JobId{value='Visit114'}":[2023,10,4,16,6,26],"JobId{value='Visit117'}":[2023,10,4,14,40,28],"JobId{value='Visit14'}":[2023,10,4,15,22,28],"JobId{value='Visit111'}":[2023,10,4,10,44,7],"JobId{value='Visit154'}":[2023,10,4,14,26,5],"JobId{value='Visit135'}":[2023,10,4,10,54,19],"JobId{value='Visit178'}":[2023,10,4,9,46,36],"JobId{value='Visit194'}":[2023,10,4,12,12,6],"JobId{value='Visit172'}":[2023,10,4,13,57,48],"JobId{value='Visit52'}":[2023,10,4,17,26,5],