{"WorkingShiftAnalysisResult":{"totalWaitingTimeSeconds":57840.000000000,"workingShiftOfEachDriver":{"VehicleId{value='vehicle-0'}":32033.000000000,"VehicleId{value='vehicle-1'}":24519.000000000,"VehicleId{value='vehicle-6'}":32158.000000000,"VehicleId{value='vehicle-7'}":600.000000000,"VehicleId{value='vehicle-8'}":23947.000000000,"VehicleId{value='vehicle-9'}":29088.000000000,"VehicleId{value='vehicle-2'}":34314.000000000,"VehicleId{value='vehicle-3'}":33191.000000000,"VehicleId{value='vehicle-4'}":20144.000000000,"VehicleId{value='vehicle-5'}":600.000000000},"stddevWorkingShifts":12689.61297895076,"shortestWorkingShift":{"VehicleId{value='vehicle-7'}":600.000000000},"longestWorkingShift":{"VehicleId{value='vehicle-2'}":34314.000000000},"visitsTimeWindowWrong":{"VehicleId{value='vehicle-0'}":{"JobId{value='Visit66'}":[2023,10,4,9,10],"JobId{value='Visit45'}":[2023,10,4,14,26,4],"JobId{value='Visit76'}":[2023,10,4,17,34,31],"JobId{value='Visit68'}":[2023,10,4,9,39,43],"JobId{value='Visit57'}":[2023,10,4,13,44,15],"JobId{value='Visit47'}":[2023,10,4,16,44,7],"JobId{value='Visit25'}":[2023,10,4,17,10,44],"JobId{value='Visit0'}":[2023,10,4,9,0],"JobId{value='Visit73'}":[2023,10,4,10,9,31],"JobId{value='Visit71'}":[2023,10,4,9,23,44],"JobId{value='Visit94'}":[2023,10,4,16,30,13]},"VehicleId{value='vehicle-1'}":{"JobId{value='Visit42'}":[2023,10,4,13,15],"JobId{value='Visit70'}":[2023,10,4,10,17,22],"JobId{value='Visit1'}":[2023,10,4,14,18,35],"JobId{value='Visit93'}":[2023,10,4,13,43,31],"JobId{value='Visit72'}":[2023,10,4,9,0]},"VehicleId{value='vehicle-6'}":{"JobId{value='Visit89'}":[2023,10,4,13,55,48],"JobId{value='Visit31'}":[2023,10,4,13,35,39],"JobId{value='Visit65'}":[2023,10,4,17,4,53],"JobId{value='Visit59'}":[2023,10,4,15,51,42],"JobId{value='Visit38'}":[2023,10,4,13,15],"JobId{value='Visit49'}":[2023,10,4,16,20,36],"JobId{value='Visit69'}":[2023,10,4,9,0],"JobId{value='Visit14'}":[2023,10,4,14,25],"JobId{value='Visit96'}":[2023,10,4,9,47,35],"JobId{value='Visit52'}":[2023,10,4,10,21,3],"JobId{value='Visit63'}":[2023,10,4,15,35,47],"JobId{value='Visit61'}":[2023,10,4,10,7,8],"JobId{value='Visit18'}":[2023,10,4,9,25,50]},"VehicleId{value='vehicle-7'}":{"JobId{value='Visit7'}":[2023,10,4,9,0]},"VehicleId{value='vehicle-8'}":{"JobId{value='Visit77'}":[2023,10,4,10,6,45],"JobId{value='Visit78'}":[2023,10,4,9,0],"JobId{value='Visit67'}":[2023,10,4,10,43,15],"JobId{value='Visit8'}":[2023,10,4,13,49,41],"JobId{value='Visit74'}":[2023,10,4,9,27,54]},"VehicleId{value='vehicle-9'}":{"JobId{value='Visit33'}":[2023,10,4,9,0],"JobId{value='Visit22'}":[2023,10,4,10,5,51],"JobId{value='Visit34'}":[2023,10,4,14,56,44],"JobId{value='Visit54'}":[2023,10,4,13,15],"JobId{value='Visit9'}":[2023,10,4,15,29,48],"JobId{value='Visit58'}":[2023,10,4,13,34,49],"JobId{value='Visit17'}":[2023,10,4,10,34,19],"JobId{value='Visit90'}":[2023,10,4,9,27,34],"JobId{value='Visit95'}":[2023,10,4,13,58,15],"JobId{value='Visit83'}":[2023,10,4,14,22,45]},"VehicleId{value='vehicle-2'}":{"JobId{value='Visit11'}":[2023,10,4,10,52,57],"JobId{value='Visit99'}":[2023,10,4,16,41,49],"JobId{value='Visit88'}":[2023,10,4,17,9,1],"JobId{value='Visit10'}":[2023,10,4,17,44,38],"JobId{value='Visit15'}":[2023,10,4,14,47,55],"JobId{value='Visit48'}":[2023,10,4,16,22,10],"JobId{value='Visit16'}":[2023,10,4,13,37,38],"JobId{value='Visit36'}":[2023,10,4,14,19,47],"JobId{value='Visit19'}":[2023,10,4,15,29,8],"JobId{value='Visit28'}":[2023,10,4,9,0],"JobId{value='Visit84'}":[2023,10,4,9,51,19],"JobId{value='Visit41'}":[2023,10,4,11,14,54]},"VehicleId{value='vehicle-3'}":{"JobId{value='Visit44'}":[2023,10,4,14,52,11],"JobId{value='Visit12'}":[2023,10,4,11,9,26],"JobId{value='Visit23'}":[2023,10,4,14,24,18],"JobId{value='Visit20'}":[2023,10,4,9,10],"JobId{value='Visit21'}":[2023,10,4,9,29,56],"JobId{value='Visit87'}":[2023,10,4,15,20,25],"JobId{value='Visit46'}":[2023,10,4,13,25,15],"JobId{value='Visit79'}":[2023,10,4,16,23,15],"JobId{value='Visit3'}":[2023,10,4,9,0],"JobId{value='Visit92'}":[2023,10,4,10,34,40],"JobId{value='Visit29'}":[2023,10,4,16,9,5],"JobId{value='Visit30'}":[2023,10,4,13,55,22]},"VehicleId{value='vehicle-4'}":{"JobId{value='Visit43'}":[2023,10,4,10,42,59],"JobId{value='Visit37'}":[2023,10,4,13,15],"JobId{value='Visit27'}":[2023,10,4,9,0],"JobId{value='Visit4'}":[2023,10,4,13,47,52],"JobId{value='Visit62'}":[2023,10,4,9,56,25],"JobId{value='Visit82'}":[2023,10,4,9,15,31]},"VehicleId{value='vehicle-5'}":{}},"meanworkingShift":23059.4},"VisualAttractivenessAnalysisResult":{"meanDistanceToGeographicCenter":{"VehicleId{value='vehicle-0'}":34833.553223731215,"VehicleId{value='vehicle-1'}":14195.30698871981,"VehicleId{value='vehicle-6'}":10224.59594998936,"VehicleId{value='vehicle-7'}":7.89917420840359E-10,"VehicleId{value='vehicle-8'}":10205.782574546029,"VehicleId{value='vehicle-9'}":8144.768270131138,"VehicleId{value='vehicle-2'}":27151.662707844313,"VehicleId{value='vehicle-3'}":22884.899185034035,"VehicleId{value='vehicle-4'}":15444.509095398615,"VehicleId{value='vehicle-5'}":0.0},"outliersTTBetweenStops":{"VehicleId{value='vehicle-0'}":[2744.000000000,3031.000000000],"VehicleId{value='vehicle-1'}":[],"VehicleId{value='vehicle-6'}":[2057.000000000,2463.000000000],"VehicleId{value='vehicle-7'}":[],"VehicleId{value='vehicle-8'}":[0.0],"VehicleId{value='vehicle-9'}":[0.0],"VehicleId{value='vehicle-2'}":[2582.000000000,0.0],"VehicleId{value='vehicle-3'}":[3284.000000000],"VehicleId{value='vehicle-4'}":[],"VehicleId{value='vehicle-5'}":[]},"meanTravelTimeBetweenStops":{"VehicleId{value='vehicle-0'}":1063.000000000,"VehicleId{value='vehicle-1'}":1071.000000000,"VehicleId{value='vehicle-6'}":839.000000000,"VehicleId{value='vehicle-7'}":0.0,"VehicleId{value='vehicle-8'}":1110.000000000,"VehicleId{value='vehicle-9'}":904.000000000,"VehicleId{value='vehicle-2'}":1263.000000000,"VehicleId{value='vehicle-3'}":1085.000000000,"VehicleId{value='vehicle-4'}":1370.000000000,"VehicleId{value='vehicle-5'}":0.0},"convexHullList":{"VehicleId{value='vehicle-0'}":[{"latitude":51.1038034,"longitude":2.5924493},{"latitude":51.0036483,"longitude":3.7612687},{"latitude":51.028864,"longitude":3.8570604}],"VehicleId{value='vehicle-1'}":[{"latitude":50.9770237,"longitude":2.9509717},{"latitude":50.8776845,"longitude":3.180278},{"latitude":50.9542136,"longitude":3.2853878}],"VehicleId{value='vehicle-6'}":[{"latitude":51.1782523,"longitude":4.3678958},{"latitude":51.1654337,"longitude":4.42237},{"latitude":51.3073569,"longitude":4.8526839}],"VehicleId{value='vehicle-7'}":[{"latitude":51.1345056,"longitude":4.9079055},{"latitude":51.1345056,"longitude":4.9079055}],"VehicleId{value='vehicle-8'}":[{"latitude":50.8792399,"longitude":4.0897726},{"latitude":50.7378676,"longitude":4.2372546},{"latitude":50.785188,"longitude":4.319033}],"VehicleId{value='vehicle-9'}":[{"latitude":50.9550182,"longitude":4.2301755},{"latitude":50.9275519,"longitude":4.4292946},{"latitude":51.057971,"longitude":4.6215485}],"VehicleId{value='vehicle-2'}":[{"latitude":50.7743807,"longitude":3.2769915},{"latitude":51.2169076,"longitude":4.3391721}],"VehicleId{value='vehicle-3'}":[{"latitude":50.7580144,"longitude":5.3328127},{"latitude":50.7488308,"longitude":5.4973188},{"latitude":50.8649692,"longitude":5.5478306}],"VehicleId{value='vehicle-4'}":[{"latitude":50.9954075,"longitude":5.3402728},{"latitude":50.9510317,"longitude":5.5050368},{"latitude":50.9875024,"longitude":5.695377}],"VehicleId{value='vehicle-5'}":[{"latitude":50.8024952,"longitude":4.6507784},{"latitude":50.8024952,"longitude":4.6507784}]},