{"WorkingShiftAnalysisResult":{"totalWaitingTimeSeconds":69737.000000000,"workingShiftOfEachDriver":{"VehicleId{value='vehicle-6'}":17162.000000000,"VehicleId{value='vehicle-7'}":8869.000000000,"VehicleId{value='vehicle-8'}":29320.000000000,"VehicleId{value='vehicle-9'}":27258.000000000,"VehicleId{value='vehicle-2'}":4527.000000000,"VehicleId{value='vehicle-3'}":21793.000000000,"VehicleId{value='vehicle-10'}":9025.000000000,"VehicleId{value='vehicle-4'}":19236.000000000,"VehicleId{value='vehicle-5'}":19351.000000000,"VehicleId{value='vehicle-13'}":2772.000000000,"VehicleId{value='vehicle-14'}":34375.000000000,"VehicleId{value='vehicle-0'}":31365.000000000,"VehicleId{value='vehicle-11'}":29458.000000000,"VehicleId{value='vehicle-1'}":32261.000000000,"VehicleId{value='vehicle-12'}":5353.000000000,"VehicleId{value='vehicle-17'}":6568.000000000,"VehicleId{value='vehicle-18'}":2403.000000000,"VehicleId{value='vehicle-15'}":32502.000000000,"VehicleId{value='vehicle-16'}":29592.000000000,"VehicleId{value='vehicle-19'}":26087.000000000},"stddevWorkingShifts":11452.852425671543,"shortestWorkingShift":{"VehicleId{value='vehicle-18'}":2403.000000000},"longestWorkingShift":{"VehicleId{value='vehicle-14'}":34375.000000000},"visitsTimeWindowWrong":{"VehicleId{value='vehicle-6'}":{"JobId{value='Visit23'}":[2023,10,4,12,3,52],"JobId{value='Visit42'}":[2023,10,4,11,17,3],"JobId{value='Visit456'}":[2023,10,4,11,3,51],"JobId{value='Visit257'}":[2023,10,4,12,28],"JobId{value='Visit447'}":[2023,10,4,12,40,42],"JobId{value='Visit226'}":[2023,10,4,9,20,54],"JobId{value='Visit138'}":[2023,10,4,13,7,2],"JobId{value='Visit198'}":[2023,10,4,9,53,52],"JobId{value='Visit483'}":[2023,10,4,10,7,8],"JobId{value='Visit394'}":[2023,10,4,11,52,6]},"VehicleId{value='vehicle-7'}":{"JobId{value='Visit281'}":[2023,10,4,10,9,31],"JobId{value='Visit487'}":[2023,10,4,10,45,3],"JobId{value='Visit250'}":[2023,10,4,10,26,17]},"VehicleId{value='vehicle-8'}":{"JobId{value='Visit151'}":[2023,10,4,13,7,57],"JobId{value='Visit183'}":[2023,10,4,14,12,5]},"VehicleId{value='vehicle-9'}":{},"VehicleId{value='vehicle-2'}":{"JobId{value='Visit266'}":[2023,10,4,9,10,34],"JobId{value='Visit96'}":[2023,10,4,9,32,21],"JobId{value='Visit83'}":[2023,10,4,9,43,39]},"VehicleId{value='vehicle-3'}":{"JobId{value='Visit268'}":[2023,10,4,10,12,1],"JobId{value='Visit326'}":[2023,10,4,12,33,30],"JobId{value='Visit458'}":[2023,10,4,12,59,47],"JobId{value='Visit62'}":[2023,10,4,13,48,17],"JobId{value='Visit85'}":[2023,10,4,13,11,2]},"VehicleId{value='vehicle-10'}":{"JobId{value='Visit68'}":[2023,10,4,10,22,37],"JobId{value='Visit287'}":[2023,10,4,10,8,58],"JobId{value='Visit443'}":[2023,10,4,9,11,41],"JobId{value='Visit194'}":[2023,10,4,10,56,7],"JobId{value='Visit350'}":[2023,10,4,9,45,50]},"VehicleId{value='vehicle-4'}":{"JobId{value='Visit129'}":[2023,10,4,12,37,14],"JobId{value='Visit213'}":[2023,10,4,9,22,44],"JobId{value='Visit432'}":[2023,10,4,13,49,3],"JobId{value='Visit420'}":[2023,10,4,13,13,36]},"VehicleId{value='vehicle-5'}":{"JobId{value='Visit206'}":[2023,10,4,12,23,6],"JobId{value='Visit291'}":[2023,10,4,11,40,4],"JobId{value='Visit235'}":[2023,10,4,9,10],"JobId{value='Visit378'}":[2023,10,4,12,57,51],"JobId{value='Visit121'}":[2023,10,4,12,46,52],"JobId{value='Visit260'}":[2023,10,4,12,10,40],"JobId{value='Visit82'}":[2023,10,4,11,53,34]},"VehicleId{value='vehicle-13'}":{"JobId{value='Visit400'}":[2023,10,4,9,0],"JobId{value='Visit13'}":[2023,10,4,9,23,2]},"VehicleId{value='vehicle-14'}":{"JobId{value='Visit469'}":[2023,10,4,18,6,34],"JobId{value='Visit358'}":[2023,10,4,13,50,1],"JobId{value='Visit461'}":[2023,10,4,17,53,51]},"VehicleId{value='vehicle-0'}":{"JobId{value='Visit147'}":[2023,10,4,13,19,52],"JobId{value='Visit175'}":[2023,10,4,11,55,47]},"VehicleId{value='vehicle-11'}":{"JobId{value='Visit45'}":[2023,10,4,12,44],"JobId{value='Visit26'}":[2023,10,4,12,30,18],"JobId{value='Visit116'}":[2023,10,4,13,19,35],"JobId{value='Visit295'}":[2023,10,4,12,55,47]},"VehicleId{value='vehicle-1'}":{"JobId{value='Visit307'}":[2023,10,4,12,37,37],"JobId{value='Visit360'}":[2023,10,4,13,2,32],"JobId{value='Visit384'}":[2023,10,4,12,49,33],"JobId{value='Visit163'}":[2023,10,4,13,45,49]},"VehicleId{value='vehicle-12'}":{"JobId{value='Visit12'}":[2023,10,4,10,6,44]},"VehicleId{value='vehicle-17'}":{"JobId{value='Visit103'}":[2023,10,4,10,12,3]},"VehicleId{value='vehicle-18'}":{"JobId{value='Visit373'}":[2023,10,4,9,0]},"VehicleId{value='vehicle-15'}":{"JobId{value='Visit193'}":[2023,10,4,12,50,4],"JobId{value='Visit430'}":[2023,10,4,13,25,13],"JobId{value='Visit486'}":[2023,10,4,12,39,56],"JobId{value='Visit464'}":[2023,10,4,13,2,59]},"VehicleId{value='vehicle-16'}":{"JobId{value='Visit33'}":[2023,10,4,13,33,2],"JobId{value='Visit411'}":[2023,10,4,12,54,40],"JobId{value='Visit241'}":[2023,10,4,10,5,22]},"VehicleId{value='vehicle-19'}":{"JobId{value='Visit66'}":[2023,10,4,14,12,21],"JobId{value='Visit407'}":[2023,10,4,12,38,37],"JobId{value='Visit222'}":[2023,10,4,13,2,58]}},"meanworkingShift":19463.85},"VisualAttractivenessAnalysisResult":{"meanDistanceToGeographicCenter":{"VehicleId{value='vehicle-6'}":1042.5469636699813,"VehicleId{value='vehicle-7'}":841.633432928483,"VehicleId{value='vehicle-8'}":1209.1565774475446,"VehicleId{value='vehicle-9'}":1098.5291002463755,"VehicleId{value='vehicle-2'}":135.3723399151836,"VehicleId{value='vehicle-3'}":1032.4895885338135,"VehicleId{value='vehicle-10'}":544.3983135909768,"VehicleId{value='vehicle-4'}":859.8148115423575,"VehicleId{value='vehicle-5'}":1178.2108304484811,"VehicleId{value='vehicle-13'}":168.88132343215074,"VehicleId{value='vehicle-14'}":933.8794239604522,"VehicleId{value='vehicle-0'}":1133.7856005210565,"VehicleId{value='vehicle-11'}":3755.3723845032596,"VehicleId{value='vehicle-1'}":1410.8554311477112,"VehicleId{value='vehicle-12'}":567.8320350453052,"VehicleId{value='vehicle-17'}":616.1552451146915,"VehicleId{value='vehicle-18'}":517.7149862858001,"VehicleId{value='vehicle-15'}":1211.5519014576707,"VehicleId{value='vehicle-16'}":1299.8488505881946,"VehicleId{value='vehicle-19'}":1121.4928033480617},"outliersTTBetweenStops":{"VehicleId{value='vehicle-6'}":[487.000000000],"VehicleId{value='vehicle-7'}":[],"VehicleId{value='vehicle-8'}":[351.000000000,456.000000000],"VehicleId{value='vehicle-9'}":[468.000000000],"VehicleId{value='vehicle-2'}":[],"VehicleId{value='vehicle-3'}":[338.000000000,394.000000000],"VehicleId{value='vehicle-10'}":[219.000000000],"VehicleId{value='vehicle-4'}":[243.000000000,247.000000000],"VehicleId{value='vehicle-5'}":[605.000000000],"VehicleId{value='vehicle-13'}":[],"VehicleId{value='vehicle-14'}":[596.000000000],"VehicleId{value='vehicle-0'}":[362.000000000,469.000000000,330.000000000],"VehicleId{value='vehicle-11'}":[1326.000000000],"VehicleId{value='vehicle-1'}":[0.0,368.000000000,438.000000000,338.000000000],"VehicleId{value='vehicle-12'}":[],"VehicleId{value='vehicle-17'}":[],"VehicleId{value='vehicle-18'}":[],"VehicleId{value='vehicle-15'}":[382.000000000,344.000000000,412.000000000,303.000000000],"VehicleId{value='vehicle-16'}":[384.000000000,406.000000000],"VehicleId{value='vehicle-19'}":[352.000000000,367.000000000,383.000000000]},"meanTravelTimeBetweenStops":{"VehicleId{value='vehicle-6'}":146.000000000,"VehicleId{value='vehicle-7'}":286.000000000,"VehicleId{value='vehicle-8'}":151.000000000,"VehicleId{value='vehicle-9'}":157.000000000,"VehicleId{value='vehicle-2'}":46.000000000,"VehicleId{value='vehicle-3'}":151.000000000,"VehicleId{value='vehicle-10'}":94.000000000,"VehicleId{value='vehicle-4'}":112.000000000,"VehicleId{value='vehicle-5'}":174.000000000,"VehicleId{value='vehicle-13'}":93.000000000,"VehicleId{value='vehicle-14'}":147.000000000,"VehicleId{value='vehicle-0'}":129.000000000,"VehicleId{value='vehicle-11'}":196.000000000,"VehicleId{value='vehicle-1'}":186.000000000,"VehicleId{value='vehicle-12'}":164.000000000,"VehicleId{value='vehicle-17'}":129.000000000,"VehicleId{value='vehicle-18'}":201.000000000,