{"WorkingShiftAnalysisResult":{"totalWaitingTimeSeconds":58800.000000000,"workingShiftOfEachDriver":{"VehicleId{value='vehicle-0'}":20105.000000000,"VehicleId{value='vehicle-1'}":21921.000000000,"VehicleId{value='vehicle-6'}":5012.000000000,"VehicleId{value='vehicle-8'}":1200.000000000,"VehicleId{value='vehicle-9'}":17597.000000000,"VehicleId{value='vehicle-2'}":1200.000000000,"VehicleId{value='vehicle-4'}":1200.000000000,"VehicleId{value='vehicle-5'}":22384.000000000},"stddevWorkingShifts":9988.592643611011,"shortestWorkingShift":{"VehicleId{value='vehicle-8'}":1200.000000000},"longestWorkingShift":{"VehicleId{value='vehicle-5'}":22384.000000000},"visitsTimeWindowWrong":{"VehicleId{value='vehicle-0'}":{"JobId{value='Visit99'}":[2023,10,4,13,48,54],"JobId{value='Visit77'}":[2023,10,4,14,17,1],"JobId{value='Visit44'}":[2023,10,4,15,1,33],"JobId{value='Visit89'}":[2023,10,4,13,59,47],"JobId{value='Visit53'}":[2023,10,4,9,37,25],"JobId{value='Visit54'}":[2023,10,4,11,1,41],"JobId{value='Visit37'}":[2023,10,4,13,15],"JobId{value='Visit27'}":[2023,10,4,10,0,58],"JobId{value='Visit16'}":[2023,10,4,11,16,50],"JobId{value='Visit14'}":[2023,10,4,10,48,30],"JobId{value='Visit69'}":[2023,10,4,11,42,49],"JobId{value='Visit92'}":[2023,10,4,14,46,29],"JobId{value='Visit73'}":[2023,10,4,9,25,52],"JobId{value='Visit52'}":[2023,10,4,11,30,11],"JobId{value='Visit41'}":[2023,10,4,15,15,52],"JobId{value='Visit93'}":[2023,10,4,9,49,43],"JobId{value='Visit71'}":[2023,10,4,14,31,56],"JobId{value='Visit61'}":[2023,10,4,9,0],"JobId{value='Visit83'}":[2023,10,4,10,17,36],"JobId{value='Visit72'}":[2023,10,4,10,33,43],"JobId{value='Visit39'}":[2023,10,4,9,15,19],"JobId{value='Visit0'}":[2023,10,4,15,27,26]},"VehicleId{value='vehicle-1'}":{"JobId{value='Visit55'}":[2023,10,4,10,3,4],"JobId{value='Visit67'}":[2023,10,4,13,50,34],"JobId{value='Visit43'}":[2023,10,4,9,0],"JobId{value='Visit32'}":[2023,10,4,9,13,19],"JobId{value='Visit76'}":[2023,10,4,9,50,40],"JobId{value='Visit21'}":[2023,10,4,10,13,39],"JobId{value='Visit87'}":[2023,10,4,11,31,19],"JobId{value='Visit10'}":[2023,10,4,13,15],"JobId{value='Visit65'}":[2023,10,4,14,17,3],"JobId{value='Visit26'}":[2023,10,4,14,46,52],"JobId{value='Visit48'}":[2023,10,4,15,51,58],"JobId{value='Visit57'}":[2023,10,4,9,40,19],"JobId{value='Visit79'}":[2023,10,4,14,2,55],"JobId{value='Visit24'}":[2023,10,4,14,32,50],"JobId{value='Visit25'}":[2023,10,4,13,27,37],"JobId{value='Visit36'}":[2023,10,4,15,18,41],"JobId{value='Visit91'}":[2023,10,4,15,33,35],"JobId{value='Visit90'}":[2023,10,4,13,38,32],"JobId{value='Visit62'}":[2023,10,4,15,2,1],"JobId{value='Visit63'}":[2023,10,4,11,16],"JobId{value='Visit60'}":[2023,10,4,9,27,47],"JobId{value='Visit7'}":[2023,10,4,10,28,41],"JobId{value='Visit29'}":[2023,10,4,10,43,12],"JobId{value='Visit1'}":[2023,10,4,16,4,24]},"VehicleId{value='vehicle-6'}":{"JobId{value='Visit6'}":[2023,10,4,9,0],"JobId{value='Visit35'}":[2023,10,4,9,49,56],"JobId{value='Visit84'}":[2023,10,4,9,20,49]},"VehicleId{value='vehicle-8'}":{"JobId{value='Visit8'}":[2023,10,4,9,0]},"VehicleId{value='vehicle-9'}":{"JobId{value='Visit33'}":[2023,10,4,9,36,4],"JobId{value='Visit66'}":[2023,10,4,10,31,40],"JobId{value='Visit78'}":[2023,10,4,11,29,13],"JobId{value='Visit86'}":[2023,10,4,14,17,14],"JobId{value='Visit31'}":[2023,10,4,14,29,15],"JobId{value='Visit42'}":[2023,10,4,14,45,3],"JobId{value='Visit59'}":[2023,10,4,10,16,50],"JobId{value='Visit49'}":[2023,10,4,9,10],"JobId{value='Visit46'}":[2023,10,4,11,44,55],"JobId{value='Visit13'}":[2023,10,4,14,4,36],"JobId{value='Visit40'}":[2023,10,4,10,41,58],"JobId{value='Visit94'}":[2023,10,4,9,24,30],"JobId{value='Visit50'}":[2023,10,4,9,48,57],"JobId{value='Visit9'}":[2023,10,4,9,0],"JobId{value='Visit19'}":[2023,10,4,11,16],"JobId{value='Visit3'}":[2023,10,4,13,45,50],"JobId{value='Visit17'}":[2023,10,4,10,56,3],"JobId{value='Visit28'}":[2023,10,4,13,27,33]},"VehicleId{value='vehicle-2'}":{"JobId{value='Visit2'}":[2023,10,4,9,0]},"VehicleId{value='vehicle-4'}":{"JobId{value='Visit4'}":[2023,10,4,9,0]},"VehicleId{value='vehicle-5'}":{"JobId{value='Visit88'}":[2023,10,4,10,59,55],"JobId{value='Visit11'}":[2023,10,4,11,22,58],"JobId{value='Visit22'}":[2023,10,4,11,37,5],"JobId{value='Visit56'}":[2023,10,4,9,40,7],"JobId{value='Visit45'}":[2023,10,4,11,50,8],"JobId{value='Visit34'}":[2023,10,4,14,57,3],"JobId{value='Visit64'}":[2023,10,4,10,45,27],"JobId{value='Visit75'}":[2023,10,4,13,27,12],"JobId{value='Visit20'}":[2023,10,4,14,36,23],"JobId{value='Visit97'}":[2023,10,4,15,30,46],"JobId{value='Visit98'}":[2023,10,4,13,54,32],"JobId{value='Visit15'}":[2023,10,4,12,0,42],"JobId{value='Visit38'}":[2023,10,4,9,26,17],"JobId{value='Visit47'}":[2023,10,4,10,30,25],"JobId{value='Visit58'}":[2023,10,4,14,25,14],"JobId{value='Visit80'}":[2023,10,4,15,14,17],"JobId{value='Visit81'}":[2023,10,4,14,8,45],"JobId{value='Visit96'}":[2023,10,4,13,15],"JobId{value='Visit30'}":[2023,10,4,13,40,53],"JobId{value='Visit5'}":[2023,10,4,9,0],"JobId{value='Visit18'}":[2023,10,4,10,1,52]}},"meanworkingShift":11327.375},"VisualAttractivenessAnalysisResult":{"meanDistanceToGeographicCenter":{"VehicleId{value='vehicle-0'}":1888.8309686214936,"VehicleId{value='vehicle-1'}":1675.3755178500285,"VehicleId{value='vehicle-6'}":849.1420693201084,"VehicleId{value='vehicle-8'}":0.0,"VehicleId{value='vehicle-9'}":1654.678846777299,"VehicleId{value='vehicle-2'}":0.0,"VehicleId{value='vehicle-4'}":0.0,"VehicleId{value='vehicle-5'}":2939.6513975686817},"outliersTTBetweenStops":{"VehicleId{value='vehicle-0'}":[693.000000000],"VehicleId{value='vehicle-1'}":[470.000000000,503.000000000],"VehicleId{value='vehicle-6'}":[],"VehicleId{value='vehicle-8'}":[],"VehicleId{value='vehicle-9'}":[497.000000000,526.000000000],"VehicleId{value='vehicle-2'}":[],"VehicleId{value='vehicle-4'}":[],"VehicleId{value='vehicle-5'}":[1113.000000000,783.000000000]},"meanTravelTimeBetweenStops":{"VehicleId{value='vehicle-0'}":237.000000000,"VehicleId{value='vehicle-1'}":211.000000000,"VehicleId{value='vehicle-6'}":235.000000000,"VehicleId{value='vehicle-8'}":0.0,"VehicleId{value='vehicle-9'}":237.000000000,"VehicleId{value='vehicle-2'}":0.0,"VehicleId{value='vehicle-4'}":0.0,"VehicleId{value='vehicle-5'}":332.000000000},"convexHullList":{"VehicleId{value='vehicle-0'}":[{"latitude":50.8035694,"longitude":4.3159217},{"latitude":50.7797045,"longitude":4.3693184},{"latitude":50.8168842,"longitude":4.3863478}],"VehicleId{value='vehicle-1'}":[{"latitude":50.8187271,"longitude":4.3187715},{"latitude":50.8160776,"longitude":4.3248476},{"latitude":50.8258447,"longitude":4.3394007}],"VehicleId{value='vehicle-6'}":[{"latitude":50.8134174,"longitude":4.4091345},{"latitude":50.8088234,"longitude":4.4302421}],"VehicleId{value='vehicle-8'}":[{"latitude":50.8656085,"longitude":4.3766789},{"latitude":50.8656085,"longitude":4.3766789}],"VehicleId{value='vehicle-9'}":[{"latitude":50.8360242,"longitude":4.3616114},{"latitude":50.8345501,"longitude":4.3711653},{"latitude":50.8395806,"longitude":4.439227}],"VehicleId{value='vehicle-2'}":[{"latitude":50.8537741,"longitude":4.4245073},{"latitude":50.8537741,"longitude":4.4245073}],"VehicleId{value='vehicle-4'}":[{"latitude":50.8295036,"longitude":4.3963454},{"latitude":50.8295036,"longitude":4.3963454}],"VehicleId{value='vehicle-5'}":[{"latitude":50.8588091,"longitude":4.3134317},{"latitude":50.8542081,"longitude":4.3899979},{"latitude":50.8586382,"longitude":4.3979821}]},