{"WorkingShiftAnalysisResult":{"totalWaitingTimeSeconds":42600.000000000,"workingShiftOfEachDriver":{"VehicleId{value='vehicle-0'}":13756.000000000,"VehicleId{value='vehicle-1'}":18120.000000000,"VehicleId{value='vehicle-2'}":11529.000000000,"VehicleId{value='vehicle-3'}":6218.000000000},"stddevWorkingShifts":4950.850802303244,"shortestWorkingShift":{"VehicleId{value='vehicle-3'}":6218.000000000},"longestWorkingShift":{"VehicleId{value='vehicle-1'}":18120.000000000},"visitsTimeWindowWrong":{"VehicleId{value='vehicle-0'}":{"JobId{value='Visit22'}":[2023,10,4,9,32,9],"JobId{value='Visit44'}":[2023,10,4,11,39,3],"JobId{value='Visit34'}":[2023,10,4,10,32,25],"JobId{value='Visit20'}":[2023,10,4,9,49,24],"JobId{value='Visit8'}":[2023,10,4,10,2,51],"JobId{value='Visit21'}":[2023,10,4,10,18,37],"JobId{value='Visit15'}":[2023,10,4,9,16,54],"JobId{value='Visit5'}":[2023,10,4,10,53,32],"JobId{value='Visit36'}":[2023,10,4,12,5,20],"JobId{value='Visit28'}":[2023,10,4,9,0],"JobId{value='Visit0'}":[2023,10,4,13,15],"JobId{value='Visit29'}":[2023,10,4,11,27,30]},"VehicleId{value='vehicle-1'}":{"JobId{value='Visit11'}":[2023,10,4,9,0],"JobId{value='Visit45'}":[2023,10,4,10,42,44],"JobId{value='Visit42'}":[2023,10,4,9,49,10],"JobId{value='Visit43'}":[2023,10,4,9,14,5],"JobId{value='Visit10'}":[2023,10,4,9,34,23],"JobId{value='Visit37'}":[2023,10,4,10,56,40],"JobId{value='Visit48'}":[2023,10,4,11,24,31],"JobId{value='Visit13'}":[2023,10,4,10,27,59],"JobId{value='Visit24'}":[2023,10,4,14,1,54],"JobId{value='Visit30'}":[2023,10,4,14,17,27],"JobId{value='Visit6'}":[2023,10,4,10,1,46],"JobId{value='Visit7'}":[2023,10,4,11,34,31],"JobId{value='Visit39'}":[2023,10,4,10,13,49],"JobId{value='Visit17'}":[2023,10,4,11,9,49],"JobId{value='Visit18'}":[2023,10,4,13,39,42],"JobId{value='Visit1'}":[2023,10,4,14,41,59]},"VehicleId{value='vehicle-2'}":{"JobId{value='Visit4'}":[2023,10,4,9,18,41],"JobId{value='Visit14'}":[2023,10,4,9,0],"JobId{value='Visit2'}":[2023,10,4,11,49,33],"JobId{value='Visit41'}":[2023,10,4,10,18,3]},"VehicleId{value='vehicle-3'}":{"JobId{value='Visit32'}":[2023,10,4,10,17,8],"JobId{value='Visit49'}":[2023,10,4,9,10],"JobId{value='Visit38'}":[2023,10,4,9,45,23],"JobId{value='Visit35'}":[2023,10,4,9,28,17],"JobId{value='Visit19'}":[2023,10,4,9,59,50],"JobId{value='Visit3'}":[2023,10,4,9,0]}},"meanworkingShift":12405.75},"VisualAttractivenessAnalysisResult":{"meanDistanceToGeographicCenter":{"VehicleId{value='vehicle-0'}":1887.1402237410025,"VehicleId{value='vehicle-1'}":2995.960549202968,"VehicleId{value='vehicle-2'}":1878.7469680774352,"VehicleId{value='vehicle-3'}":1289.081726593419},"outliersTTBetweenStops":{"VehicleId{value='vehicle-0'}":[691.000000000],"VehicleId{value='vehicle-1'}":[882.000000000,872.000000000],"VehicleId{value='vehicle-2'}":[777.000000000],"VehicleId{value='vehicle-3'}":[]},"meanTravelTimeBetweenStops":{"VehicleId{value='vehicle-0'}":317.000000000,"VehicleId{value='vehicle-1'}":353.000000000,"VehicleId{value='vehicle-2'}":286.000000000,"VehicleId{value='vehicle-3'}":288.000000000},"convexHullList":{"VehicleId{value='vehicle-0'}":[{"latitude":50.8718571,"longitude":4.2893642},{"latitude":50.8399092,"longitude":4.2905393},{"latitude":50.8511857,"longitude":4.3373688}],"VehicleId{value='vehicle-1'}":[{"latitude":50.7936725,"longitude":4.3466538},{"latitude":50.7795696,"longitude":4.3716012},{"latitude":50.786793,"longitude":4.4240725}],"VehicleId{value='vehicle-2'}":[{"latitude":50.8386474,"longitude":4.389224},{"latitude":50.8377029,"longitude":4.4200161}],"VehicleId{value='vehicle-3'}":[{"latitude":50.8320091,"longitude":4.4053749},{"latitude":50.8192121,"longitude":4.4183637},{"latitude":50.8313702,"longitude":4.4439414}]},"visitsCloserToOtherCenterOfGravity":[[["START","START","Visit11","Visit16","Visit18","Visit30","Visit1","Visit1","END","END"],["vehicle-0","vehicle-2","vehicle-0","vehicle-3","vehicle-3","vehicle-0","vehicle-0","vehicle-2","vehicle-0","vehicle-2"]],[[],[]],[[],[]],[[],[]]],"meanDistanceToConvexHull":{"VehicleId{value='vehicle-0'}":1315.107435781297,"VehicleId{value='vehicle-1'}":2383.9123145678277,"VehicleId{value='vehicle-2'}":1657.4135310403994,"VehicleId{value='vehicle-3'}":613.7784964165635}},"CargoAnalysisResult":{"totalLoadKgs":null,"totalLoadVolume":null,"biggestLoad":null,"biggestLoadVolume":null,"smallestLoad":null,"smallestLoadVolume":null,"meanLoad":0.0,"meanLoadVolume":0.0,"stdDevLoad":null,"maxRelativeLoad":null},"RouteCompositionAnalysisResult":{"numberOfRoutes":4,"stopsLongestRoute":19,"stopsShortestRoute":7,"meanStops":13.5,"stdDevStops":4.330127018922194,"totalDistanceMeters":108014,"unassignedJobs":[],"failureRate":0.0,"runTime":21163}}