{"WorkingShiftAnalysisResult":{"totalWaitingTimeSeconds":169560.000000000,"workingShiftOfEachDriver":{"VehicleId{value='vehicle-6'}":8257.000000000,"VehicleId{value='vehicle-7'}":1200.000000000,"VehicleId{value='vehicle-9'}":2297.000000000,"VehicleId{value='vehicle-3'}":1200.000000000,"VehicleId{value='vehicle-10'}":1200.000000000,"VehicleId{value='vehicle-4'}":2516.000000000,"VehicleId{value='vehicle-5'}":15040.000000000,"VehicleId{value='vehicle-13'}":5006.000000000,"VehicleId{value='vehicle-14'}":1200.000000000,"VehicleId{value='vehicle-0'}":2122.000000000,"VehicleId{value='vehicle-11'}":2377.000000000,"VehicleId{value='vehicle-1'}":10942.000000000,"VehicleId{value='vehicle-12'}":11163.000000000,"VehicleId{value='vehicle-17'}":8237.000000000,"VehicleId{value='vehicle-18'}":1200.000000000,"VehicleId{value='vehicle-15'}":10318.000000000,"VehicleId{value='vehicle-16'}":6239.000000000,"VehicleId{value='vehicle-19'}":1200.000000000},"stddevWorkingShifts":4472.861302935082,"shortestWorkingShift":{"VehicleId{value='vehicle-7'}":1200.000000000},"longestWorkingShift":{"VehicleId{value='vehicle-5'}":15040.000000000},"visitsTimeWindowWrong":{"VehicleId{value='vehicle-6'}":{"JobId{value='Visit44'}":[2023,10,4,13,41,45],"JobId{value='Visit88'}":[2023,10,4,13,56,53],"JobId{value='Visit75'}":[2023,10,4,13,28,6],"JobId{value='Visit86'}":[2023,10,4,14,12,12],"JobId{value='Visit87'}":[2023,10,4,9,29,36],"JobId{value='Visit6'}":[2023,10,4,14,24,52],"JobId{value='Visit27'}":[2023,10,4,9,15,15],"JobId{value='Visit81'}":[2023,10,4,9,0]},"VehicleId{value='vehicle-7'}":{"JobId{value='Visit7'}":[2023,10,4,9,0]},"VehicleId{value='vehicle-9'}":{"JobId{value='Visit76'}":[2023,10,4,9,0],"JobId{value='Visit9'}":[2023,10,4,9,14,32]},"VehicleId{value='vehicle-3'}":{},"VehicleId{value='vehicle-10'}":{"JobId{value='Visit10'}":[2023,10,4,9,0]},"VehicleId{value='vehicle-4'}":{},"VehicleId{value='vehicle-5'}":{"JobId{value='Visit66'}":[2023,10,4,9,11,53],"JobId{value='Visit67'}":[2023,10,4,15,47,41],"JobId{value='Visit97'}":[2023,10,4,14,44,38],"JobId{value='Visit31'}":[2023,10,4,15,12,58],"JobId{value='Visit43'}":[2023,10,4,13,41,50],"JobId{value='Visit37'}":[2023,10,4,14,31,45],"JobId{value='Visit49'}":[2023,10,4,15,24,41],"JobId{value='Visit24'}":[2023,10,4,13,29,22],"JobId{value='Visit47'}":[2023,10,4,9,0],"JobId{value='Visit36'}":[2023,10,4,16,10,44],"JobId{value='Visit70'}":[2023,10,4,15,35,57],"JobId{value='Visit73'}":[2023,10,4,14,17,51],"JobId{value='Visit30'}":[2023,10,4,13,15],"JobId{value='Visit96'}":[2023,10,4,15,2,18],"JobId{value='Visit85'}":[2023,10,4,15,59,22],"JobId{value='Visit8'}":[2023,10,4,13,52,31],"JobId{value='Visit5'}":[2023,10,4,16,25,21],"JobId{value='Visit29'}":[2023,10,4,14,6,5]},"VehicleId{value='vehicle-13'}":{"JobId{value='Visit23'}":[2023,10,4,9,0],"JobId{value='Visit13'}":[2023,10,4,13,30,45],"JobId{value='Visit51'}":[2023,10,4,9,13,59]},"VehicleId{value='vehicle-14'}":{"JobId{value='Visit14'}":[2023,10,4,9,0]},"VehicleId{value='vehicle-0'}":{"JobId{value='Visit50'}":[2023,10,4,9,0]},"VehicleId{value='vehicle-11'}":{"JobId{value='Visit11'}":[2023,10,4,9,0]},"VehicleId{value='vehicle-1'}":{"JobId{value='Visit99'}":[2023,10,4,9,26,35],"JobId{value='Visit78'}":[2023,10,4,13,28,28],"JobId{value='Visit64'}":[2023,10,4,14,30,54],"JobId{value='Visit48'}":[2023,10,4,13,55,54],"JobId{value='Visit26'}":[2023,10,4,15,0,11],"JobId{value='Visit38'}":[2023,10,4,9,14,47],"JobId{value='Visit25'}":[2023,10,4,9,0],"JobId{value='Visit1'}":[2023,10,4,15,12,56],"JobId{value='Visit62'}":[2023,10,4,13,15],"JobId{value='Visit40'}":[2023,10,4,14,13,49],"JobId{value='Visit94'}":[2023,10,4,13,44,8]},"VehicleId{value='vehicle-12'}":{"JobId{value='Visit56'}":[2023,10,4,14,7,45],"JobId{value='Visit98'}":[2023,10,4,9,0],"JobId{value='Visit21'}":[2023,10,4,14,27,4],"JobId{value='Visit46'}":[2023,10,4,9,27,28],"JobId{value='Visit80'}":[2023,10,4,13,43,7],"JobId{value='Visit92'}":[2023,10,4,13,54,31],"JobId{value='Visit95'}":[2023,10,4,13,15],"JobId{value='Visit60'}":[2023,10,4,9,13,27],"JobId{value='Visit72'}":[2023,10,4,14,49,6]},"VehicleId{value='vehicle-17'}":{"JobId{value='Visit45'}":[2023,10,4,14,18,28],"JobId{value='Visit35'}":[2023,10,4,13,15],"JobId{value='Visit69'}":[2023,10,4,9,10,38],"JobId{value='Visit58'}":[2023,10,4,9,24,20],"JobId{value='Visit28'}":[2023,10,4,9,0],"JobId{value='Visit17'}":[2023,10,4,14,31,58],"JobId{value='Visit82'}":[2023,10,4,14,4,48]},"VehicleId{value='vehicle-18'}":{"JobId{value='Visit18'}":[2023,10,4,9,0]},"VehicleId{value='vehicle-15'}":{"JobId{value='Visit55'}":[2023,10,4,14,48,33],"JobId{value='Visit53'}":[2023,10,4,13,45,8],"JobId{value='Visit20'}":[2023,10,4,13,59,50],"JobId{value='Visit15'}":[2023,10,4,15,1,51],"JobId{value='Visit57'}":[2023,10,4,13,27,1],"JobId{value='Visit68'}":[2023,10,4,14,24,19],"JobId{value='Visit39'}":[2023,10,4,14,37,17],"JobId{value='Visit93'}":[2023,10,4,14,12,7],"JobId{value='Visit83'}":[2023,10,4,9,0]},"VehicleId{value='vehicle-16'}":{"JobId{value='Visit33'}":[2023,10,4,9,30,34],"JobId{value='Visit16'}":[2023,10,4,13,46,53],"JobId{value='Visit79'}":[2023,10,4,13,27,9],"JobId{value='Visit61'}":[2023,10,4,9,14,29]},"VehicleId{value='vehicle-19'}":{"JobId{value='Visit19'}":[2023,10,4,9,0]}},"meanworkingShift":5095.222222222223},"VisualAttractivenessAnalysisResult":{"meanDistanceToGeographicCenter":{"VehicleId{value='vehicle-6'}":651.7690671758854,"VehicleId{value='vehicle-7'}":0.0,"VehicleId{value='vehicle-9'}":277.1227026422663,"VehicleId{value='vehicle-3'}":0.0,"VehicleId{value='vehicle-10'}":0.0,"VehicleId{value='vehicle-4'}":216.54430474014322,"VehicleId{value='vehicle-5'}":1080.6187663712267,"VehicleId{value='vehicle-13'}":641.0754212597889,"VehicleId{value='vehicle-14'}":0.0,"VehicleId{value='vehicle-0'}":128.11182762493166,"VehicleId{value='vehicle-11'}":496.29995425940825,"VehicleId{value='vehicle-1'}":1158.1135624833998,"VehicleId{value='vehicle-12'}":1302.5353531435362,"VehicleId{value='vehicle-17'}":925.1853514976066,"VehicleId{value='vehicle-18'}":0.0,"VehicleId{value='vehicle-15'}":931.4187129565341,"VehicleId{value='vehicle-16'}":1394.3546003375013,"VehicleId{value='vehicle-19'}":7.89917420840359E-10},"outliersTTBetweenStops":{"VehicleId{value='vehicle-6'}":[0.0],"VehicleId{value='vehicle-7'}":[],"VehicleId{value='vehicle-9'}":[],"VehicleId{value='vehicle-3'}":[],"VehicleId{value='vehicle-10'}":[],"VehicleId{value='vehicle-4'}":[],"VehicleId{value='vehicle-5'}":[460.000000000],"VehicleId{value='vehicle-13'}":[],"VehicleId{value='vehicle-14'}":[],"VehicleId{value='vehicle-0'}":[],"VehicleId{value='vehicle-11'}":[],"VehicleId{value='vehicle-1'}":[],"VehicleId{value='vehicle-12'}":[],"VehicleId{value='vehicle-17'}":[],"VehicleId{value='vehicle-18'}":[],"VehicleId{value='vehicle-15'}":[487.000000000],"VehicleId{value='vehicle-16'}":[],"VehicleId{value='vehicle-19'}":[]},"meanTravelTimeBetweenStops":{"VehicleId{value='vehicle-6'}":225.000000000,"VehicleId{value='vehicle-7'}":0.0,"VehicleId{value='vehicle-9'}":165.000000000,"VehicleId{value='vehicle-3'}":0.0,"VehicleId{value='vehicle-10'}":0.0,"VehicleId{value='vehicle-4'}":238.000000000,"VehicleId{value='vehicle-5'}":152.000000000,"VehicleId{value='vehicle-13'}":234.000000000,"VehicleId{value='vehicle-14'}":0.0,"VehicleId{value='vehicle-0'}":107.000000000,"VehicleId{value='vehicle-11'}":192.000000000,"VehicleId{value='vehicle-1'}":241.000000000,"VehicleId{value='vehicle-12'}":330.000000000,"VehicleId{value='vehicle-17'}":223.000000000,"VehicleId{value='vehicle-18'}":0.0,"VehicleId{value='vehicle-15'}":193.000000000,"VehicleId{value='vehicle-16'}":291.000000000,"VehicleId{value='vehicle-19'}":0.0},"convexHullList":{"VehicleId{value='vehicle-6'}":[{"latitude":50.8212273,"longitude":4.3760038},{"latitude":50.8186467,"longitude":4.3826163},{"latitude":50.8286863,"longitude":4.3926687}],"VehicleId{value='vehicle-7'}":[{"latitude":50.8748497,"longitude":4.3025441},{"latitude":50.8748497,"longitude":4.3025441}],