{"WorkingShiftAnalysisResult":{"totalWaitingTimeSeconds":8649.000000000,"workingShiftOfEachDriver":{"VehicleId{value='vehicle-0'}":30258.000000000,"VehicleId{value='vehicle-1'}":27464.000000000,"VehicleId{value='vehicle-6'}":4440.000000000,"VehicleId{value='vehicle-7'}":32260.000000000,"VehicleId{value='vehicle-8'}":25935.000000000,"VehicleId{value='vehicle-9'}":32203.000000000,"VehicleId{value='vehicle-2'}":34065.000000000,"VehicleId{value='vehicle-4'}":20808.000000000,"VehicleId{value='vehicle-5'}":34522.000000000},"stddevWorkingShifts":9489.275117204686,"shortestWorkingShift":{"VehicleId{value='vehicle-6'}":4440.000000000},"longestWorkingShift":{"VehicleId{value='vehicle-5'}":34522.000000000},"visitsTimeWindowWrong":{"VehicleId{value='vehicle-0'}":{"JobId{value='Visit19'}":[2023,10,4,14,40,13]},"VehicleId{value='vehicle-1'}":{"JobId{value='Visit84'}":[2023,10,4,12,16,35]},"VehicleId{value='vehicle-6'}":{"JobId{value='Visit78'}":[2023,10,4,9,0]},"VehicleId{value='vehicle-7'}":{"JobId{value='Visit26'}":[2023,10,4,12,31,23],"JobId{value='Visit39'}":[2023,10,4,11,19,14]},"VehicleId{value='vehicle-8'}":{"JobId{value='Visit22'}":[2023,10,4,13,0,26],"JobId{value='Visit16'}":[2023,10,4,12,31,8]},"VehicleId{value='vehicle-9'}":{"JobId{value='Visit42'}":[2023,10,4,9,30,51],"JobId{value='Visit5'}":[2023,10,4,13,50,32]},"VehicleId{value='vehicle-2'}":{"JobId{value='Visit52'}":[2023,10,4,12,39,21]},"VehicleId{value='vehicle-4'}":{"JobId{value='Visit66'}":[2023,10,4,13,27,48]},"VehicleId{value='vehicle-5'}":{"JobId{value='Visit15'}":[2023,10,4,13,48,21],"JobId{value='Visit59'}":[2023,10,4,16,54,27],"JobId{value='Visit79'}":[2023,10,4,18,29,30],"JobId{value='Visit57'}":[2023,10,4,18,39,30],"JobId{value='Visit62'}":[2023,10,4,18,15,39],"JobId{value='Visit96'}":[2023,10,4,17,50,12]}},"meanworkingShift":26883.88888888889},"VisualAttractivenessAnalysisResult":{"meanDistanceToGeographicCenter":{"VehicleId{value='vehicle-0'}":23314.87852984144,"VehicleId{value='vehicle-1'}":16898.364289297086,"VehicleId{value='vehicle-6'}":4036.749768685703,"VehicleId{value='vehicle-7'}":24922.8942706227,"VehicleId{value='vehicle-8'}":33990.54252513748,"VehicleId{value='vehicle-9'}":32288.49279414989,"VehicleId{value='vehicle-2'}":46167.5870293697,"VehicleId{value='vehicle-4'}":29100.828027535434,"VehicleId{value='vehicle-5'}":15577.397256198636},"outliersTTBetweenStops":{"VehicleId{value='vehicle-0'}":[2921.000000000],"VehicleId{value='vehicle-1'}":[3630.000000000],"VehicleId{value='vehicle-6'}":[],"VehicleId{value='vehicle-7'}":[310.000000000,3080.000000000],"VehicleId{value='vehicle-8'}":[3913.000000000],"VehicleId{value='vehicle-9'}":[],"VehicleId{value='vehicle-2'}":[],"VehicleId{value='vehicle-4'}":[4849.000000000],"VehicleId{value='vehicle-5'}":[2746.000000000,2745.000000000]},"meanTravelTimeBetweenStops":{"VehicleId{value='vehicle-0'}":1328.000000000,"VehicleId{value='vehicle-1'}":1950.000000000,"VehicleId{value='vehicle-6'}":1080.000000000,"VehicleId{value='vehicle-7'}":1747.000000000,"VehicleId{value='vehicle-8'}":1722.000000000,"VehicleId{value='vehicle-9'}":1743.000000000,"VehicleId{value='vehicle-2'}":3251.000000000,"VehicleId{value='vehicle-4'}":2076.000000000,"VehicleId{value='vehicle-5'}":1072.000000000},"convexHullList":{"VehicleId{value='vehicle-0'}":[{"latitude":50.832929,"longitude":4.079277},{"latitude":50.751938,"longitude":4.2093795},{"latitude":50.8254776,"longitude":4.5133633}],"VehicleId{value='vehicle-1'}":[{"latitude":50.8123643,"longitude":5.1418105},{"latitude":50.898215,"longitude":5.3615842}],"VehicleId{value='vehicle-6'}":[{"latitude":50.9223764,"longitude":5.3297371},{"latitude":50.9517741,"longitude":5.4056164}],"VehicleId{value='vehicle-7'}":[{"latitude":50.9762121,"longitude":2.9343147},{"latitude":50.8821482,"longitude":3.3615136},{"latitude":50.9964709,"longitude":3.8801781}],"VehicleId{value='vehicle-8'}":[{"latitude":50.9046175,"longitude":4.1852701},{"latitude":50.7571217,"longitude":4.3567461},{"latitude":50.8696492,"longitude":4.6908387}],"VehicleId{value='vehicle-9'}":[{"latitude":50.8648674,"longitude":4.5012859},{"latitude":50.8440335,"longitude":4.5846906},{"latitude":50.9755469,"longitude":5.6764419}],"VehicleId{value='vehicle-2'}":[{"latitude":51.1020896,"longitude":2.5875168},{"latitude":50.8558786,"longitude":2.675696},{"latitude":50.8984221,"longitude":5.0118748}],"VehicleId{value='vehicle-4'}":[{"latitude":50.786569,"longitude":2.7487081},{"latitude":50.7652033,"longitude":2.8956996},{"latitude":50.8361168,"longitude":3.2843286}],"VehicleId{value='vehicle-5'}":[{"latitude":51.0980388,"longitude":4.0052389},{"latitude":50.9126778,"longitude":4.4361012},{"latitude":51.2479147,"longitude":4.82127}]},"visitsCloserToOtherCenterOfGravity":[[["Visit36","Visit36","Visit4","Visit4"],["vehicle-2","vehicle-7","vehicle-2","vehicle-7"]],[["dcdea68f-781b-495c-b8e0-84b3d9f1009d","Visit80","Visit47","Visit47","Visit32","Visit53","Visit53","Visit57","c173b18d-8b08-43ee-8c8b-39fd7eed1923"],["vehicle-0","vehicle-0","vehicle-9","vehicle-8","vehicle-2","vehicle-9","vehicle-8","vehicle-0","vehicle-0"]],[["d7374a95-86d1-443b-b242-9139955ff3c0","d7374a95-86d1-443b-b242-9139955ff3c0","d7374a95-86d1-443b-b242-9139955ff3c0","d7374a95-86d1-443b-b242-9139955ff3c0","d7374a95-86d1-443b-b242-9139955ff3c0","Visit71","Visit24","Visit11","Visit52","Visit2","b1ea3074-e431-4bf6-9d5b-05dd00244401","b1ea3074-e431-4bf6-9d5b-05dd00244401","b1ea3074-e431-4bf6-9d5b-05dd00244401","b1ea3074-e431-4bf6-9d5b-05dd00244401","b1ea3074-e431-4bf6-9d5b-05dd00244401"],["vehicle-0","vehicle-9","vehicle-1","vehicle-6","vehicle-8","vehicle-7","vehicle-7","vehicle-7","vehicle-7","vehicle-7","vehicle-0","vehicle-9","vehicle-1","vehicle-6","vehicle-8"]],[["Visit37","Visit37","Visit40","Visit40","Visit19","Visit19"],["vehicle-9","vehicle-8","vehicle-9","vehicle-8","vehicle-9","vehicle-8"]],[[],[]],[["90292b52-4257-428a-b04d-29190a4e7f03","Visit98","Visit42","Visit3","Visit7","Visit77","Visit23","Visit25","Visit25","Visit73","Visit73","Visit5","Visit5","Visit99","Visit99","Visit65","Visit65","Visit95","f36dffcd-77ea-470a-9278-61d5d483ef83"],["vehicle-8","vehicle-8","vehicle-8","vehicle-8","vehicle-8","vehicle-8","vehicle-8","vehicle-1","vehicle-6","vehicle-1","vehicle-6","vehicle-1","vehicle-6","vehicle-1","vehicle-6","vehicle-1","vehicle-6","vehicle-8","vehicle-8"]],[["Visit21","Visit21","Visit61"],["vehicle-6","vehicle-8","vehicle-6"]],[[],[]],[[],[]]],"meanDistanceToConvexHull":{"VehicleId{value='vehicle-0'}":8524.671621141102,"VehicleId{value='vehicle-1'}":18923.926722937602,"VehicleId{value='vehicle-6'}":3487.2889693746715,"VehicleId{value='vehicle-7'}":16825.695995603754,"VehicleId{value='vehicle-8'}":7831.842387433565,"VehicleId{value='vehicle-9'}":8601.210234786362,"VehicleId{value='vehicle-2'}":14596.265749699476,"VehicleId{value='vehicle-4'}":8819.578211564176,"VehicleId{value='vehicle-5'}":29388.821001744538}},"RouteCompositionAnalysisResult":{"numberOfRoutes":9,"stopsLongestRoute":21,"stopsShortestRoute":3,"meanStops":11.555555555555555,"stdDevStops":5.0135618545237675,"totalDistanceMeters":2895454,"unassignedJobs":[{"value":"Visit46"},{"value":"Visit0"},{"value":"Visit17"},{"value":"Visit58"},{"value":"Visit30"}],"failureRate":0.045871559633027525,"runTime":5541},"CargoAnalysisResult":{"totalLoadKgs":null,"totalLoadVolume":null,"biggestLoad":null,"biggestLoadVolume":null,"smallestLoad":null,"smallestLoadVolume":null,"meanLoad":0.0,"meanLoadVolume":0.0,"stdDevLoad":null,"maxRelativeLoad":null}}