{"WorkingShiftAnalysisResult":{"totalWaitingTimeSeconds":36600.000000000,"workingShiftOfEachDriver":{"VehicleId{value='vehicle-0'}":34511.000000000,"VehicleId{value='vehicle-1'}":26901.000000000,"VehicleId{value='vehicle-6'}":7380.000000000,"VehicleId{value='vehicle-7'}":33895.000000000,"VehicleId{value='vehicle-8'}":31456.000000000,"VehicleId{value='vehicle-9'}":35987.000000000,"VehicleId{value='vehicle-2'}":31295.000000000,"VehicleId{value='vehicle-3'}":13526.000000000,"VehicleId{value='vehicle-4'}":33282.000000000,"VehicleId{value='vehicle-5'}":21661.000000000},"stddevWorkingShifts":9761.007894224402,"shortestWorkingShift":{"VehicleId{value='vehicle-6'}":7380.000000000},"longestWorkingShift":{"VehicleId{value='vehicle-9'}":35987.000000000},"visitsTimeWindowWrong":{"VehicleId{value='vehicle-0'}":{"JobId{value='Visit11'}":[2023,10,4,10,52,14],"JobId{value='Visit67'}":[2023,10,4,17,23,8],"JobId{value='Visit6'}":[2023,10,4,14,23,32],"JobId{value='Visit14'}":[2023,10,4,15,56,20],"JobId{value='Visit2'}":[2023,10,4,11,53,21],"JobId{value='Visit81'}":[2023,10,4,17,35,19],"JobId{value='Visit52'}":[2023,10,4,9,0],"JobId{value='Visit41'}":[2023,10,4,16,44,23],"JobId{value='Visit71'}":[2023,10,4,13,32,46],"JobId{value='Visit72'}":[2023,10,4,15,7,48]},"VehicleId{value='vehicle-1'}":{"JobId{value='Visit70'}":[2023,10,4,10,14],"JobId{value='Visit28'}":[2023,10,4,9,0]},"VehicleId{value='vehicle-6'}":{},"VehicleId{value='vehicle-7'}":{"JobId{value='Visit33'}":[2023,10,4,14,17,59],"JobId{value='Visit77'}":[2023,10,4,15,10,40],"JobId{value='Visit23'}":[2023,10,4,16,3,11],"JobId{value='Visit31'}":[2023,10,4,9,46,34],"JobId{value='Visit9'}":[2023,10,4,9,0],"JobId{value='Visit26'}":[2023,10,4,10,53,35],"JobId{value='Visit13'}":[2023,10,4,13,51,10],"JobId{value='Visit91'}":[2023,10,4,10,21,9],"JobId{value='Visit17'}":[2023,10,4,16,28,47],"JobId{value='Visit29'}":[2023,10,4,14,55,28],"JobId{value='Visit50'}":[2023,10,4,11,48,58]},"VehicleId{value='vehicle-8'}":{"JobId{value='Visit55'}":[2023,10,4,15,50,17],"JobId{value='Visit56'}":[2023,10,4,13,48,22],"JobId{value='Visit45'}":[2023,10,4,14,9,38],"JobId{value='Visit53'}":[2023,10,4,9,22,48],"JobId{value='Visit54'}":[2023,10,4,11,19,5],"JobId{value='Visit32'}":[2023,10,4,12,43,51],"JobId{value='Visit43'}":[2023,10,4,16,17,25],"JobId{value='Visit49'}":[2023,10,4,12,28,43],"JobId{value='Visit35'}":[2023,10,4,11,55,15],"JobId{value='Visit79'}":[2023,10,4,14,57,38],"JobId{value='Visit47'}":[2023,10,4,10,41,30],"JobId{value='Visit92'}":[2023,10,4,15,7,38],"JobId{value='Visit62'}":[2023,10,4,14,27,23],"JobId{value='Visit93'}":[2023,10,4,9,0]},"VehicleId{value='vehicle-9'}":{"JobId{value='Visit99'}":[2023,10,4,11,48,18],"JobId{value='Visit34'}":[2023,10,4,15,41,45],"JobId{value='Visit42'}":[2023,10,4,10,5],"JobId{value='Visit98'}":[2023,10,4,9,0],"JobId{value='Visit65'}":[2023,10,4,13,27,13],"JobId{value='Visit7'}":[2023,10,4,9,30,51],"JobId{value='Visit5'}":[2023,10,4,13,51,25],"JobId{value='Visit25'}":[2023,10,4,15,11,44],"JobId{value='Visit3'}":[2023,10,4,10,48],"JobId{value='Visit95'}":[2023,10,4,11,7,51],"JobId{value='Visit73'}":[2023,10,4,14,56,56]},"VehicleId{value='vehicle-2'}":{"JobId{value='Visit44'}":[2023,10,4,11,23,20],"JobId{value='Visit97'}":[2023,10,4,10,16],"JobId{value='Visit21'}":[2023,10,4,9,42,16],"JobId{value='Visit76'}":[2023,10,4,14,3,21],"JobId{value='Visit37'}":[2023,10,4,15,41,14],"JobId{value='Visit69'}":[2023,10,4,11,49],"JobId{value='Visit90'}":[2023,10,4,14,22,52],"JobId{value='Visit40'}":[2023,10,4,16,31,40],"JobId{value='Visit63'}":[2023,10,4,12,49,58],"JobId{value='Visit61'}":[2023,10,4,9,0],"JobId{value='Visit94'}":[2023,10,4,12,18,42],"JobId{value='Visit83'}":[2023,10,4,13,35,33],"JobId{value='Visit18'}":[2023,10,4,14,49,29]},"VehicleId{value='vehicle-3'}":{"JobId{value='Visit87'}":[2023,10,4,9,57,52],"JobId{value='Visit38'}":[2023,10,4,11,9,11],"JobId{value='Visit85'}":[2023,10,4,10,28,52]},"VehicleId{value='vehicle-4'}":{"JobId{value='Visit66'}":[2023,10,4,14,5,41],"JobId{value='Visit12'}":[2023,10,4,10,24,34],"JobId{value='Visit89'}":[2023,10,4,13,0,52],"JobId{value='Visit10'}":[2023,10,4,12,3,56],"JobId{value='Visit16'}":[2023,10,4,12,36,57],"JobId{value='Visit4'}":[2023,10,4,9,0],"JobId{value='Visit68'}":[2023,10,4,11,22,39],"JobId{value='Visit36'}":[2023,10,4,10,4,48]},"VehicleId{value='vehicle-5'}":{"JobId{value='Visit86'}":[2023,10,4,9,0],"JobId{value='Visit80'}":[2023,10,4,10,45,31],"JobId{value='Visit1'}":[2023,10,4,9,55,11],"JobId{value='Visit96'}":[2023,10,4,9,39,40],"JobId{value='Visit74'}":[2023,10,4,11,21,52],"JobId{value='Visit82'}":[2023,10,4,10,13,56],"JobId{value='Visit60'}":[2023,10,4,10,27,51]}},"meanworkingShift":26989.4},"VisualAttractivenessAnalysisResult":{"meanDistanceToGeographicCenter":{"VehicleId{value='vehicle-0'}":44710.974975873534,"VehicleId{value='vehicle-1'}":15831.225679833073,"VehicleId{value='vehicle-6'}":4036.749768685703,"VehicleId{value='vehicle-7'}":27493.151795220783,"VehicleId{value='vehicle-8'}":29173.15515946393,"VehicleId{value='vehicle-9'}":32830.229246730996,"VehicleId{value='vehicle-2'}":30572.7063791696,"VehicleId{value='vehicle-3'}":23941.36550477943,"VehicleId{value='vehicle-4'}":41327.999631092775,"VehicleId{value='vehicle-5'}":17220.207035144707},"outliersTTBetweenStops":{"VehicleId{value='vehicle-0'}":[6134.000000000],"VehicleId{value='vehicle-1'}":[],"VehicleId{value='vehicle-6'}":[],"VehicleId{value='vehicle-7'}":[312.000000000],"VehicleId{value='vehicle-8'}":[4122.000000000],"VehicleId{value='vehicle-9'}":[],"VehicleId{value='vehicle-2'}":[3440.000000000],"VehicleId{value='vehicle-3'}":[],"VehicleId{value='vehicle-4'}":[4024.000000000],"VehicleId{value='vehicle-5'}":[]},"meanTravelTimeBetweenStops":{"VehicleId{value='vehicle-0'}":2325.000000000,"VehicleId{value='vehicle-1'}":1674.000000000,"VehicleId{value='vehicle-6'}":1080.000000000,"VehicleId{value='vehicle-7'}":1761.000000000,"VehicleId{value='vehicle-8'}":1253.000000000,"VehicleId{value='vehicle-9'}":1974.000000000,"VehicleId{value='vehicle-2'}":1678.000000000,"VehicleId{value='vehicle-3'}":2225.000000000,"VehicleId{value='vehicle-4'}":1936.000000000,"VehicleId{value='vehicle-5'}":966.000000000},"convexHullList":{"VehicleId{value='vehicle-0'}":[{"latitude":50.8558786,"longitude":2.675696},{"latitude":50.8505565,"longitude":4.4815398}],"VehicleId{value='vehicle-1'}":[{"latitude":51.1714995,"longitude":4.7417495},{"latitude":51.0311832,"longitude":5.1582333},{"latitude":51.0930829,"longitude":5.495644}],"VehicleId{value='vehicle-6'}":[{"latitude":50.9223764,"longitude":5.3297371},{"latitude":50.9517741,"longitude":5.4056164}],"VehicleId{value='vehicle-7'}":[{"latitude":50.8821482,"longitude":3.3615136},{"latitude":50.8440335,"longitude":4.5846906}],"VehicleId{value='vehicle-8'}":[{"latitude":51.0980388,"longitude":4.0052389},{"latitude":51.1404854,"longitude":4.8988155}],"VehicleId{value='vehicle-9'}":[{"latitude":50.967557,"longitude":4.4499931},{"latitude":50.9579149,"longitude":4.5889716},{"latitude":50.9642312,"longitude":5.4953441}],"VehicleId{value='vehicle-2'}":[{"latitude":50.9949639,"longitude":3.7451508},{"latitude":50.751938,"longitude":4.2093795},{"latitude":50.8123643,"longitude":5.1418105}],"VehicleId{value='vehicle-3'}":[{"latitude":50.786569,"longitude":2.7487081},{"latitude":50.7652033,"longitude":2.8956996},{"latitude":50.8361168,"longitude":3.2843286}],"VehicleId{value='vehicle-4'}":[{"latitude":51.3020003,"longitude":3.0812302},{"latitude":50.7571217,"longitude":4.3567461},{"latitude":51.3048954,"longitude":4.3998742}],"VehicleId{value='vehicle-5'}":[{"latitude":50.9126778,"longitude":4.4361012},{"latitude":50.8696492,"longitude":4.6908387},{"latitude":50.8825976,"longitude":4.7030983}]},