{"WorkingShiftAnalysisResult":{"totalWaitingTimeSeconds":2035.000000000,"workingShiftOfEachDriver":{"VehicleId{value='vehicle-0'}":33373.000000000,"VehicleId{value='vehicle-1'}":34315.000000000,"VehicleId{value='vehicle-6'}":33454.000000000,"VehicleId{value='vehicle-7'}":32411.000000000,"VehicleId{value='vehicle-8'}":34576.000000000,"VehicleId{value='vehicle-9'}":33833.000000000,"VehicleId{value='vehicle-2'}":34026.000000000,"VehicleId{value='vehicle-3'}":33236.000000000,"VehicleId{value='vehicle-4'}":34533.000000000,"VehicleId{value='vehicle-5'}":34955.000000000},"stddevWorkingShifts":766.6411589959586,"shortestWorkingShift":{"VehicleId{value='vehicle-7'}":32411.000000000},"longestWorkingShift":{"VehicleId{value='vehicle-5'}":34955.000000000},"visitsTimeWindowWrong":{"VehicleId{value='vehicle-0'}":{"JobId{value='Visit231'}":[2023,10,4,11,57,23]},"VehicleId{value='vehicle-1'}":{"JobId{value='Visit180'}":[2023,10,4,15,45,32],"JobId{value='Visit481'}":[2023,10,4,13,13,59]},"VehicleId{value='vehicle-6'}":{"JobId{value='Visit270'}":[2023,10,4,13,50,32],"JobId{value='Visit331'}":[2023,10,4,12,43,36]},"VehicleId{value='vehicle-7'}":{"JobId{value='Visit99'}":[2023,10,4,10,5,10],"JobId{value='Visit226'}":[2023,10,4,17,27,50],"JobId{value='Visit494'}":[2023,10,4,9,42,23]},"VehicleId{value='vehicle-8'}":{"JobId{value='Visit406'}":[2023,10,4,12,44,24],"JobId{value='Visit224'}":[2023,10,4,17,48,14]},"VehicleId{value='vehicle-9'}":{"JobId{value='Visit109'}":[2023,10,4,9,0],"JobId{value='Visit318'}":[2023,10,4,13,23,49],"JobId{value='Visit389'}":[2023,10,4,12,33,26],"JobId{value='Visit63'}":[2023,10,4,12,47,42],"JobId{value='Visit131'}":[2023,10,4,17,55,26]},"VehicleId{value='vehicle-2'}":{"JobId{value='Visit217'}":[2023,10,4,13,3,19],"JobId{value='Visit430'}":[2023,10,4,17,48,9],"JobId{value='Visit377'}":[2023,10,4,13,48,1],"JobId{value='Visit296'}":[2023,10,4,11,22,54]},"VehicleId{value='vehicle-3'}":{"JobId{value='Visit425'}":[2023,10,4,13,14,10],"JobId{value='Visit168'}":[2023,10,4,13,41,26],"JobId{value='Visit410'}":[2023,10,4,16,42,32]},"VehicleId{value='vehicle-4'}":{"JobId{value='Visit422'}":[2023,10,4,12,34,18],"JobId{value='Visit278'}":[2023,10,4,13,38,22]},"VehicleId{value='vehicle-5'}":{"JobId{value='Visit164'}":[2023,10,4,18,5,5]}},"meanworkingShift":33871.2},"VisualAttractivenessAnalysisResult":{"meanDistanceToGeographicCenter":{"VehicleId{value='vehicle-0'}":15524.215275960167,"VehicleId{value='vehicle-1'}":11668.695449145389,"VehicleId{value='vehicle-6'}":25026.61080220877,"VehicleId{value='vehicle-7'}":11799.738405860884,"VehicleId{value='vehicle-8'}":17689.039837299646,"VehicleId{value='vehicle-9'}":15712.827493405637,"VehicleId{value='vehicle-2'}":16906.133772410674,"VehicleId{value='vehicle-3'}":10631.167137204762,"VehicleId{value='vehicle-4'}":36412.78404965062,"VehicleId{value='vehicle-5'}":24098.787220846778},"outliersTTBetweenStops":{"VehicleId{value='vehicle-0'}":[1803.000000000,0.0],"VehicleId{value='vehicle-1'}":[2072.000000000,2187.000000000],"VehicleId{value='vehicle-6'}":[2135.000000000],"VehicleId{value='vehicle-7'}":[1943.000000000,1493.000000000],"VehicleId{value='vehicle-8'}":[2612.000000000],"VehicleId{value='vehicle-9'}":[1932.000000000,2650.000000000],"VehicleId{value='vehicle-2'}":[1898.000000000,1929.000000000],"VehicleId{value='vehicle-3'}":[1501.000000000],"VehicleId{value='vehicle-4'}":[2216.000000000,2801.000000000],"VehicleId{value='vehicle-5'}":[2110.000000000,2381.000000000]},"meanTravelTimeBetweenStops":{"VehicleId{value='vehicle-0'}":803.000000000,"VehicleId{value='vehicle-1'}":918.000000000,"VehicleId{value='vehicle-6'}":947.000000000,"VehicleId{value='vehicle-7'}":720.000000000,"VehicleId{value='vehicle-8'}":1075.000000000,"VehicleId{value='vehicle-9'}":834.000000000,"VehicleId{value='vehicle-2'}":1048.000000000,"VehicleId{value='vehicle-3'}":701.000000000,"VehicleId{value='vehicle-4'}":1069.000000000,"VehicleId{value='vehicle-5'}":945.000000000},"convexHullList":{"VehicleId{value='vehicle-0'}":[{"latitude":50.9483652,"longitude":3.9851679},{"latitude":50.9451967,"longitude":4.0494853},{"latitude":50.9638937,"longitude":4.1704238}],"VehicleId{value='vehicle-1'}":[{"latitude":51.0002343,"longitude":4.4845142},{"latitude":50.9804136,"longitude":4.5740109},{"latitude":51.2310668,"longitude":4.6091692}],"VehicleId{value='vehicle-6'}":[{"latitude":50.9162855,"longitude":3.1824496},{"latitude":50.8197985,"longitude":3.2845456},{"latitude":50.8930667,"longitude":3.6575442}],"VehicleId{value='vehicle-7'}":[{"latitude":51.0847542,"longitude":4.1321146},{"latitude":51.0124631,"longitude":4.1497726},{"latitude":51.0718564,"longitude":4.2972106}],"VehicleId{value='vehicle-8'}":[{"latitude":50.8055975,"longitude":5.0978541},{"latitude":50.8026534,"longitude":5.3382526},{"latitude":51.0921908,"longitude":5.7890503}],"VehicleId{value='vehicle-9'}":[{"latitude":51.1717072,"longitude":4.3835118},{"latitude":51.1289223,"longitude":4.3906789},{"latitude":51.1397693,"longitude":4.7608415}],"VehicleId{value='vehicle-2'}":[{"latitude":50.8467844,"longitude":4.2657449},{"latitude":50.824719,"longitude":4.5132325},{"latitude":50.8267627,"longitude":4.6998724}],"VehicleId{value='vehicle-3'}":[{"latitude":50.9225235,"longitude":3.4500548},{"latitude":50.8285852,"longitude":3.5072601},{"latitude":50.8440297,"longitude":3.6116124}],"VehicleId{value='vehicle-4'}":[{"latitude":50.8990088,"longitude":3.9271935},{"latitude":50.8667915,"longitude":4.1846341},{"latitude":50.8670188,"longitude":4.2443327}],"VehicleId{value='vehicle-5'}":[{"latitude":50.8526735,"longitude":2.719304},{"latitude":50.7967208,"longitude":3.1214688},{"latitude":50.8170391,"longitude":3.2736393}]},