{"WorkingShiftAnalysisResult":{"totalWaitingTimeSeconds":8618.000000000,"workingShiftOfEachDriver":{"VehicleId{value='vehicle-0'}":33955.000000000,"VehicleId{value='vehicle-1'}":33971.000000000,"VehicleId{value='vehicle-6'}":30278.000000000,"VehicleId{value='vehicle-7'}":23816.000000000,"VehicleId{value='vehicle-8'}":33797.000000000,"VehicleId{value='vehicle-9'}":30127.000000000,"VehicleId{value='vehicle-2'}":26649.000000000,"VehicleId{value='vehicle-3'}":33411.000000000,"VehicleId{value='vehicle-4'}":33771.000000000,"VehicleId{value='vehicle-5'}":30272.000000000},"stddevWorkingShifts":3515.4843984230047,"shortestWorkingShift":{"VehicleId{value='vehicle-7'}":23816.000000000},"longestWorkingShift":{"VehicleId{value='vehicle-1'}":33971.000000000},"visitsTimeWindowWrong":{"VehicleId{value='vehicle-0'}":{"JobId{value='Visit180'}":[2023,10,4,12,30,56],"JobId{value='Visit4'}":[2023,10,4,13,27,5]},"VehicleId{value='vehicle-1'}":{"JobId{value='Visit192'}":[2023,10,4,16,28,29],"JobId{value='Visit194'}":[2023,10,4,13,41,11]},"VehicleId{value='vehicle-6'}":{"JobId{value='Visit47'}":[2023,10,4,12,32,13],"JobId{value='Visit165'}":[2023,10,4,13,27,4]},"VehicleId{value='vehicle-7'}":{"JobId{value='Visit77'}":[2023,10,4,11,3,55],"JobId{value='Visit45'}":[2023,10,4,10,39,8]},"VehicleId{value='vehicle-8'}":{"JobId{value='Visit107'}":[2023,10,4,13,19,30]},"VehicleId{value='vehicle-9'}":{"JobId{value='Visit158'}":[2023,10,4,12,37,42],"JobId{value='Visit69'}":[2023,10,4,12,54,33]},"VehicleId{value='vehicle-2'}":{"JobId{value='Visit173'}":[2023,10,4,12,7,44],"JobId{value='Visit196'}":[2023,10,4,9,0],"JobId{value='Visit94'}":[2023,10,4,12,46,44]},"VehicleId{value='vehicle-3'}":{"JobId{value='Visit31'}":[2023,10,4,13,8,5],"JobId{value='Visit21'}":[2023,10,4,12,36,22]},"VehicleId{value='vehicle-4'}":{"JobId{value='Visit78'}":[2023,10,4,13,15],"JobId{value='Visit129'}":[2023,10,4,17,59,21],"JobId{value='Visit43'}":[2023,10,4,18,19,59],"JobId{value='Visit48'}":[2023,10,4,14,27,45],"JobId{value='Visit139'}":[2023,10,4,13,30]},"VehicleId{value='vehicle-5'}":{"JobId{value='Visit12'}":[2023,10,4,13,48,17]}},"meanworkingShift":31004.7},"VisualAttractivenessAnalysisResult":{"meanDistanceToGeographicCenter":{"VehicleId{value='vehicle-0'}":33103.317404053996,"VehicleId{value='vehicle-1'}":24403.273783578195,"VehicleId{value='vehicle-6'}":60326.273527308345,"VehicleId{value='vehicle-7'}":17637.858351830513,"VehicleId{value='vehicle-8'}":17955.54131211182,"VehicleId{value='vehicle-9'}":31358.48456871813,"VehicleId{value='vehicle-2'}":22206.024576812943,"VehicleId{value='vehicle-3'}":33429.580625570874,"VehicleId{value='vehicle-4'}":24638.653821540294,"VehicleId{value='vehicle-5'}":19816.830945836027},"outliersTTBetweenStops":{"VehicleId{value='vehicle-0'}":[3234.000000000],"VehicleId{value='vehicle-1'}":[3568.000000000],"VehicleId{value='vehicle-6'}":[],"VehicleId{value='vehicle-7'}":[1940.000000000],"VehicleId{value='vehicle-8'}":[],"VehicleId{value='vehicle-9'}":[3219.000000000],"VehicleId{value='vehicle-2'}":[],"VehicleId{value='vehicle-3'}":[3797.000000000],"VehicleId{value='vehicle-4'}":[2434.000000000,2985.000000000],"VehicleId{value='vehicle-5'}":[]},"meanTravelTimeBetweenStops":{"VehicleId{value='vehicle-0'}":1559.000000000,"VehicleId{value='vehicle-1'}":1433.000000000,"VehicleId{value='vehicle-6'}":2830.000000000,"VehicleId{value='vehicle-7'}":1155.000000000,"VehicleId{value='vehicle-8'}":1062.000000000,"VehicleId{value='vehicle-9'}":1320.000000000,"VehicleId{value='vehicle-2'}":1670.000000000,"VehicleId{value='vehicle-3'}":1409.000000000,"VehicleId{value='vehicle-4'}":832.000000000,"VehicleId{value='vehicle-5'}":1774.000000000},"convexHullList":{"VehicleId{value='vehicle-0'}":[{"latitude":50.8678458,"longitude":3.6169639},{"latitude":50.8681431,"longitude":3.6193844}],"VehicleId{value='vehicle-1'}":[{"latitude":51.0740115,"longitude":2.6599779},{"latitude":50.8310541,"longitude":3.2764026},{"latitude":51.0332877,"longitude":3.7285434}],"VehicleId{value='vehicle-6'}":[{"latitude":51.053243,"longitude":3.4567757},{"latitude":50.7872605,"longitude":5.3963877},{"latitude":50.8871693,"longitude":5.6128626}],"VehicleId{value='vehicle-7'}":[{"latitude":50.7341364,"longitude":4.1718984},{"latitude":50.7425016,"longitude":4.5079129}],"VehicleId{value='vehicle-8'}":[{"latitude":50.9186562,"longitude":3.728837},{"latitude":50.7621673,"longitude":3.8626539},{"latitude":50.8575577,"longitude":4.5051721}],"VehicleId{value='vehicle-9'}":[{"latitude":50.8075326,"longitude":3.6228801},{"latitude":50.7975853,"longitude":4.0253328},{"latitude":50.8054531,"longitude":4.9378968}],"VehicleId{value='vehicle-2'}":[{"latitude":51.0867907,"longitude":4.3631489},{"latitude":51.0864059,"longitude":4.881884},{"latitude":51.2105777,"longitude":5.1856}],"VehicleId{value='vehicle-3'}":[{"latitude":51.1452659,"longitude":4.3457554},{"latitude":50.8256479,"longitude":5.1737956},{"latitude":50.9466471,"longitude":5.6738604}],"VehicleId{value='vehicle-4'}":[{"latitude":51.0125238,"longitude":3.6460901},{"latitude":50.9896306,"longitude":3.7533785},{"latitude":51.1736235,"longitude":4.4443785}],"VehicleId{value='vehicle-5'}":[{"latitude":51.122542,"longitude":2.6414606},{"latitude":50.8271442,"longitude":3.2600923},{"latitude":51.2748517,"longitude":3.6256756}]},