{"WorkingShiftAnalysisResult":{"totalWaitingTimeSeconds":22452.000000000,"workingShiftOfEachDriver":{"VehicleId{value='vehicle-6'}":732.000000000,"VehicleId{value='vehicle-7'}":950.000000000,"VehicleId{value='vehicle-2'}":30431.000000000,"VehicleId{value='vehicle-3'}":28300.000000000,"VehicleId{value='vehicle-4'}":9312.000000000,"VehicleId{value='vehicle-5'}":26511.000000000,"VehicleId{value='vehicle-13'}":4228.000000000,"VehicleId{value='vehicle-14'}":730.000000000,"VehicleId{value='vehicle-1'}":14140.000000000,"VehicleId{value='vehicle-17'}":31483.000000000,"VehicleId{value='vehicle-18'}":33492.000000000,"VehicleId{value='vehicle-15'}":26873.000000000,"VehicleId{value='vehicle-16'}":776.000000000},"stddevWorkingShifts":13678.652967306394,"shortestWorkingShift":{"VehicleId{value='vehicle-14'}":730.000000000},"longestWorkingShift":{"VehicleId{value='vehicle-18'}":33492.000000000},"visitsTimeWindowWrong":{"VehicleId{value='vehicle-6'}":{},"VehicleId{value='vehicle-7'}":{},"VehicleId{value='vehicle-2'}":{"JobId{value='Visit55'}":[2023,10,4,15,40,14],"JobId{value='Visit98'}":[2023,10,4,20,50,12],"JobId{value='Visit106'}":[2023,10,4,16,6,32],"JobId{value='Visit13'}":[2023,10,4,19,23,26],"JobId{value='Visit100'}":[2023,10,4,13,42,52],"JobId{value='Visit199'}":[2023,10,4,18,59,49],"JobId{value='Visit177'}":[2023,10,4,20,25,25],"JobId{value='Visit81'}":[2023,10,4,16,44,37],"JobId{value='Visit146'}":[2023,10,4,18,4,52],"JobId{value='Visit113'}":[2023,10,4,18,16,54],"JobId{value='Visit112'}":[2023,10,4,18,47,41],"JobId{value='Visit40'}":[2023,10,4,17,13,4],"JobId{value='Visit52'}":[2023,10,4,19,37,21],"JobId{value='Visit163'}":[2023,10,4,13,15],"JobId{value='Visit141'}":[2023,10,4,18,34],"JobId{value='Visit130'}":[2023,10,4,20,38,51],"JobId{value='Visit182'}":[2023,10,4,19,10,17]},"VehicleId{value='vehicle-3'}":{"JobId{value='Visit99'}":[2023,10,4,15,24],"JobId{value='Visit45'}":[2023,10,4,18,57,34],"JobId{value='Visit159'}":[2023,10,4,18,28,40],"JobId{value='Visit148'}":[2023,10,4,19,36,54],"JobId{value='Visit103'}":[2023,10,4,18,13,57],"JobId{value='Visit57'}":[2023,10,4,19,11,53],"JobId{value='Visit127'}":[2023,10,4,20,51,5],"JobId{value='Visit188'}":[2023,10,4,13,57,28],"JobId{value='Visit122'}":[2023,10,4,20,30,9],"JobId{value='Visit124'}":[2023,10,4,20,18,18],"JobId{value='Visit90'}":[2023,10,4,19,49,52],"JobId{value='Visit84'}":[2023,10,4,14,11,41],"JobId{value='Visit71'}":[2023,10,4,16,7,35],"JobId{value='Visit190'}":[2023,10,4,18,41,25],"JobId{value='Visit19'}":[2023,10,4,20,2,23]},"VehicleId{value='vehicle-4'}":{"JobId{value='Visit189'}":[2023,10,4,9,12,57]},"VehicleId{value='vehicle-5'}":{"JobId{value='Visit23'}":[2023,10,4,19,46,12],"JobId{value='Visit97'}":[2023,10,4,19,34,12],"JobId{value='Visit43'}":[2023,10,4,13,33,52],"JobId{value='Visit32'}":[2023,10,4,18,24,14],"JobId{value='Visit126'}":[2023,10,4,18,11,6],"JobId{value='Visit125'}":[2023,10,4,19,9,18],"JobId{value='Visit144'}":[2023,10,4,17,55,45],"JobId{value='Visit91'}":[2023,10,4,18,41,21],"JobId{value='Visit132'}":[2023,10,4,15,46,10],"JobId{value='Visit179'}":[2023,10,4,14,13,19],"JobId{value='Visit151'}":[2023,10,4,9,11,19],"JobId{value='Visit74'}":[2023,10,4,19,23,10],"JobId{value='Visit5'}":[2023,10,4,18,55,55],"JobId{value='Visit28'}":[2023,10,4,16,18,14]},"VehicleId{value='vehicle-13'}":{"JobId{value='Visit41'}":[2023,10,4,13,15]},"VehicleId{value='vehicle-14'}":{},"VehicleId{value='vehicle-1'}":{},"VehicleId{value='vehicle-17'}":{"JobId{value='Visit77'}":[2023,10,4,19,41,8],"JobId{value='Visit34'}":[2023,10,4,15,39,12],"JobId{value='Visit53'}":[2023,10,4,19,13,41],"JobId{value='Visit64'}":[2023,10,4,21,17,14],"JobId{value='Visit65'}":[2023,10,4,18,33,44],"JobId{value='Visit49'}":[2023,10,4,19,25,55],"JobId{value='Visit38'}":[2023,10,4,19,57,25],"JobId{value='Visit128'}":[2023,10,4,18,7,47],"JobId{value='Visit80'}":[2023,10,4,20,24,45],"JobId{value='Visit133'}":[2023,10,4,21,47,12],"JobId{value='Visit198'}":[2023,10,4,19,1,8],"JobId{value='Visit101'}":[2023,10,4,13,33,23],"JobId{value='Visit123'}":[2023,10,4,18,21,11],"JobId{value='Visit184'}":[2023,10,4,15,24],"JobId{value='Visit51'}":[2023,10,4,16,6,14],"JobId{value='Visit172'}":[2023,10,4,20,41,50],"JobId{value='Visit186'}":[2023,10,4,18,48,59],"JobId{value='Visit185'}":[2023,10,4,22,1,38],"JobId{value='Visit180'}":[2023,10,4,21,2,15],"JobId{value='Visit171'}":[2023,10,4,16,36,39],"JobId{value='Visit29'}":[2023,10,4,20,12,55],"JobId{value='Visit1'}":[2023,10,4,21,30,51]},"VehicleId{value='vehicle-18'}":{"JobId{value='Visit22'}":[2023,10,4,20,32,9],"JobId{value='Visit12'}":[2023,10,4,19,50,57],"JobId{value='Visit56'}":[2023,10,4,20,16,31],"JobId{value='Visit54'}":[2023,10,4,17,13,9],"JobId{value='Visit87'}":[2023,10,4,21,18,17],"JobId{value='Visit76'}":[2023,10,4,21,47,52],"JobId{value='Visit115'}":[2023,10,4,22,1,57],"JobId{value='Visit136'}":[2023,10,4,18,5,6],"JobId{value='Visit114'}":[2023,10,4,20,45,15],"JobId{value='Visit169'}":[2023,10,4,21,33,53],"JobId{value='Visit58'}":[2023,10,4,19,39,45],"JobId{value='Visit121'}":[2023,10,4,18,18,46],"JobId{value='Visit92'}":[2023,10,4,19,20,16],"JobId{value='Visit134'}":[2023,10,4,18,33,57],"JobId{value='Visit73'}":[2023,10,4,13,34,31],"JobId{value='Visit173'}":[2023,10,4,17,2,48],"JobId{value='Visit194'}":[2023,10,4,13,59,53],"JobId{value='Visit96'}":[2023,10,4,18,52,7],"JobId{value='Visit131'}":[2023,10,4,19,4,3],"JobId{value='Visit72'}":[2023,10,4,20,4,7],"JobId{value='Visit193'}":[2023,10,4,21,1,15]},"VehicleId{value='vehicle-15'}":{"JobId{value='Visit108'}":[2023,10,4,13,15],"JobId{value='Visit119'}":[2023,10,4,13,43,31],"JobId{value='Visit191'}":[2023,10,4,19,33,28],"JobId{value='Visit192'}":[2023,10,4,15,56,8],"JobId{value='Visit158'}":[2023,10,4,17,59,7],"JobId{value='Visit105'}":[2023,10,4,18,57,31],"JobId{value='Visit70'}":[2023,10,4,19,11,53],"JobId{value='Visit140'}":[2023,10,4,15,24],"JobId{value='Visit195'}":[2023,10,4,18,35,11],"JobId{value='Visit164'}":[2023,10,4,18,21,18]},"VehicleId{value='vehicle-16'}":{}},"meanworkingShift":15996.76923076923},"VisualAttractivenessAnalysisResult":{"meanDistanceToGeographicCenter":{"VehicleId{value='vehicle-6'}":51.15327848687047,"VehicleId{value='vehicle-7'}":281.18078802891597,"VehicleId{value='vehicle-2'}":2372.056459280443,"VehicleId{value='vehicle-3'}":2815.4427119423367,"VehicleId{value='vehicle-4'}":1650.4394890263436,"VehicleId{value='vehicle-5'}":2137.2106623572286,"VehicleId{value='vehicle-13'}":768.2840280946226,"VehicleId{value='vehicle-14'}":52.45454552478467,"VehicleId{value='vehicle-1'}":1347.1725454906036,"VehicleId{value='vehicle-17'}":2754.0319060078054,"VehicleId{value='vehicle-18'}":2767.637540306007,"VehicleId{value='vehicle-15'}":2509.873619998132,"VehicleId{value='vehicle-16'}":156.8244513167262},"outliersTTBetweenStops":{"VehicleId{value='vehicle-6'}":[],"VehicleId{value='vehicle-7'}":[],"VehicleId{value='vehicle-2'}":[785.000000000,721.000000000,963.000000000],"VehicleId{value='vehicle-3'}":[901.000000000],"VehicleId{value='vehicle-4'}":[],"VehicleId{value='vehicle-5'}":[730.000000000],"VehicleId{value='vehicle-13'}":[],"VehicleId{value='vehicle-14'}":[],"VehicleId{value='vehicle-1'}":[],"VehicleId{value='vehicle-17'}":[669.000000000,591.000000000,625.000000000],"VehicleId{value='vehicle-18'}":[922.000000000,945.000000000,774.000000000],"VehicleId{value='vehicle-15'}":[731.000000000,740.000000000,695.000000000],"VehicleId{value='vehicle-16'}":[]},"meanTravelTimeBetweenStops":{"VehicleId{value='vehicle-6'}":66.000000000,"VehicleId{value='vehicle-7'}":175.000000000,"VehicleId{value='vehicle-2'}":315.000000000,"VehicleId{value='vehicle-3'}":331.000000000,"VehicleId{value='vehicle-4'}":301.000000000,"VehicleId{value='vehicle-5'}":270.000000000,"VehicleId{value='vehicle-13'}":204.000000000,"VehicleId{value='vehicle-14'}":65.000000000,"VehicleId{value='vehicle-1'}":374.000000000,"VehicleId{value='vehicle-17'}":316.000000000,"VehicleId{value='vehicle-18'}":317.000000000,