{"WorkingShiftAnalysisResult":{"totalWaitingTimeSeconds":2940.000000000,"workingShiftOfEachDriver":{"VehicleId{value='vehicle-0'}":14664.000000000,"VehicleId{value='vehicle-1'}":20449.000000000,"VehicleId{value='vehicle-2'}":35529.000000000,"VehicleId{value='vehicle-3'}":14853.000000000},"stddevWorkingShifts":9811.000509632033,"shortestWorkingShift":{"VehicleId{value='vehicle-0'}":14664.000000000},"longestWorkingShift":{"VehicleId{value='vehicle-2'}":35529.000000000},"visitsTimeWindowWrong":{"VehicleId{value='vehicle-0'}":{"JobId{value='Visit42'}":[2023,10,4,9,46,39],"JobId{value='Visit31'}":[2023,10,4,10,31,37],"JobId{value='Visit20'}":[2023,10,4,11,56,18],"JobId{value='Visit49'}":[2023,10,4,11,11,29],"JobId{value='Visit24'}":[2023,10,4,11,44,48],"JobId{value='Visit30'}":[2023,10,4,9,0]},"VehicleId{value='vehicle-1'}":{"JobId{value='Visit34'}":[2023,10,4,10,10,23],"JobId{value='Visit9'}":[2023,10,4,9,0],"JobId{value='Visit15'}":[2023,10,4,13,41,38],"JobId{value='Visit14'}":[2023,10,4,10,59,2],"JobId{value='Visit41'}":[2023,10,4,11,51,19]},"VehicleId{value='vehicle-2'}":{"JobId{value='Visit44'}":[2023,10,4,11,50,11],"JobId{value='Visit11'}":[2023,10,4,15,48,5],"JobId{value='Visit32'}":[2023,10,4,17,15,24],"JobId{value='Visit37'}":[2023,10,4,15,0,51],"JobId{value='Visit7'}":[2023,10,4,9,46,40],"JobId{value='Visit46'}":[2023,10,4,13,38,43],"JobId{value='Visit47'}":[2023,10,4,16,50,2],"JobId{value='Visit19'}":[2023,10,4,14,12,9],"JobId{value='Visit0'}":[2023,10,4,11,25,21],"JobId{value='Visit18'}":[2023,10,4,9,0]},"VehicleId{value='vehicle-3'}":{"JobId{value='Visit33'}":[2023,10,4,10,26,48],"JobId{value='Visit8'}":[2023,10,4,9,0],"JobId{value='Visit10'}":[2023,10,4,10,46,26],"JobId{value='Visit21'}":[2023,10,4,12,25,56],"JobId{value='Visit26'}":[2023,10,4,9,41,13],"JobId{value='Visit5'}":[2023,10,4,11,40,39]}},"meanworkingShift":21373.75},"VisualAttractivenessAnalysisResult":{"meanDistanceToGeographicCenter":{"VehicleId{value='vehicle-0'}":18463.804201454797,"VehicleId{value='vehicle-1'}":26740.474693814867,"VehicleId{value='vehicle-2'}":32521.972959193376,"VehicleId{value='vehicle-3'}":20974.22371736961},"outliersTTBetweenStops":{"VehicleId{value='vehicle-0'}":[90.000000000],"VehicleId{value='vehicle-1'}":[],"VehicleId{value='vehicle-2'}":[],"VehicleId{value='vehicle-3'}":[]},"meanTravelTimeBetweenStops":{"VehicleId{value='vehicle-0'}":1580.000000000,"VehicleId{value='vehicle-1'}":2031.000000000,"VehicleId{value='vehicle-2'}":1953.000000000,"VehicleId{value='vehicle-3'}":1607.000000000},"convexHullList":{"VehicleId{value='vehicle-0'}":[{"latitude":50.9050844,"longitude":3.6529132},{"latitude":50.8648215,"longitude":3.8063453},{"latitude":50.9764718,"longitude":4.1799928}],"VehicleId{value='vehicle-1'}":[{"latitude":51.0707939,"longitude":4.2475425},{"latitude":50.852138,"longitude":4.5869311},{"latitude":50.9535154,"longitude":5.5005282}],"VehicleId{value='vehicle-2'}":[{"latitude":50.8068605,"longitude":3.232758},{"latitude":50.7732553,"longitude":3.8806643},{"latitude":50.8852743,"longitude":4.7034984}],"VehicleId{value='vehicle-3'}":[{"latitude":50.97378,"longitude":2.9317261},{"latitude":50.7812559,"longitude":3.0531263},{"latitude":50.8162137,"longitude":3.2705109}]},"visitsCloserToOtherCenterOfGravity":[[["START","Visit30","END"],["vehicle-2","vehicle-2","vehicle-2"]],[[],[]],[["START","Visit18","Visit7","Visit39","Visit0","Visit32","END"],["vehicle-1","vehicle-1","vehicle-1","vehicle-1","vehicle-1","vehicle-1","vehicle-1"]],[[],[]]],"meanDistanceToConvexHull":{"VehicleId{value='vehicle-0'}":8388.408415100062,"VehicleId{value='vehicle-1'}":22718.811158702407,"VehicleId{value='vehicle-2'}":32371.637240623902,"VehicleId{value='vehicle-3'}":5815.6183855491}},"CargoAnalysisResult":{"totalLoadKgs":null,"totalLoadVolume":null,"biggestLoad":null,"biggestLoadVolume":null,"smallestLoad":null,"smallestLoadVolume":null,"meanLoad":0.0,"meanLoadVolume":0.0,"stdDevLoad":null,"maxRelativeLoad":null},"RouteCompositionAnalysisResult":{"numberOfRoutes":4,"stopsLongestRoute":13,"stopsShortestRoute":7,"meanStops":8.75,"stdDevStops":2.48746859276655,"totalDistanceMeters":1102236,"unassignedJobs":[{"value":"Visit43"},{"value":"Visit13"},{"value":"Visit48"},{"value":"Visit22"},{"value":"Visit2"},{"value":"Visit12"},{"value":"Visit40"},{"value":"Visit36"},{"value":"Visit4"},{"value":"Visit3"},{"value":"Visit6"},{"value":"Visit45"},{"value":"Visit29"},{"value":"Visit27"},{"value":"Visit38"},{"value":"Visit1"},{"value":"Visit17"},{"value":"Visit23"},{"value":"Visit35"}],"failureRate":0.35185185185185186,"runTime":40008}}