{"WorkingShiftAnalysisResult":{"totalWaitingTimeSeconds":22680.000000000,"workingShiftOfEachDriver":{"VehicleId{value='vehicle-1'}":26245.000000000,"VehicleId{value='vehicle-2'}":23985.000000000,"VehicleId{value='vehicle-4'}":30948.000000000},"stddevWorkingShifts":3552.210086692509,"shortestWorkingShift":{"VehicleId{value='vehicle-2'}":23985.000000000},"longestWorkingShift":{"VehicleId{value='vehicle-4'}":30948.000000000},"visitsTimeWindowWrong":{"VehicleId{value='vehicle-1'}":{"JobId{value='Visit33'}":[2023,10,4,9,0],"JobId{value='Visit42'}":[2023,10,4,15,14,6],"JobId{value='Visit54'}":[2023,10,4,13,33,9],"JobId{value='Visit32'}":[2023,10,4,14,3,54],"JobId{value='Visit26'}":[2023,10,4,14,23,59],"JobId{value='Visit35'}":[2023,10,4,15,45,52],"JobId{value='Visit81'}":[2023,10,4,9,22,22],"JobId{value='Visit74'}":[2023,10,4,13,51,35],"JobId{value='Visit60'}":[2023,10,4,15,33,19],"JobId{value='Visit82'}":[2023,10,4,15,57,59],"JobId{value='Visit94'}":[2023,10,4,9,59,27],"JobId{value='Visit5'}":[2023,10,4,14,34,39],"JobId{value='Visit19'}":[2023,10,4,9,46,57],"JobId{value='Visit28'}":[2023,10,4,12,49]},"VehicleId{value='vehicle-2'}":{"JobId{value='Visit11'}":[2023,10,4,14,24,19],"JobId{value='Visit86'}":[2023,10,4,14,37,41],"JobId{value='Visit9'}":[2023,10,4,13,45,6],"JobId{value='Visit59'}":[2023,10,4,13,29,3],"JobId{value='Visit15'}":[2023,10,4,14,1,10],"JobId{value='Visit27'}":[2023,10,4,14,56,14],"JobId{value='Visit79'}":[2023,10,4,9,16,2],"JobId{value='Visit68'}":[2023,10,4,15,8,24],"JobId{value='Visit91'}":[2023,10,4,9,39,12],"JobId{value='Visit2'}":[2023,10,4,10,1,24]},"VehicleId{value='vehicle-4'}":{"JobId{value='Visit44'}":[2023,10,4,12,49],"JobId{value='Visit99'}":[2023,10,4,13,41,37],"JobId{value='Visit22'}":[2023,10,4,14,50,24],"JobId{value='Visit77'}":[2023,10,4,16,47,19],"JobId{value='Visit34'}":[2023,10,4,13,15],"JobId{value='Visit31'}":[2023,10,4,9,21,37],"JobId{value='Visit53'}":[2023,10,4,9,52,58],"JobId{value='Visit65'}":[2023,10,4,15,43,46],"JobId{value='Visit43'}":[2023,10,4,17,4,37],"JobId{value='Visit48'}":[2023,10,4,14,17,25],"JobId{value='Visit38'}":[2023,10,4,14,36,43],"JobId{value='Visit80'}":[2023,10,4,17,37,8],"JobId{value='Visit70'}":[2023,10,4,17,22,43],"JobId{value='Visit90'}":[2023,10,4,10,10,29],"JobId{value='Visit73'}":[2023,10,4,9,35,47],"JobId{value='Visit52'}":[2023,10,4,9,0],"JobId{value='Visit4'}":[2023,10,4,16,6,6],"JobId{value='Visit39'}":[2023,10,4,16,19,27],"JobId{value='Visit1'}":[2023,10,4,15,24,45]}},"meanworkingShift":27059.333333333332},"VisualAttractivenessAnalysisResult":{"meanDistanceToGeographicCenter":{"VehicleId{value='vehicle-1'}":2819.681586940653,"VehicleId{value='vehicle-2'}":2206.422024401258,"VehicleId{value='vehicle-4'}":3236.4370210570128},"outliersTTBetweenStops":{"VehicleId{value='vehicle-1'}":[875.000000000],"VehicleId{value='vehicle-2'}":[790.000000000,789.000000000],"VehicleId{value='vehicle-4'}":[1072.000000000]},"meanTravelTimeBetweenStops":{"VehicleId{value='vehicle-1'}":408.000000000,"VehicleId{value='vehicle-2'}":403.000000000,"VehicleId{value='vehicle-4'}":442.000000000},"convexHullList":{"VehicleId{value='vehicle-1'}":[{"latitude":50.8384899,"longitude":4.407396},{"latitude":50.8368893,"longitude":4.4574227}],"VehicleId{value='vehicle-2'}":[{"latitude":50.8357084,"longitude":4.3007957},{"latitude":50.7863301,"longitude":4.3226769},{"latitude":50.7876929,"longitude":4.3398069}],"VehicleId{value='vehicle-4'}":[{"latitude":50.8244377,"longitude":4.2898693},{"latitude":50.8043249,"longitude":4.3452161},{"latitude":50.8492491,"longitude":4.4310339}]},"visitsCloserToOtherCenterOfGravity":[[["START","Visit16","Visit68","END"],["vehicle-4","vehicle-4","vehicle-4","vehicle-4"]],[["START","Visit52","Visit31","Visit73","Visit80","Visit46","Visit61","END"],["vehicle-1","vehicle-1","vehicle-1","vehicle-1","vehicle-1","vehicle-1","vehicle-1","vehicle-1"]],[[],[]]],"meanDistanceToConvexHull":{"VehicleId{value='vehicle-1'}":3624.3013440317122,"VehicleId{value='vehicle-2'}":897.6680680967515,"VehicleId{value='vehicle-4'}":3049.209496545576}},"RouteCompositionAnalysisResult":{"numberOfRoutes":3,"stopsLongestRoute":26,"stopsShortestRoute":15,"meanStops":19.666666666666668,"stdDevStops":4.642796092394707,"totalDistanceMeters":164367,"unassignedJobs":[{"value":"Visit85"},{"value":"Visit36"},{"value":"Visit71"},{"value":"Visit88"},{"value":"Visit30"},{"value":"Visit10"},{"value":"Visit72"},{"value":"Visit64"},{"value":"Visit25"},{"value":"Visit7"},{"value":"Visit76"},{"value":"Visit97"},{"value":"Visit17"},{"value":"Visit21"},{"value":"Visit93"},{"value":"Visit66"},{"value":"Visit23"},{"value":"Visit40"},{"value":"Visit96"},{"value":"Visit45"},{"value":"Visit6"},{"value":"Visit84"},{"value":"Visit50"},{"value":"Visit12"},{"value":"Visit0"},{"value":"Visit14"},{"value":"Visit8"},{"value":"Visit62"},{"value":"Visit13"},{"value":"Visit51"},{"value":"Visit3"},{"value":"Visit57"},{"value":"Visit20"},{"value":"Visit92"},{"value":"Visit47"},{"value":"Visit63"},{"value":"Visit67"},{"value":"Visit69"},{"value":"Visit24"},{"value":"Visit83"},{"value":"Visit89"},{"value":"Visit49"},{"value":"Visit95"},{"value":"Visit87"}],"failureRate":0.42718446601941745,"runTime":17483},"CargoAnalysisResult":{"totalLoadKgs":null,"totalLoadVolume":null,"biggestLoad":null,"biggestLoadVolume":null,"smallestLoad":null,"smallestLoadVolume":null,"meanLoad":0.0,"meanLoadVolume":0.0,"stdDevLoad":null,"maxRelativeLoad":null}}