{"WorkingShiftAnalysisResult":{"totalWaitingTimeSeconds":340.000000000,"workingShiftOfEachDriver":{"VehicleId{value='vehicle-0'}":34432.000000000,"VehicleId{value='vehicle-1'}":34917.000000000,"VehicleId{value='vehicle-2'}":34536.000000000,"VehicleId{value='vehicle-3'}":34345.000000000,"VehicleId{value='vehicle-4'}":34625.000000000},"stddevWorkingShifts":220.37127762029243,"shortestWorkingShift":{"VehicleId{value='vehicle-3'}":34345.000000000},"longestWorkingShift":{"VehicleId{value='vehicle-1'}":34917.000000000},"visitsTimeWindowWrong":{"VehicleId{value='vehicle-0'}":{"JobId{value='Visit53'}":[2023,10,4,17,59,29],"JobId{value='Visit390'}":[2023,10,4,18,13,1],"JobId{value='Visit445'}":[2023,10,4,11,52,59],"JobId{value='Visit103'}":[2023,10,4,13,14,22],"JobId{value='Visit138'}":[2023,10,4,12,47,13],"JobId{value='Visit287'}":[2023,10,4,14,33,29],"JobId{value='Visit110'}":[2023,10,4,17,45,43]},"VehicleId{value='vehicle-1'}":{"JobId{value='Visit147'}":[2023,10,4,18,17,27],"JobId{value='Visit205'}":[2023,10,4,10,33,6],"JobId{value='Visit215'}":[2023,10,4,13,11,34],"JobId{value='Visit402'}":[2023,10,4,13,22,27],"JobId{value='Visit468'}":[2023,10,4,13,33,56],"JobId{value='Visit210'}":[2023,10,4,12,36,55],"JobId{value='Visit1'}":[2023,10,4,17,50,24],"JobId{value='Visit285'}":[2023,10,4,18,4,49]},"VehicleId{value='vehicle-2'}":{"JobId{value='Visit77'}":[2023,10,4,12,39,53],"JobId{value='Visit307'}":[2023,10,4,12,50,44],"JobId{value='Visit424'}":[2023,10,4,13,15,45],"JobId{value='Visit358'}":[2023,10,4,17,59,42],"JobId{value='Visit331'}":[2023,10,4,17,46,16],"JobId{value='Visit399'}":[2023,10,4,18,15,14],"JobId{value='Visit471'}":[2023,10,4,13,59,34]},"VehicleId{value='vehicle-3'}":{"JobId{value='Visit129'}":[2023,10,4,12,38,35],"JobId{value='Visit75'}":[2023,10,4,17,47,41],"JobId{value='Visit235'}":[2023,10,4,18,3,23],"JobId{value='Visit430'}":[2023,10,4,13,17,13],"JobId{value='Visit195'}":[2023,10,4,18,16,13]},"VehicleId{value='vehicle-4'}":{"JobId{value='Visit329'}":[2023,10,4,13,47,35],"JobId{value='Visit54'}":[2023,10,4,16,40,14],"JobId{value='Visit202'}":[2023,10,4,12,34,15],"JobId{value='Visit330'}":[2023,10,4,18,17,6],"JobId{value='Visit101'}":[2023,10,4,13,20,45],"JobId{value='Visit29'}":[2023,10,4,17,45,30],"JobId{value='Visit252'}":[2023,10,4,18,3,28]}},"meanworkingShift":34571.0},"VisualAttractivenessAnalysisResult":{"meanDistanceToGeographicCenter":{"VehicleId{value='vehicle-0'}":2213.8060872946608,"VehicleId{value='vehicle-1'}":2731.0419663227126,"VehicleId{value='vehicle-2'}":2669.8995802009667,"VehicleId{value='vehicle-3'}":1183.565663282479,"VehicleId{value='vehicle-4'}":2113.2841989913163},"outliersTTBetweenStops":{"VehicleId{value='vehicle-0'}":[745.000000000,738.000000000,853.000000000],"VehicleId{value='vehicle-1'}":[449.000000000,405.000000000,465.000000000],"VehicleId{value='vehicle-2'}":[806.000000000],"VehicleId{value='vehicle-3'}":[386.000000000,383.000000000,377.000000000,393.000000000],"VehicleId{value='vehicle-4'}":[518.000000000,443.000000000,478.000000000,434.000000000]},"meanTravelTimeBetweenStops":{"VehicleId{value='vehicle-0'}":254.000000000,"VehicleId{value='vehicle-1'}":207.000000000,"VehicleId{value='vehicle-2'}":228.000000000,"VehicleId{value='vehicle-3'}":159.000000000,"VehicleId{value='vehicle-4'}":182.000000000},"convexHullList":{"VehicleId{value='vehicle-0'}":[{"latitude":50.832499,"longitude":4.3865526},{"latitude":50.8317257,"longitude":4.387844},{"latitude":50.8342139,"longitude":4.397129}],"VehicleId{value='vehicle-1'}":[{"latitude":50.823548,"longitude":4.3249401},{"latitude":50.812941,"longitude":4.3271066},{"latitude":50.8328909,"longitude":4.402792}],"VehicleId{value='vehicle-2'}":[{"latitude":50.8669158,"longitude":4.2808066},{"latitude":50.8213326,"longitude":4.2981341},{"latitude":50.8227271,"longitude":4.3880389}],"VehicleId{value='vehicle-3'}":[{"latitude":50.8055659,"longitude":4.3176787},{"latitude":50.8035793,"longitude":4.3180922},{"latitude":50.8102866,"longitude":4.3558403}],"VehicleId{value='vehicle-4'}":[{"latitude":50.8245893,"longitude":4.3586893},{"latitude":50.7893954,"longitude":4.3681132},{"latitude":50.8137307,"longitude":4.4128665}]},"visitsCloserToOtherCenterOfGravity":[[["49aaebee-8b94-4fe0-9cb0-c0f6a76f7c0d","Visit49","Visit96","Visit78","Visit78","Visit30","Visit218","Visit145","Visit73","Visit475","Visit202","Visit202","Visit109","Visit61","Visit61","Visit341","Visit341","Visit101","Visit101","Visit150","Visit150","Visit329","Visit329","Visit281","Visit281","Visit119","Visit119","Visit50","Visit50","Visit104","Visit104","Visit25","Visit25","Visit481","Visit63","Visit20","Visit20","Visit324","Visit324","Visit114","Visit252","Visit330","014385f0-b1e0-4b7a-aead-049663b48fe3"],["vehicle-3","vehicle-3","vehicle-3","vehicle-3","vehicle-1","vehicle-1","vehicle-0","vehicle-0","vehicle-0","vehicle-0","vehicle-0","vehicle-1","vehicle-0","vehicle-0","vehicle-1","vehicle-0","vehicle-1","vehicle-0","vehicle-1","vehicle-0","vehicle-1","vehicle-0","vehicle-1","vehicle-0","vehicle-1","vehicle-0","vehicle-1","vehicle-0","vehicle-1","vehicle-0","vehicle-1","vehicle-0","vehicle-1","vehicle-0","vehicle-0","vehicle-0","vehicle-1","vehicle-0","vehicle-1","vehicle-1","vehicle-3","vehicle-3","vehicle-3"]],[["Visit144","Visit144","Visit144","Visit452","Visit452","Visit452","Visit229","Visit229","Visit229","Visit221","Visit221","Visit221","Visit17","Visit17","Visit17","Visit466","Visit466","Visit466","Visit209","Visit209","Visit209","Visit407","Visit407","Visit407","Visit203","Visit203","Visit203","Visit347","Visit97","Visit389"],["vehicle-0","vehicle-3","vehicle-1","vehicle-0","vehicle-3","vehicle-1","vehicle-0","vehicle-3","vehicle-1","vehicle-0","vehicle-3","vehicle-1","vehicle-0","vehicle-3","vehicle-1","vehicle-0","vehicle-3","vehicle-1","vehicle-0","vehicle-3","vehicle-1","vehicle-0","vehicle-3","vehicle-1","vehicle-0","vehicle-3","vehicle-1","vehicle-3","vehicle-3","vehicle-3"]],[["Visit103","Visit405","Visit406","Visit425","Visit27","Visit287","Visit53","Visit390"],["vehicle-1","vehicle-1","vehicle-1","vehicle-1","vehicle-1","vehicle-1","vehicle-1","vehicle-1"]],[["Visit65","Visit216","Visit491"],["vehicle-1","vehicle-1","vehicle-1"]],[[],[]]],"meanDistanceToConvexHull":{"VehicleId{value='vehicle-0'}":322.61455012543854,"VehicleId{value='vehicle-1'}":1901.6145114448193,"VehicleId{value='vehicle-2'}":5073.885231303211,"VehicleId{value='vehicle-3'}":962.60660711685,"VehicleId{value='vehicle-4'}":1602.19770632226}},"CargoAnalysisResult":{"totalLoadKgs":null,"totalLoadVolume":null,"biggestLoad":null,"biggestLoadVolume":null,"smallestLoad":null,"smallestLoadVolume":null,"meanLoad":0.0,"meanLoadVolume":0.0,"stdDevLoad":null,"maxRelativeLoad":null},"RouteCompositionAnalysisResult":{"numberOfRoutes":5,"stopsLongestRoute":46,"stopsShortestRoute":41,"meanStops":43.6,"stdDevStops":1.854723699099141,"totalDistanceMeters":259098,