{"WorkingShiftAnalysisResult":{"totalWaitingTimeSeconds":53880.000000000,"workingShiftOfEachDriver":{"VehicleId{value='vehicle-6'}":22667.000000000,"VehicleId{value='vehicle-7'}":34111.000000000,"VehicleId{value='vehicle-8'}":33412.000000000,"VehicleId{value='vehicle-9'}":34113.000000000,"VehicleId{value='vehicle-5'}":20431.000000000},"stddevWorkingShifts":6805.353333957025,"shortestWorkingShift":{"VehicleId{value='vehicle-5'}":20431.000000000},"longestWorkingShift":{"VehicleId{value='vehicle-9'}":34113.000000000},"visitsTimeWindowWrong":{"VehicleId{value='vehicle-6'}":{"JobId{value='Visit53'}":[2023,10,4,9,53,45],"JobId{value='Visit98'}":[2023,10,4,10,7,21],"JobId{value='Visit24'}":[2023,10,4,9,0],"JobId{value='Visit91'}":[2023,10,4,9,36,17],"JobId{value='Visit70'}":[2023,10,4,9,13,17],"JobId{value='Visit40'}":[2023,10,4,13,29,37]},"VehicleId{value='vehicle-7'}":{"JobId{value='Visit78'}":[2023,10,4,13,29,37],"JobId{value='Visit8'}":[2023,10,4,10,15,17],"JobId{value='Visit20'}":[2023,10,4,13,43,55],"JobId{value='Visit48'}":[2023,10,4,9,44,39],"JobId{value='Visit15'}":[2023,10,4,17,18,1],"JobId{value='Visit57'}":[2023,10,4,9,11,29],"JobId{value='Visit14'}":[2023,10,4,13,56,9],"JobId{value='Visit80'}":[2023,10,4,10,2,15],"JobId{value='Visit0'}":[2023,10,4,9,0],"JobId{value='Visit84'}":[2023,10,4,9,28,27],"JobId{value='Visit96'}":[2023,10,4,14,8,59],"JobId{value='Visit63'}":[2023,10,4,17,44,38]},"VehicleId{value='vehicle-8'}":{"JobId{value='Visit22'}":[2023,10,4,14,27,33],"JobId{value='Visit67'}":[2023,10,4,13,44,58],"JobId{value='Visit45'}":[2023,10,4,14,8,39],"JobId{value='Visit12'}":[2023,10,4,14,42,24],"JobId{value='Visit86'}":[2023,10,4,9,0],"JobId{value='Visit26'}":[2023,10,4,13,15],"JobId{value='Visit49'}":[2023,10,4,13,31,6],"JobId{value='Visit46'}":[2023,10,4,10,3,34],"JobId{value='Visit69'}":[2023,10,4,9,33,49],"JobId{value='Visit95'}":[2023,10,4,9,14,33],"JobId{value='Visit52'}":[2023,10,4,16,58,7],"JobId{value='Visit61'}":[2023,10,4,14,59,46],"JobId{value='Visit18'}":[2023,10,4,16,43]},"VehicleId{value='vehicle-9'}":{"JobId{value='Visit33'}":[2023,10,4,10,18,30],"JobId{value='Visit34'}":[2023,10,4,9,42,53],"JobId{value='Visit97'}":[2023,10,4,9,14,14],"JobId{value='Visit31'}":[2023,10,4,9,25,55],"JobId{value='Visit64'}":[2023,10,4,13,35,19],"JobId{value='Visit87'}":[2023,10,4,14,16,56],"JobId{value='Visit43'}":[2023,10,4,14,59,53],"JobId{value='Visit38'}":[2023,10,4,17,39,59],"JobId{value='Visit13'}":[2023,10,4,15,14,26],"JobId{value='Visit30'}":[2023,10,4,10,3,14],"JobId{value='Visit71'}":[2023,10,4,9,0],"JobId{value='Visit83'}":[2023,10,4,17,21,39],"JobId{value='Visit2'}":[2023,10,4,16,43],"JobId{value='Visit28'}":[2023,10,4,14,30,48],"JobId{value='Visit29'}":[2023,10,4,17,5,19]},"VehicleId{value='vehicle-5'}":{"JobId{value='Visit55'}":[2023,10,4,9,0],"JobId{value='Visit88'}":[2023,10,4,9,45,26],"JobId{value='Visit37'}":[2023,10,4,9,59,41],"JobId{value='Visit5'}":[2023,10,4,9,11,47],"JobId{value='Visit17'}":[2023,10,4,9,31,42],"JobId{value='Visit73'}":[2023,10,4,10,15,42],"JobId{value='Visit60'}":[2023,10,4,13,27,20]}},"meanworkingShift":28946.8},"VisualAttractivenessAnalysisResult":{"meanDistanceToGeographicCenter":{"VehicleId{value='vehicle-6'}":2025.276883197585,"VehicleId{value='vehicle-7'}":3474.5476771304116,"VehicleId{value='vehicle-8'}":2771.3104725550374,"VehicleId{value='vehicle-9'}":3646.272642969824,"VehicleId{value='vehicle-5'}":1576.8964834075143},"outliersTTBetweenStops":{"VehicleId{value='vehicle-6'}":[780.000000000],"VehicleId{value='vehicle-7'}":[835.000000000,757.000000000,884.000000000],"VehicleId{value='vehicle-8'}":[821.000000000],"VehicleId{value='vehicle-9'}":[828.000000000,980.000000000],"VehicleId{value='vehicle-5'}":[]},"meanTravelTimeBetweenStops":{"VehicleId{value='vehicle-6'}":345.000000000,"VehicleId{value='vehicle-7'}":337.000000000,"VehicleId{value='vehicle-8'}":373.000000000,"VehicleId{value='vehicle-9'}":432.000000000,"VehicleId{value='vehicle-5'}":310.000000000},"convexHullList":{"VehicleId{value='vehicle-6'}":[{"latitude":50.8408208,"longitude":4.3988794},{"latitude":50.8329839,"longitude":4.418932},{"latitude":50.8427743,"longitude":4.4352705}],"VehicleId{value='vehicle-7'}":[{"latitude":50.8381051,"longitude":4.2948297},{"latitude":50.8138938,"longitude":4.3268504},{"latitude":50.8176674,"longitude":4.3602375}],"VehicleId{value='vehicle-8'}":[{"latitude":50.8344352,"longitude":4.3067171},{"latitude":50.7994539,"longitude":4.3198839},{"latitude":50.7999489,"longitude":4.3599142}],"VehicleId{value='vehicle-9'}":[{"latitude":50.8583425,"longitude":4.2844443},{"latitude":50.8115271,"longitude":4.4156738},{"latitude":50.8380944,"longitude":4.4284778}],"VehicleId{value='vehicle-5'}":[{"latitude":50.7963055,"longitude":4.3419151},{"latitude":50.7954452,"longitude":4.3618439}]},"visitsCloserToOtherCenterOfGravity":[[["Visit86","Visit86","Visit95","Visit95","Visit69","Visit69","Visit51","Visit51","Visit46","Visit46","Visit67","Visit45","Visit22","Visit12"],["vehicle-7","vehicle-6","vehicle-7","vehicle-9","vehicle-7","vehicle-9","vehicle-7","vehicle-9","vehicle-7","vehicle-9","vehicle-5","vehicle-5","vehicle-5","vehicle-5"]],[[],[]],[["Visit84","Visit48","Visit80","Visit8","Visit82","Visit78","Visit20","Visit14","Visit96","Visit10","Visit25","Visit25","Visit54","Visit54","Visit15","Visit15","Visit58","Visit58","Visit63","Visit63","Visit85","Visit85","Visit42","Visit42","Visit62","Visit7","Visit39","Visit79"],["vehicle-9","vehicle-9","vehicle-9","vehicle-9","vehicle-9","vehicle-9","vehicle-9","vehicle-9","vehicle-9","vehicle-6","vehicle-6","vehicle-9","vehicle-6","vehicle-9","vehicle-6","vehicle-9","vehicle-6","vehicle-9","vehicle-6","vehicle-9","vehicle-6","vehicle-9","vehicle-6","vehicle-9","vehicle-6","vehicle-6","vehicle-6","vehicle-9"]],[["Visit91","Visit53","Visit98"],["vehicle-9","vehicle-9","vehicle-9"]],[[],[]]],"meanDistanceToConvexHull":{"VehicleId{value='vehicle-6'}":698.0479321072315,"VehicleId{value='vehicle-7'}":1419.4007339462207,"VehicleId{value='vehicle-8'}":1825.403219793671,"VehicleId{value='vehicle-9'}":2699.6084702859425,"VehicleId{value='vehicle-5'}":722.0482114105106}},"RouteCompositionAnalysisResult":{"numberOfRoutes":5,"stopsLongestRoute":36,"stopsShortestRoute":9,"meanStops":19.4,"stdDevStops":10.403845442911962,"totalDistanceMeters":226580,"unassignedJobs":[{"value":"Visit92"},{"value":"Visit68"},{"value":"Visit50"},{"value":"Visit99"},{"value":"Visit4"},{"value":"Visit94"},{"value":"Visit21"},{"value":"Visit6"}],"failureRate":0.0761904761904762,"runTime":12909},"CargoAnalysisResult":{"totalLoadKgs":null,"totalLoadVolume":null,"biggestLoad":null,"biggestLoadVolume":null,"smallestLoad":null,"smallestLoadVolume":null,"meanLoad":0.0,"meanLoadVolume":0.0,"stdDevLoad":null,"maxRelativeLoad":null}}