{"WorkingShiftAnalysisResult":{"totalWaitingTimeSeconds":1920.000000000,"workingShiftOfEachDriver":{"VehicleId{value='vehicle-0'}":33899.000000000,"VehicleId{value='vehicle-1'}":33718.000000000,"VehicleId{value='vehicle-2'}":32747.000000000,"VehicleId{value='vehicle-3'}":33296.000000000,"VehicleId{value='vehicle-4'}":34473.000000000},"stddevWorkingShifts":648.4487258064433,"shortestWorkingShift":{"VehicleId{value='vehicle-2'}":32747.000000000},"longestWorkingShift":{"VehicleId{value='vehicle-4'}":34473.000000000},"visitsTimeWindowWrong":{"VehicleId{value='vehicle-0'}":{"JobId{value='Visit22'}":[2023,10,4,13,12,37],"JobId{value='Visit129'}":[2023,10,4,17,39,33],"JobId{value='Visit87'}":[2023,10,4,16,37,57],"JobId{value='Visit65'}":[2023,10,4,17,6,38],"JobId{value='Visit104'}":[2023,10,4,13,41,19],"JobId{value='Visit125'}":[2023,10,4,16,25,44],"JobId{value='Visit24'}":[2023,10,4,11,5,36],"JobId{value='Visit46'}":[2023,10,4,11,18,6],"JobId{value='Visit47'}":[2023,10,4,11,51,4],"JobId{value='Visit149'}":[2023,10,4,14,20,57],"JobId{value='Visit122'}":[2023,10,4,10,15,10],"JobId{value='Visit81'}":[2023,10,4,9,47,25],"JobId{value='Visit168'}":[2023,10,4,9,0],"JobId{value='Visit123'}":[2023,10,4,14,43,17],"JobId{value='Visit140'}":[2023,10,4,13,26,9],"JobId{value='Visit161'}":[2023,10,4,15,37,32],"JobId{value='Visit60'}":[2023,10,4,11,35,41],"JobId{value='Visit83'}":[2023,10,4,12,50,50],"JobId{value='Visit185'}":[2023,10,4,13,54,37],"JobId{value='Visit191'}":[2023,10,4,12,8,26],"JobId{value='Visit170'}":[2023,10,4,15,10,21],"JobId{value='Visit77'}":[2023,10,4,17,25,12],"JobId{value='Visit32'}":[2023,10,4,15,49,29],"JobId{value='Visit38'}":[2023,10,4,10,26,42],"JobId{value='Visit111'}":[2023,10,4,10,48,22],"JobId{value='Visit92'}":[2023,10,4,9,58,52],"JobId{value='Visit134'}":[2023,10,4,12,22,4],"JobId{value='Visit112'}":[2023,10,4,15,23,38],"JobId{value='Visit73'}":[2023,10,4,9,32,44],"JobId{value='Visit173'}":[2023,10,4,14,31,35],"JobId{value='Visit9'}":[2023,10,4,16,53,22],"JobId{value='Visit6'}":[2023,10,4,9,19,14],"JobId{value='Visit4'}":[2023,10,4,14,6,50],"JobId{value='Visit1'}":[2023,10,4,16,9,31]},"VehicleId{value='vehicle-1'}":{"JobId{value='Visit107'}":[2023,10,4,11,28,52],"JobId{value='Visit67'}":[2023,10,4,12,25,56],"JobId{value='Visit64'}":[2023,10,4,13,33,21],"JobId{value='Visit147'}":[2023,10,4,9,53,56],"JobId{value='Visit68'}":[2023,10,4,11,1,23],"JobId{value='Visit106'}":[2023,10,4,15,13,42],"JobId{value='Visit188'}":[2023,10,4,15,48,23],"JobId{value='Visit124'}":[2023,10,4,12,6,10],"JobId{value='Visit102'}":[2023,10,4,17,40,56],"JobId{value='Visit189'}":[2023,10,4,9,0],"JobId{value='Visit167'}":[2023,10,4,17,9],"JobId{value='Visit183'}":[2023,10,4,12,49,4],"JobId{value='Visit163'}":[2023,10,4,11,17,17],"JobId{value='Visit193'}":[2023,10,4,10,14,44],"JobId{value='Visit118'}":[2023,10,4,11,45,26],"JobId{value='Visit56'}":[2023,10,4,14,22,43],"JobId{value='Visit31'}":[2023,10,4,13,47,16],"JobId{value='Visit76'}":[2023,10,4,16,47,34],"JobId{value='Visit159'}":[2023,10,4,9,15,11],"JobId{value='Visit59'}":[2023,10,4,17,21,8],"JobId{value='Visit158'}":[2023,10,4,14,0,54],"JobId{value='Visit79'}":[2023,10,4,16,20,14],"JobId{value='Visit155'}":[2023,10,4,10,47,35],"JobId{value='Visit198'}":[2023,10,4,16,2,42],"JobId{value='Visit135'}":[2023,10,4,15,24,36],"JobId{value='Visit151'}":[2023,10,4,14,39,1],"JobId{value='Visit194'}":[2023,10,4,13,22,59],"JobId{value='Visit152'}":[2023,10,4,9,39,31],"JobId{value='Visit8'}":[2023,10,4,14,55,38],"JobId{value='Visit181'}":[2023,10,4,10,29,18],"JobId{value='Visit0'}":[2023,10,4,16,34,46]},"VehicleId{value='vehicle-2'}":{"JobId{value='Visit88'}":[2023,10,4,14,37,2],"JobId{value='Visit23'}":[2023,10,4,10,0,32],"JobId{value='Visit20'}":[2023,10,4,10,14,27],"JobId{value='Visit86'}":[2023,10,4,16,16,45],"JobId{value='Visit109'}":[2023,10,4,9,0],"JobId{value='Visit48'}":[2023,10,4,11,30,33],"JobId{value='Visit27'}":[2023,10,4,9,42,43],"JobId{value='Visit128'}":[2023,10,4,10,50,17],"JobId{value='Visit69'}":[2023,10,4,14,26,6],"JobId{value='Visit187'}":[2023,10,4,16,2,52],"JobId{value='Visit145'}":[2023,10,4,14,15,2],"JobId{value='Visit101'}":[2023,10,4,17,33,45],"JobId{value='Visit40'}":[2023,10,4,9,12,23],"JobId{value='Visit41'}":[2023,10,4,11,42,27],"JobId{value='Visit63'}":[2023,10,4,17,18,2],"JobId{value='Visit28'}":[2023,10,4,15,29,55],"JobId{value='Visit11'}":[2023,10,4,13,57,21],"JobId{value='Visit98'}":[2023,10,4,12,10,16],"JobId{value='Visit117'}":[2023,10,4,13,41,16],"JobId{value='Visit116'}":[2023,10,4,9,27,10],"JobId{value='Visit58'}":[2023,10,4,17,2,5],"JobId{value='Visit199'}":[2023,10,4,15,17,44],"JobId{value='Visit157'}":[2023,10,4,15,44,20],"JobId{value='Visit178'}":[2023,10,4,11,1,38],"JobId{value='Visit95'}":[2023,10,4,16,46,40],"JobId{value='Visit197'}":[2023,10,4,11,18,11],"JobId{value='Visit131'}":[2023,10,4,13,19,29],"JobId{value='Visit71'}":[2023,10,4,16,34,6],"JobId{value='Visit94'}":[2023,10,4,11,54,49],"JobId{value='Visit182'}":[2023,10,4,10,28,9]},"VehicleId{value='vehicle-3'}":{"JobId{value='Visit66'}":[2023,10,4,16,35,47],"JobId{value='Visit49'}":[2023,10,4,9,44,5],"JobId{value='Visit103'}":[2023,10,4,10,27,5],"JobId{value='Visit105'}":[2023,10,4,9,0],"JobId{value='Visit144'}":[2023,10,4,11,33,29],"JobId{value='Visit100'}":[2023,10,4,15,10,42],"JobId{value='Visit80'}":[2023,10,4,15,21,20],"JobId{value='Visit165'}":[2023,10,4,12,58,52],"JobId{value='Visit84'}":[2023,10,4,11,52,8],"JobId{value='Visit120'}":[2023,10,4,17,26,54],"JobId{value='Visit171'}":[2023,10,4,13,15,2],"JobId{value='Visit55'}":[2023,10,4,10,45,18],"JobId{value='Visit119'}":[2023,10,4,14,55,54],"JobId{value='Visit34'}":[2023,10,4,13,57,3],"JobId{value='Visit12'}":[2023,10,4,16,21,23],"JobId{value='Visit54'}":[2023,10,4,11,14,15],"JobId{value='Visit10'}":[2023,10,4,15,52,42],"JobId{value='Visit15'}":[2023,10,4,9,56,7],"JobId{value='Visit137'}":[2023,10,4,11,1,11],"JobId{value='Visit115'}":[2023,10,4,14,27,11],"JobId{value='Visit177'}":[2023,10,4,10,12,21],"JobId{value='Visit91'}":[2023,10,4,13,26,40],"JobId{value='Visit133'}":[2023,10,4,16,51,34],"JobId{value='Visit176'}":[2023,10,4,12,45,34],"JobId{value='Visit113'}":[2023,10,4,12,7,11],"JobId{value='Visit150'}":[2023,10,4,9,18,54],"JobId{value='Visit74'}":[2023,10,4,13,46,49],"JobId{value='Visit30'}":[2023,10,4,14,14,48],"JobId{value='Visit52'}":[2023,10,4,17,3,55],"JobId{value='Visit93'}":[2023,10,4,16,6,23],"JobId{value='Visit174'}":[2023,10,4,17,43],"JobId{value='Visit160'}":[2023,10,4,15,35,22]},"VehicleId{value='vehicle-4'}":{"JobId{value='Visit99'}":[2023,10,4,9,23,12],"JobId{value='Visit33'}":[2023,10,4,13,35,1],"JobId{value='Visit45'}":[2023,10,4,9,0],"JobId{value='Visit53'}":[2023,10,4,14,36,51],"JobId{value='Visit97'}":[2023,10,4,15,5,16],"JobId{value='Visit148'}":[2023,10,4,10,29,39],"JobId{value='Visit26'}":[2023,10,4,15,20,35],"JobId{value='Visit169'}":[2023,10,4,17,41,5],"JobId{value='Visit57'}":[2023,10,4,14,22,16],"JobId{value='Visit127'}":[2023,10,4,11,22,2],"JobId{value='Visit14'}":[2023,10,4,14,51,10],"JobId{value='Visit154'}":[2023,10,4,13,3,42],"JobId{value='Visit179'}":[2023,10,4,10,15,19],"JobId{value='Visit146'}":[2023,10,4,15,34,42],"JobId{value='Visit162'}":[2023,10,4,11,8,16],"JobId{value='Visit62'}":[2023,10,4,15,55,19],"JobId{value='Visit85'}":[2023,10,4,16,55,43],"JobId{value='Visit82'}":[2023,10,4,9,39,57],"JobId{value='Visit175'}":[2023,10,4,16,19,22],"JobId{value='Visit196'}":[2023,10,4,10,50,13],"JobId{value='Visit61'}":[2023,10,4,13,51,26],"JobId{value='Visit192'}":[2023,10,4,12,17,47],"JobId{value='Visit2'}":[2023,10,4,14,5,40],"JobId{value='Visit29'}":[2023,10,4,17,19,48]}},"meanworkingShift":33626.6},"VisualAttractivenessAnalysisResult":{"meanDistanceToGeographicCenter":{"VehicleId{value='vehicle-0'}":3229.2550196506277,"VehicleId{value='vehicle-1'}":3317.160765352297,"VehicleId{value='vehicle-2'}":2878.2672004950373,"VehicleId{value='vehicle-3'}":3260.8581402705627,"VehicleId{value='vehicle-4'}":3776.338140922333},