{"WorkingShiftAnalysisResult":{"totalWaitingTimeSeconds":20590.000000000,"workingShiftOfEachDriver":{"VehicleId{value='vehicle-13'}":2057.000000000,"VehicleId{value='vehicle-14'}":15193.000000000,"VehicleId{value='vehicle-12'}":23126.000000000,"VehicleId{value='vehicle-17'}":31014.000000000,"VehicleId{value='vehicle-6'}":23812.000000000,"VehicleId{value='vehicle-8'}":4233.000000000,"VehicleId{value='vehicle-9'}":3960.000000000,"VehicleId{value='vehicle-3'}":1039.000000000,"VehicleId{value='vehicle-10'}":15213.000000000},"stddevWorkingShifts":11035.534541878795,"shortestWorkingShift":{"VehicleId{value='vehicle-3'}":1039.000000000},"longestWorkingShift":{"VehicleId{value='vehicle-17'}":31014.000000000},"visitsTimeWindowWrong":{"VehicleId{value='vehicle-13'}":{},"VehicleId{value='vehicle-14'}":{"JobId{value='Visit95'}":[2023,10,4,9,0]},"VehicleId{value='vehicle-12'}":{"JobId{value='Visit82'}":[2023,10,4,14,51,14]},"VehicleId{value='vehicle-17'}":{"JobId{value='Visit86'}":[2023,10,4,13,51,44],"JobId{value='Visit8'}":[2023,10,4,18,3,2],"JobId{value='Visit76'}":[2023,10,4,19,5,49],"JobId{value='Visit48'}":[2023,10,4,14,12,56],"JobId{value='Visit27'}":[2023,10,4,15,54],"JobId{value='Visit24'}":[2023,10,4,15,3,18],"JobId{value='Visit25'}":[2023,10,4,10,15,28],"JobId{value='Visit58'}":[2023,10,4,17,50,17],"JobId{value='Visit5'}":[2023,10,4,18,47,38],"JobId{value='Visit52'}":[2023,10,4,18,16,49],"JobId{value='Visit30'}":[2023,10,4,18,31,46]},"VehicleId{value='vehicle-6'}":{"JobId{value='Visit18'}":[2023,10,4,10,58,18],"JobId{value='Visit41'}":[2023,10,4,13,15]},"VehicleId{value='vehicle-8'}":{},"VehicleId{value='vehicle-9'}":{"JobId{value='Visit33'}":[2023,10,4,9,0]},"VehicleId{value='vehicle-3'}":{},"VehicleId{value='vehicle-10'}":{"JobId{value='Visit57'}":[2023,10,4,11,24,48],"JobId{value='Visit14'}":[2023,10,4,11,0,5]}},"meanworkingShift":13294.111111111111},"VisualAttractivenessAnalysisResult":{"meanDistanceToGeographicCenter":{"VehicleId{value='vehicle-13'}":524.0367139456449,"VehicleId{value='vehicle-14'}":1084.2614015826957,"VehicleId{value='vehicle-12'}":2552.4530960463635,"VehicleId{value='vehicle-17'}":3127.4200105404498,"VehicleId{value='vehicle-6'}":2224.4617544120165,"VehicleId{value='vehicle-8'}":1011.9283890382217,"VehicleId{value='vehicle-9'}":617.1201733839966,"VehicleId{value='vehicle-3'}":360.21336731403625,"VehicleId{value='vehicle-10'}":2215.439846635876},"outliersTTBetweenStops":{"VehicleId{value='vehicle-13'}":[],"VehicleId{value='vehicle-14'}":[],"VehicleId{value='vehicle-12'}":[659.000000000],"VehicleId{value='vehicle-17'}":[32.000000000,780.000000000,753.000000000],"VehicleId{value='vehicle-6'}":[10.000000000,698.000000000],"VehicleId{value='vehicle-8'}":[],"VehicleId{value='vehicle-9'}":[],"VehicleId{value='vehicle-3'}":[],"VehicleId{value='vehicle-10'}":[1044.000000000]},"meanTravelTimeBetweenStops":{"VehicleId{value='vehicle-13'}":285.000000000,"VehicleId{value='vehicle-14'}":268.000000000,"VehicleId{value='vehicle-12'}":335.000000000,"VehicleId{value='vehicle-17'}":387.000000000,"VehicleId{value='vehicle-6'}":354.000000000,"VehicleId{value='vehicle-8'}":366.000000000,"VehicleId{value='vehicle-9'}":312.000000000,"VehicleId{value='vehicle-3'}":219.000000000,"VehicleId{value='vehicle-10'}":435.000000000},"convexHullList":{"VehicleId{value='vehicle-13'}":[{"latitude":50.8934131,"longitude":4.3219764},{"latitude":50.8841138,"longitude":4.3361536}],"VehicleId{value='vehicle-14'}":[{"latitude":50.8673167,"longitude":4.3727159},{"latitude":50.866238,"longitude":4.3735823},{"latitude":50.8749812,"longitude":4.3973389}],"VehicleId{value='vehicle-12'}":[{"latitude":50.8080834,"longitude":4.3188252},{"latitude":50.804609,"longitude":4.3310294},{"latitude":50.818719,"longitude":4.3786996}],"VehicleId{value='vehicle-17'}":[{"latitude":50.8032191,"longitude":4.3165747},{"latitude":50.7967484,"longitude":4.3208371},{"latitude":50.8057559,"longitude":4.4339834}],"VehicleId{value='vehicle-6'}":[{"latitude":50.8146794,"longitude":4.3384143},{"latitude":50.792344,"longitude":4.3671204},{"latitude":50.8065081,"longitude":4.39697}],"VehicleId{value='vehicle-8'}":[{"latitude":50.8279831,"longitude":4.2819292},{"latitude":50.828096,"longitude":4.3038157}],"VehicleId{value='vehicle-9'}":[{"latitude":50.8517081,"longitude":4.3945694},{"latitude":50.851383,"longitude":4.4003916},{"latitude":50.852648,"longitude":4.4087143}],"VehicleId{value='vehicle-3'}":[{"latitude":50.8275457,"longitude":4.2862448},{"latitude":50.8259798,"longitude":4.2975169}],"VehicleId{value='vehicle-10'}":[{"latitude":50.8367773,"longitude":4.3906712},{"latitude":50.8115086,"longitude":4.4351407}]},"visitsCloserToOtherCenterOfGravity":[[[],[]],[["Visit37","Visit55","Visit54","Visit54","Visit75","Visit75","Visit14","Visit90"],["vehicle-9","vehicle-9","vehicle-14","vehicle-9","vehicle-14","vehicle-9","vehicle-9","vehicle-9"]],[[],[]],[[],[]],[[],[]],[["2a86c3c4-603e-4d2c-a195-f866be985347","Visit4","Visit53","Visit42","Visit42","Visit62","Visit62","Visit7","Visit7","Visit25","Visit51","Visit78","Visit88","Visit88","Visit36","Visit36","Visit44","Visit44","Visit86","Visit71","Visit34","Visit27","Visit8","Visit52","Visit30","Visit5","Visit5","Visit76","960a2c26-8c7a-4c63-b149-a9eb179997d5"],["vehicle-12","vehicle-12","vehicle-12","vehicle-6","vehicle-12","vehicle-6","vehicle-12","vehicle-6","vehicle-12","vehicle-6","vehicle-6","vehicle-6","vehicle-9","vehicle-6","vehicle-9","vehicle-6","vehicle-9","vehicle-6","vehicle-9","vehicle-9","vehicle-9","vehicle-12","vehicle-6","vehicle-6","vehicle-6","vehicle-6","vehicle-12","vehicle-12","vehicle-12"]],[[],[]],[["Visit13","Visit9","Visit18","Visit41","Visit70","Visit43"],["vehicle-12","vehicle-12","vehicle-12","vehicle-12","vehicle-12","vehicle-12"]],[[],[]]],"meanDistanceToConvexHull":{"VehicleId{value='vehicle-13'}":197.64712469737833,"VehicleId{value='vehicle-14'}":61.728647034964574,"VehicleId{value='vehicle-12'}":930.140824474283,"VehicleId{value='vehicle-17'}":2062.5150027213704,"VehicleId{value='vehicle-6'}":1339.7701981435969,"VehicleId{value='vehicle-8'}":1440.89778986113,"VehicleId{value='vehicle-9'}":248.1180453965651,"VehicleId{value='vehicle-3'}":0.0,"VehicleId{value='vehicle-10'}":2548.1626954387157}},"CargoAnalysisResult":{"totalLoadKgs":null,"totalLoadVolume":null,"biggestLoad":null,"biggestLoadVolume":null,"smallestLoad":null,"smallestLoadVolume":null,"meanLoad":0.0,"meanLoadVolume":0.0,"stdDevLoad":null,"maxRelativeLoad":null},"RouteCompositionAnalysisResult":{"numberOfRoutes":9,"stopsLongestRoute":32,"stopsShortestRoute":2,"meanStops":12.11111111111111,"stdDevStops":10.54560934907082,"totalDistanceMeters":233612,"unassignedJobs":[],"failureRate":0.0,"runTime":1539}}