{"WorkingShiftAnalysisResult":{"totalWaitingTimeSeconds":135960.000000000,"workingShiftOfEachDriver":{"VehicleId{value='vehicle-6'}":23806.000000000,"VehicleId{value='vehicle-7'}":32795.000000000,"VehicleId{value='vehicle-9'}":2958.000000000,"VehicleId{value='vehicle-3'}":32122.000000000,"VehicleId{value='vehicle-5'}":28946.000000000,"VehicleId{value='vehicle-13'}":899.000000000,"VehicleId{value='vehicle-14'}":33906.000000000,"VehicleId{value='vehicle-0'}":4403.000000000,"VehicleId{value='vehicle-1'}":32771.000000000,"VehicleId{value='vehicle-12'}":33239.000000000,"VehicleId{value='vehicle-17'}":31789.000000000,"VehicleId{value='vehicle-18'}":31856.000000000,"VehicleId{value='vehicle-15'}":32199.000000000,"VehicleId{value='vehicle-16'}":776.000000000},"stddevWorkingShifts":13880.20123718008,"shortestWorkingShift":{"VehicleId{value='vehicle-16'}":776.000000000},"longestWorkingShift":{"VehicleId{value='vehicle-14'}":33906.000000000},"visitsTimeWindowWrong":{"VehicleId{value='vehicle-6'}":{"JobId{value='Visit33'}":[2023,10,4,13,41,10],"JobId{value='Visit129'}":[2023,10,4,13,15],"JobId{value='Visit45'}":[2023,10,4,15,28,39],"JobId{value='Visit20'}":[2023,10,4,14,28,9],"JobId{value='Visit10'}":[2023,10,4,14,53,30],"JobId{value='Visit21'}":[2023,10,4,16,10,38],"JobId{value='Visit159'}":[2023,10,4,15,57,53],"JobId{value='Visit103'}":[2023,10,4,15,42,58],"JobId{value='Visit106'}":[2023,10,4,9,0],"JobId{value='Visit46'}":[2023,10,4,13,54,50],"JobId{value='Visit190'}":[2023,10,4,15,6,43],"JobId{value='Visit181'}":[2023,10,4,14,10,24],"JobId{value='Visit6'}":[2023,10,4,16,34,40]},"VehicleId{value='vehicle-7'}":{"JobId{value='Visit53'}":[2023,10,4,13,42,18],"JobId{value='Visit27'}":[2023,10,4,16,43,27],"JobId{value='Visit128'}":[2023,10,4,15,30,2],"JobId{value='Visit166'}":[2023,10,4,13,54,32],"JobId{value='Visit198'}":[2023,10,4,13,29,45],"JobId{value='Visit176'}":[2023,10,4,17,23,16],"JobId{value='Visit123'}":[2023,10,4,15,45,19],"JobId{value='Visit162'}":[2023,10,4,15,57,52],"JobId{value='Visit62'}":[2023,10,4,16,25,49],"JobId{value='Visit197'}":[2023,10,4,9,0],"JobId{value='Visit186'}":[2023,10,4,13,15],"JobId{value='Visit174'}":[2023,10,4,14,23,34],"JobId{value='Visit3'}":[2023,10,4,14,10,5]},"VehicleId{value='vehicle-9'}":{"JobId{value='Visit12'}":[2023,10,4,13,38,21],"JobId{value='Visit58'}":[2023,10,4,13,27,9],"JobId{value='Visit92'}":[2023,10,4,13,15],"JobId{value='Visit72'}":[2023,10,4,9,0]},"VehicleId{value='vehicle-3'}":{"JobId{value='Visit66'}":[2023,10,4,9,0],"JobId{value='Visit148'}":[2023,10,4,16,26,54],"JobId{value='Visit147'}":[2023,10,4,13,30,9],"JobId{value='Visit57'}":[2023,10,4,16,9,47],"JobId{value='Visit149'}":[2023,10,4,13,43,38],"JobId{value='Visit127'}":[2023,10,4,16,52,23],"JobId{value='Visit199'}":[2023,10,4,14,48,26],"JobId{value='Visit187'}":[2023,10,4,13,57,52],"JobId{value='Visit113'}":[2023,10,4,15,11,31],"JobId{value='Visit124'}":[2023,10,4,15,39,15],"JobId{value='Visit112'}":[2023,10,4,14,23,41],"JobId{value='Visit90'}":[2023,10,4,16,39,52],"JobId{value='Visit141'}":[2023,10,4,14,58,54],"JobId{value='Visit170'}":[2023,10,4,15,26,5],"JobId{value='Visit19'}":[2023,10,4,15,56,53],"JobId{value='Visit18'}":[2023,10,4,14,11,52]},"VehicleId{value='vehicle-5'}":{"JobId{value='Visit89'}":[2023,10,4,15,20,25],"JobId{value='Visit23'}":[2023,10,4,16,40,26],"JobId{value='Visit97'}":[2023,10,4,15,7,13],"JobId{value='Visit26'}":[2023,10,4,14,16,34],"JobId{value='Visit125'}":[2023,10,4,15,47,58],"JobId{value='Visit68'}":[2023,10,4,14,31,31],"JobId{value='Visit69'}":[2023,10,4,14,0,7],"JobId{value='Visit154'}":[2023,10,4,13,44,55],"JobId{value='Visit157'}":[2023,10,4,16,28,36],"JobId{value='Visit178'}":[2023,10,4,9,0],"JobId{value='Visit74'}":[2023,10,4,16,3,53],"JobId{value='Visit131'}":[2023,10,4,13,30,8],"JobId{value='Visit160'}":[2023,10,4,14,49,44]},"VehicleId{value='vehicle-13'}":{"JobId{value='Visit67'}":[2023,10,4,9,0]},"VehicleId{value='vehicle-14'}":{"JobId{value='Visit107'}":[2023,10,4,13,54,12],"JobId{value='Visit75'}":[2023,10,4,14,15,3],"JobId{value='Visit182'}":[2023,10,4,15,30,50],"JobId{value='Visit137'}":[2023,10,4,13,40,27],"JobId{value='Visit13'}":[2023,10,4,15,51,48],"JobId{value='Visit138'}":[2023,10,4,14,33,8],"JobId{value='Visit146'}":[2023,10,4,17,29,13],"JobId{value='Visit40'}":[2023,10,4,17,41,15],"JobId{value='Visit52'}":[2023,10,4,9,0],"JobId{value='Visit82'}":[2023,10,4,14,47,28]},"VehicleId{value='vehicle-0'}":{"JobId{value='Visit48'}":[2023,10,4,13,15],"JobId{value='Visit4'}":[2023,10,4,13,28,22],"JobId{value='Visit122'}":[2023,10,4,13,56,44]},"VehicleId{value='vehicle-1'}":{"JobId{value='Visit180'}":[2023,10,4,15,8,34],"JobId{value='Visit77'}":[2023,10,4,15,22,57],"JobId{value='Visit64'}":[2023,10,4,14,52,57],"JobId{value='Visit38'}":[2023,10,4,15,39,26],"JobId{value='Visit80'}":[2023,10,4,16,6,46],"JobId{value='Visit168'}":[2023,10,4,9,0],"JobId{value='Visit102'}":[2023,10,4,13,15],"JobId{value='Visit29'}":[2023,10,4,15,54,56],"JobId{value='Visit172'}":[2023,10,4,14,33,13],"JobId{value='Visit83'}":[2023,10,4,13,31,48],"JobId{value='Visit61'}":[2023,10,4,13,45,52]},"VehicleId{value='vehicle-12'}":{"JobId{value='Visit118'}":[2023,10,4,15,7,12],"JobId{value='Visit31'}":[2023,10,4,16,40,8],"JobId{value='Visit126'}":[2023,10,4,17,21,50],"JobId{value='Visit59'}":[2023,10,4,17,34,58],"JobId{value='Visit136'}":[2023,10,4,16,11,17],"JobId{value='Visit79'}":[2023,10,4,15,31,59],"JobId{value='Visit144'}":[2023,10,4,17,0,36],"JobId{value='Visit132'}":[2023,10,4,9,0],"JobId{value='Visit143'}":[2023,10,4,13,15],"JobId{value='Visit110'}":[2023,10,4,14,22,57],"JobId{value='Visit121'}":[2023,10,4,16,24,57],"JobId{value='Visit134'}":[2023,10,4,13,51,12],"JobId{value='Visit156'}":[2023,10,4,15,55,31],"JobId{value='Visit96'}":[2023,10,4,14,11,1],"JobId{value='Visit175'}":[2023,10,4,14,51,17],"JobId{value='Visit2'}":[2023,10,4,15,44,19]},"VehicleId{value='vehicle-17'}":{"JobId{value='Visit44'}":[2023,10,4,14,30,40],"JobId{value='Visit111'}":[2023,10,4,13,30,35],"JobId{value='Visit133'}":[2023,10,4,14,3,38],"JobId{value='Visit1'}":[2023,10,4,13,45,58],"JobId{value='Visit153'}":[2023,10,4,15,0,9],"JobId{value='Visit152'}":[2023,10,4,9,0],"JobId{value='Visit185'}":[2023,10,4,14,18,4]},"VehicleId{value='vehicle-18'}":{"JobId{value='Visit22'}":[2023,10,4,15,27,31],"JobId{value='Visit56'}":[2023,10,4,15,48,37],"JobId{value='Visit15'}":[2023,10,4,15,8],"JobId{value='Visit114'}":[2023,10,4,16,1,1],"JobId{value='Visit36'}":[2023,10,4,9,0],"JobId{value='Visit25'}":[2023,10,4,17,9,47],"JobId{value='Visit165'}":[2023,10,4,13,15],"JobId{value='Visit189'}":[2023,10,4,16,45,51],"JobId{value='Visit95'}":[2023,10,4,16,56,6],"JobId{value='Visit60'}":[2023,10,4,13,28,6],"JobId{value='Visit120'}":[2023,10,4,16,31,53],"JobId{value='Visit196'}":[2023,10,4,16,16,54],"JobId{value='Visit193'}":[2023,10,4,17,37,1],"JobId{value='Visit7'}":[2023,10,4,14,32,11]},"VehicleId{value='vehicle-15'}":{"JobId{value='Visit88'}":[2023,10,4,14,34,9],"JobId{value='Visit42'}":[2023,10,4,14,14,48],"JobId{value='Visit158'}":[2023,10,4,15,16,35],"JobId{value='Visit117'}":[2023,10,4,16,31,26],"JobId{value='Visit105'}":[2023,10,4,15,52,49],"JobId{value='Visit70'}":[2023,10,4,16,51,38],"JobId{value='Visit135'}":[2023,10,4,13,39,46],"JobId{value='Visit17'}":[2023,10,4,16,7,11],"JobId{value='Visit195'}":[2023,10,4,15,30,3],"JobId{value='Visit161'}":[2023,10,4,9,0],"JobId{value='Visit164'}":[2023,10,4,15,1,41]},"VehicleId{value='vehicle-16'}":{}},"meanworkingShift":23033.214285714286},"VisualAttractivenessAnalysisResult":{"meanDistanceToGeographicCenter":{"VehicleId{value='vehicle-6'}":2926.137091742528,"VehicleId{value='vehicle-7'}":2077.003444556378,"VehicleId{value='vehicle-9'}":248.5259792651434,"VehicleId{value='vehicle-3'}":2120.84638891404,"VehicleId{value='vehicle-5'}":1636.4711232205573,"VehicleId{value='vehicle-13'}":301.9244913804161,"VehicleId{value='vehicle-14'}":3055.539729302555,"VehicleId{value='vehicle-0'}":850.4788165975253,