{"WorkingShiftAnalysisResult":{"totalWaitingTimeSeconds":19854.000000000,"workingShiftOfEachDriver":{"VehicleId{value='vehicle-1'}":9394.000000000,"VehicleId{value='vehicle-7'}":34634.000000000,"VehicleId{value='vehicle-8'}":32529.000000000,"VehicleId{value='vehicle-9'}":21713.000000000,"VehicleId{value='vehicle-3'}":4523.000000000,"VehicleId{value='vehicle-5'}":7479.000000000},"stddevWorkingShifts":13168.842348513403,"shortestWorkingShift":{"VehicleId{value='vehicle-3'}":4523.000000000},"longestWorkingShift":{"VehicleId{value='vehicle-7'}":34634.000000000},"visitsTimeWindowWrong":{"VehicleId{value='vehicle-1'}":{"JobId{value='Visit13'}":[2023,10,4,13,28,22]},"VehicleId{value='vehicle-7'}":{"JobId{value='Visit11'}":[2023,10,4,19,43,14],"JobId{value='Visit78'}":[2023,10,4,20,50,57],"JobId{value='Visit56'}":[2023,10,4,21,15,44],"JobId{value='Visit23'}":[2023,10,4,22,26,32],"JobId{value='Visit42'}":[2023,10,4,19,29,46],"JobId{value='Visit20'}":[2023,10,4,20,37,37],"JobId{value='Visit76'}":[2023,10,4,13,47,24],"JobId{value='Visit65'}":[2023,10,4,14,14,34],"JobId{value='Visit10'}":[2023,10,4,17,54,51],"JobId{value='Visit54'}":[2023,10,4,18,29,10],"JobId{value='Visit32'}":[2023,10,4,22,39,57],"JobId{value='Visit15'}":[2023,10,4,18,44,26],"JobId{value='Visit27'}":[2023,10,4,23,15,40],"JobId{value='Visit58'}":[2023,10,4,18,10,55],"JobId{value='Visit14'}":[2023,10,4,20,20,3],"JobId{value='Visit47'}":[2023,10,4,22,10,14],"JobId{value='Visit36'}":[2023,10,4,22,55,58],"JobId{value='Visit84'}":[2023,10,4,20,6,36],"JobId{value='Visit63'}":[2023,10,4,19,14,49],"JobId{value='Visit96'}":[2023,10,4,21,2,15],"JobId{value='Visit82'}":[2023,10,4,13,15],"JobId{value='Visit94'}":[2023,10,4,14,26,19],"JobId{value='Visit72'}":[2023,10,4,21,38,55],"JobId{value='Visit1'}":[2023,10,4,21,55,59]},"VehicleId{value='vehicle-8'}":{"JobId{value='Visit22'}":[2023,10,4,17,51,51],"JobId{value='Visit45'}":[2023,10,4,18,9,6],"JobId{value='Visit67'}":[2023,10,4,18,24,23],"JobId{value='Visit98'}":[2023,10,4,14,6,5],"JobId{value='Visit26'}":[2023,10,4,19,24,19],"JobId{value='Visit49'}":[2023,10,4,19,6,9],"JobId{value='Visit91'}":[2023,10,4,13,15],"JobId{value='Visit70'}":[2023,10,4,13,50,38],"JobId{value='Visit81'}":[2023,10,4,19,36,21],"JobId{value='Visit52'}":[2023,10,4,20,23,35],"JobId{value='Visit61'}":[2023,10,4,20,9,56],"JobId{value='Visit9'}":[2023,10,4,18,43,25],"JobId{value='Visit19'}":[2023,10,4,14,24,36],"JobId{value='Visit18'}":[2023,10,4,19,54,49]},"VehicleId{value='vehicle-9'}":{"JobId{value='Visit34'}":[2023,10,4,9,43,43],"JobId{value='Visit90'}":[2023,10,4,13,15]},"VehicleId{value='vehicle-3'}":{"JobId{value='Visit75'}":[2023,10,4,9,0]},"VehicleId{value='vehicle-5'}":{"JobId{value='Visit44'}":[2023,10,4,13,33,38]}},"meanworkingShift":18378.666666666668},"VisualAttractivenessAnalysisResult":{"meanDistanceToGeographicCenter":{"VehicleId{value='vehicle-1'}":1604.254159137701,"VehicleId{value='vehicle-7'}":3594.2844195575653,"VehicleId{value='vehicle-8'}":3076.170164491147,"VehicleId{value='vehicle-9'}":2381.929428394106,"VehicleId{value='vehicle-3'}":549.675729798358,"VehicleId{value='vehicle-5'}":1576.8964834075143},"outliersTTBetweenStops":{"VehicleId{value='vehicle-1'}":[],"VehicleId{value='vehicle-7'}":[1030.000000000,802.000000000,791.000000000],"VehicleId{value='vehicle-8'}":[722.000000000,780.000000000,764.000000000],"VehicleId{value='vehicle-9'}":[674.000000000],"VehicleId{value='vehicle-3'}":[],"VehicleId{value='vehicle-5'}":[]},"meanTravelTimeBetweenStops":{"VehicleId{value='vehicle-1'}":399.000000000,"VehicleId{value='vehicle-7'}":352.000000000,"VehicleId{value='vehicle-8'}":383.000000000,"VehicleId{value='vehicle-9'}":323.000000000,"VehicleId{value='vehicle-3'}":201.000000000,"VehicleId{value='vehicle-5'}":297.000000000},"convexHullList":{"VehicleId{value='vehicle-1'}":[{"latitude":50.8338578,"longitude":4.3724429},{"latitude":50.8115271,"longitude":4.4156738},{"latitude":50.8380944,"longitude":4.4284778}],"VehicleId{value='vehicle-7'}":[{"latitude":50.8138938,"longitude":4.3268504},{"latitude":50.7952835,"longitude":4.3733612},{"latitude":50.8265712,"longitude":4.4028441}],"VehicleId{value='vehicle-8'}":[{"latitude":50.8344352,"longitude":4.3067171},{"latitude":50.7994539,"longitude":4.3198839},{"latitude":50.7999489,"longitude":4.3599142}],"VehicleId{value='vehicle-9'}":[{"latitude":50.8583425,"longitude":4.2844443},{"latitude":50.8525388,"longitude":4.3043787},{"latitude":50.8731321,"longitude":4.3536929}],"VehicleId{value='vehicle-3'}":[{"latitude":50.8545428,"longitude":4.3701157},{"latitude":50.8546774,"longitude":4.3755692}],"VehicleId{value='vehicle-5'}":[{"latitude":50.7963055,"longitude":4.3419151},{"latitude":50.7954452,"longitude":4.3618439}]},"visitsCloserToOtherCenterOfGravity":[[[],[]],[["57c0f581-3bb1-4d11-9e44-f25bdcca2ce6","4427a6a3-7a40-463d-9e21-2bc9c045ca6f"],["vehicle-8","vehicle-8"]],[["Visit48","Visit80","Visit8","Visit82","Visit76","Visit65","Visit94","Visit94","Visit50","Visit66","Visit66","Visit39","Visit39","Visit62","Visit62","Visit7","Visit7","Visit7","Visit10","Visit10","Visit10","Visit58","Visit58","Visit58","Visit54","Visit54","Visit54","Visit15","Visit15","Visit15","Visit85","Visit85","Visit85","Visit63","Visit63","Visit63","Visit42","Visit42","Visit42","Visit20","Visit56","Visit72","Visit1","Visit47","Visit23","Visit32"],["vehicle-3","vehicle-3","vehicle-3","vehicle-3","vehicle-8","vehicle-8","vehicle-1","vehicle-8","vehicle-8","vehicle-1","vehicle-8","vehicle-1","vehicle-8","vehicle-1","vehicle-8","vehicle-1","vehicle-8","vehicle-3","vehicle-1","vehicle-8","vehicle-3","vehicle-1","vehicle-8","vehicle-3","vehicle-1","vehicle-8","vehicle-3","vehicle-1","vehicle-8","vehicle-3","vehicle-1","vehicle-8","vehicle-3","vehicle-1","vehicle-8","vehicle-3","vehicle-1","vehicle-8","vehicle-3","vehicle-3","vehicle-8","vehicle-8","vehicle-8","vehicle-8","vehicle-8","vehicle-8"]],[["Visit64","Visit29"],["vehicle-3","vehicle-8"]],[["Visit69","Visit51","Visit91","Visit53","Visit70","Visit98","Visit19","Visit93","Visit40","Visit24"],["vehicle-3","vehicle-3","vehicle-3","vehicle-3","vehicle-3","vehicle-3","vehicle-3","vehicle-3","vehicle-3","vehicle-3"]],[[],[]]],"meanDistanceToConvexHull":{"VehicleId{value='vehicle-1'}":1733.09412132932,"VehicleId{value='vehicle-7'}":1831.7774858463454,"VehicleId{value='vehicle-8'}":2102.6534503186117,"VehicleId{value='vehicle-9'}":1105.4761717726608,"VehicleId{value='vehicle-3'}":117.8416700104718,"VehicleId{value='vehicle-5'}":722.0482114105106}},"CargoAnalysisResult":{"totalLoadKgs":null,"totalLoadVolume":null,"biggestLoad":null,"biggestLoadVolume":null,"smallestLoad":null,"smallestLoadVolume":null,"meanLoad":0.0,"meanLoadVolume":0.0,"stdDevLoad":null,"maxRelativeLoad":null},"RouteCompositionAnalysisResult":{"numberOfRoutes":6,"stopsLongestRoute":37,"stopsShortestRoute":4,"meanStops":16.5,"stdDevStops":11.206396982676159,"totalDistanceMeters":225991,"unassignedJobs":[{"value":"Visit92"},{"value":"Visit25"},{"value":"Visit79"},{"value":"Visit4"},{"value":"Visit21"},{"value":"Visit6"},{"value":"Visit99"}],"failureRate":0.0660377358490566,"runTime":1998}}