{"WorkingShiftAnalysisResult":{"totalWaitingTimeSeconds":15591.000000000,"workingShiftOfEachDriver":{"VehicleId{value='vehicle-0'}":35141.000000000,"VehicleId{value='vehicle-7'}":3918.000000000,"VehicleId{value='vehicle-8'}":33380.000000000,"VehicleId{value='vehicle-2'}":34798.000000000,"VehicleId{value='vehicle-3'}":34102.000000000,"VehicleId{value='vehicle-4'}":31289.000000000,"VehicleId{value='vehicle-5'}":34413.000000000},"stddevWorkingShifts":11386.084284482235,"shortestWorkingShift":{"VehicleId{value='vehicle-7'}":3918.000000000},"longestWorkingShift":{"VehicleId{value='vehicle-0'}":35141.000000000},"visitsTimeWindowWrong":{"VehicleId{value='vehicle-0'}":{},"VehicleId{value='vehicle-7'}":{},"VehicleId{value='vehicle-8'}":{},"VehicleId{value='vehicle-2'}":{"JobId{value='Visit193'}":[2023,10,4,12,31,10],"JobId{value='Visit87'}":[2023,10,4,16,5,33],"JobId{value='Visit6'}":[2023,10,4,11,10,29],"JobId{value='Visit187'}":[2023,10,4,11,50,6],"JobId{value='Visit81'}":[2023,10,4,16,23,6]},"VehicleId{value='vehicle-3'}":{},"VehicleId{value='vehicle-4'}":{},"VehicleId{value='vehicle-5'}":{"JobId{value='Visit1'}":[2023,10,4,17,36,12],"JobId{value='Visit120'}":[2023,10,4,9,26,36]}},"meanworkingShift":29577.285714285714},"VisualAttractivenessAnalysisResult":{"meanDistanceToGeographicCenter":{"VehicleId{value='vehicle-0'}":3258.5409148982294,"VehicleId{value='vehicle-7'}":891.2551210199781,"VehicleId{value='vehicle-8'}":3160.0698273462995,"VehicleId{value='vehicle-2'}":3972.180538455403,"VehicleId{value='vehicle-3'}":2985.9601427698694,"VehicleId{value='vehicle-4'}":3488.8885022818713,"VehicleId{value='vehicle-5'}":3627.6174898508707},"outliersTTBetweenStops":{"VehicleId{value='vehicle-0'}":[875.000000000],"VehicleId{value='vehicle-7'}":[],"VehicleId{value='vehicle-8'}":[802.000000000,1081.000000000,785.000000000],"VehicleId{value='vehicle-2'}":[912.000000000,1013.000000000],"VehicleId{value='vehicle-3'}":[571.000000000,734.000000000,735.000000000],"VehicleId{value='vehicle-4'}":[39.000000000,819.000000000],"VehicleId{value='vehicle-5'}":[711.000000000,721.000000000,700.000000000]},"meanTravelTimeBetweenStops":{"VehicleId{value='vehicle-0'}":350.000000000,"VehicleId{value='vehicle-7'}":303.000000000,"VehicleId{value='vehicle-8'}":343.000000000,"VehicleId{value='vehicle-2'}":366.000000000,"VehicleId{value='vehicle-3'}":267.000000000,"VehicleId{value='vehicle-4'}":428.000000000,"VehicleId{value='vehicle-5'}":344.000000000},"convexHullList":{"VehicleId{value='vehicle-0'}":[{"latitude":50.8273086,"longitude":4.2947471},{"latitude":50.8126682,"longitude":4.3852678},{"latitude":50.8368437,"longitude":4.4306198}],"VehicleId{value='vehicle-7'}":[{"latitude":50.8404893,"longitude":4.3421177},{"latitude":50.8310891,"longitude":4.3666228},{"latitude":50.8354401,"longitude":4.3666653}],"VehicleId{value='vehicle-8'}":[{"latitude":50.837606,"longitude":4.3020707},{"latitude":50.7839307,"longitude":4.3250331},{"latitude":50.8274204,"longitude":4.4611234}],"VehicleId{value='vehicle-2'}":[{"latitude":50.7930098,"longitude":4.3236349},{"latitude":50.7773531,"longitude":4.333447},{"latitude":50.8110906,"longitude":4.4267405}],"VehicleId{value='vehicle-3'}":[{"latitude":50.8126979,"longitude":4.3260001},{"latitude":50.8126104,"longitude":4.3331656},{"latitude":50.8178547,"longitude":4.3477639}],"VehicleId{value='vehicle-4'}":[{"latitude":50.8082801,"longitude":4.3161861},{"latitude":50.7932979,"longitude":4.3248686},{"latitude":50.7948251,"longitude":4.3709783}],"VehicleId{value='vehicle-5'}":[{"latitude":50.8278392,"longitude":4.2819294},{"latitude":50.7764952,"longitude":4.3686945},{"latitude":50.7905908,"longitude":4.3753604}]},"visitsCloserToOtherCenterOfGravity":[[["Route start for vehicle-5","Route start for vehicle-5","Route start for vehicle-5","Visit185","Visit185","Visit185","Visit68","Visit68","Visit68","Visit120","Visit120","Visit120","Visit32","Visit32","Visit32","Visit32","Visit32","Visit83","Visit83","Visit83","Visit83","Visit83","Visit130","Visit130","Visit130","Visit130","Visit130","Visit77","Visit77","Visit77","Visit77","Visit77","Visit62","Visit62","Visit62","Visit62","Visit62","Visit183","Visit183","Visit183","Visit183","Visit48","Visit48","Visit48","Visit92","Visit134","Visit189","Visit64","Visit152","Visit152","Visit25","Visit25","Visit25","Visit196","Visit196","Visit72","Visit4","Visit42","Visit125","Visit140","Visit111","Visit55","Visit58","Visit198","Visit85","Visit169","Visit175","Visit175","Visit144","Visit144","Visit95","Visit95","Visit98","Visit98","Visit98","Visit1","Visit1","Visit1","Visit1","Visit1","Visit148","Visit148","Visit148","Visit148","Visit148","Visit101","Visit101","Visit101","Route end for vehicle-5","Route end for vehicle-5","Route end for vehicle-5"],["vehicle-4","vehicle-2","vehicle-7","vehicle-4","vehicle-2","vehicle-7","vehicle-4","vehicle-2","vehicle-7","vehicle-4","vehicle-2","vehicle-7","vehicle-4","vehicle-2","vehicle-7","vehicle-8","vehicle-0","vehicle-4","vehicle-2","vehicle-7","vehicle-8","vehicle-0","vehicle-4","vehicle-2","vehicle-7","vehicle-8","vehicle-0","vehicle-4","vehicle-2","vehicle-7","vehicle-8","vehicle-0","vehicle-4","vehicle-2","vehicle-7","vehicle-8","vehicle-0","vehicle-4","vehicle-7","vehicle-8","vehicle-0","vehicle-7","vehicle-8","vehicle-0","vehicle-3","vehicle-3","vehicle-3","vehicle-3","vehicle-3","vehicle-0","vehicle-7","vehicle-8","vehicle-0","vehicle-3","vehicle-0","vehicle-3","vehicle-3","vehicle-3","vehicle-3","vehicle-3","vehicle-3","vehicle-3","vehicle-3","vehicle-3","vehicle-3","vehicle-3","vehicle-3","vehicle-0","vehicle-3","vehicle-0","vehicle-3","vehicle-0","vehicle-3","vehicle-8","vehicle-0","vehicle-4","vehicle-2","vehicle-7","vehicle-8","vehicle-0","vehicle-4","vehicle-2","vehicle-7","vehicle-8","vehicle-0","vehicle-4","vehicle-2","vehicle-7","vehicle-4","vehicle-2","vehicle-7"]],[["Route start for vehicle-3","Route start for vehicle-3","Route start for vehicle-3","Route start for vehicle-3","Route start for vehicle-3","Visit102","Visit102","Visit102","Visit102","Visit102","Visit24","Visit24","Visit24","Visit24","Visit24","Visit71","Visit71","Visit71","Visit71","Visit197","Visit197","Visit197","Visit154","Visit154","Visit154","Visit154","Visit154","Visit9","Visit9","Visit159","Visit159","Visit104","Visit104","Visit0","Visit59","Visit155","Visit155","Visit155","Visit155","Visit128","Visit128","Visit60","Visit60","Visit60","Visit157","Visit157","Visit157","Visit31","Visit31","Visit31","Visit31","Visit100","Visit100","Visit100","Visit100","Visit131","Visit131","Visit131","Visit131","Visit39","Visit39","Visit39","Visit39","Visit39","Visit164","Visit164","Visit164","Visit164","Route end for vehicle-3","Route end for vehicle-3","Route end for vehicle-3","Route end for vehicle-3","Route end for vehicle-3"],["vehicle-4","vehicle-2","vehicle-7","vehicle-8","vehicle-0","vehicle-4","vehicle-2","vehicle-7","vehicle-8","vehicle-0","vehicle-4","vehicle-2","vehicle-7","vehicle-8","vehicle-0","vehicle-4","vehicle-7","vehicle-8","vehicle-0","vehicle-7","vehicle-8","vehicle-0","vehicle-4","vehicle-2","vehicle-7","vehicle-8","vehicle-0","vehicle-8","vehicle-0","vehicle-8","vehicle-0","vehicle-8","vehicle-0","vehicle-0","vehicle-7","vehicle-4","vehicle-2","vehicle-7","vehicle-0","vehicle-2","vehicle-7","vehicle-4","vehicle-2","vehicle-7","vehicle-4","vehicle-2","vehicle-7","vehicle-4","vehicle-2","vehicle-7","vehicle-0","vehicle-4","vehicle-2","vehicle-7","vehicle-0","vehicle-4","vehicle-2","vehicle-7","vehicle-0","vehicle-4","vehicle-2","vehicle-7","vehicle-8","vehicle-0","vehicle-4","vehicle-2","vehicle-7","vehicle-0","vehicle-4","vehicle-2","vehicle-7","vehicle-8","vehicle-0"]],[["Route start for vehicle-4","Route start for vehicle-4","Route start for vehicle-4","Visit89","Visit89","Visit89","Visit103","Visit103","Visit103","Visit114","Visit107","Visit153","Visit28","Visit11","Visit12","Visit12","Visit34","Visit34","Visit34","Visit44","Visit44","Visit44","Visit27","Visit27","Visit27","Visit27","Visit53",