{"WorkingShiftAnalysisResult":{"totalWaitingTimeSeconds":0.0,"workingShiftOfEachDriver":{"VehicleId{value='vehicle-14'}":34697.000000000,"VehicleId{value='vehicle-17'}":29523.000000000,"VehicleId{value='vehicle-15'}":33930.000000000,"VehicleId{value='vehicle-3'}":25085.000000000,"VehicleId{value='vehicle-4'}":34207.000000000,"VehicleId{value='vehicle-5'}":30554.000000000},"stddevWorkingShifts":3721.3230980391904,"shortestWorkingShift":{"VehicleId{value='vehicle-3'}":25085.000000000},"longestWorkingShift":{"VehicleId{value='vehicle-14'}":34697.000000000},"visitsTimeWindowWrong":{"VehicleId{value='vehicle-14'}":{"JobId{value='Visit67'}":[2023,10,4,13,42,8],"JobId{value='Visit107'}":[2023,10,4,14,40,38],"JobId{value='Visit75'}":[2023,10,4,16,4,16],"JobId{value='Visit21'}":[2023,10,4,14,17,12],"JobId{value='Visit137'}":[2023,10,4,16,22,31],"JobId{value='Visit148'}":[2023,10,4,19,53,17],"JobId{value='Visit24'}":[2023,10,4,18,52,24],"JobId{value='Visit57'}":[2023,10,4,19,36,10],"JobId{value='Visit138'}":[2023,10,4,15,6,45],"JobId{value='Visit116'}":[2023,10,4,20,52,41],"JobId{value='Visit122'}":[2023,10,4,13,30,1],"JobId{value='Visit177'}":[2023,10,4,21,13,30],"JobId{value='Visit112'}":[2023,10,4,18,10,58],"JobId{value='Visit90'}":[2023,10,4,20,6,15],"JobId{value='Visit40'}":[2023,10,4,20,18,46],"JobId{value='Visit82'}":[2023,10,4,15,51,19],"JobId{value='Visit141'}":[2023,10,4,18,21,26],"JobId{value='Visit6'}":[2023,10,4,14,1,2],"JobId{value='Visit19'}":[2023,10,4,19,23,16]},"VehicleId{value='vehicle-17'}":{"JobId{value='Visit158'}":[2023,10,4,18,49,55],"JobId{value='Visit35'}":[2023,10,4,17,57,34],"JobId{value='Visit105'}":[2023,10,4,18,13,9],"JobId{value='Visit155'}":[2023,10,4,19,25,51],"JobId{value='Visit3'}":[2023,10,4,15,50,31],"JobId{value='Visit39'}":[2023,10,4,20,6,42],"JobId{value='Visit101'}":[2023,10,4,15,15,47],"JobId{value='Visit195'}":[2023,10,4,18,35,34],"JobId{value='Visit164'}":[2023,10,4,19,45,19],"JobId{value='Visit185'}":[2023,10,4,20,44,33]},"VehicleId{value='vehicle-15'}":{"JobId{value='Visit88'}":[2023,10,4,14,20,46],"JobId{value='Visit9'}":[2023,10,4,18,53,26],"JobId{value='Visit49'}":[2023,10,4,19,12,28],"JobId{value='Visit38'}":[2023,10,4,19,26,38],"JobId{value='Visit128'}":[2023,10,4,17,32,22],"JobId{value='Visit47'}":[2023,10,4,18,41,3],"JobId{value='Visit80'}":[2023,10,4,19,55,57],"JobId{value='Visit102'}":[2023,10,4,21,15,17],"JobId{value='Visit167'}":[2023,10,4,18,13,15],"JobId{value='Visit29'}":[2023,10,4,19,44,7],"JobId{value='Visit61'}":[2023,10,4,20,39,15],"JobId{value='Visit83'}":[2023,10,4,20,57,56]},"VehicleId{value='vehicle-3'}":{"JobId{value='Visit190'}":[2023,10,4,18,6,1],"JobId{value='Visit45'}":[2023,10,4,18,28,47],"JobId{value='Visit181'}":[2023,10,4,17,53,50],"JobId{value='Visit48'}":[2023,10,4,14,9,56],"JobId{value='Visit159'}":[2023,10,4,18,43,6],"JobId{value='Visit127'}":[2023,10,4,19,27,42],"JobId{value='Visit188'}":[2023,10,4,13,53,8],"JobId{value='Visit18'}":[2023,10,4,13,41,19],"JobId{value='Visit163'}":[2023,10,4,15,8,53]},"VehicleId{value='vehicle-4'}":{"JobId{value='Visit22'}":[2023,10,4,14,24,39],"JobId{value='Visit32'}":[2023,10,4,20,27,25],"JobId{value='Visit15'}":[2023,10,4,14,37,45],"JobId{value='Visit59'}":[2023,10,4,18,59,22],"JobId{value='Visit136'}":[2023,10,4,18,13,26],"JobId{value='Visit16'}":[2023,10,4,20,2,20],"JobId{value='Visit125'}":[2023,10,4,21,12,36],"JobId{value='Visit144'}":[2023,10,4,18,42,17],"JobId{value='Visit91'}":[2023,10,4,20,44,39],"JobId{value='Visit121'}":[2023,10,4,18,27,6],"JobId{value='Visit143'}":[2023,10,4,19,14,3],"JobId{value='Visit194'}":[2023,10,4,15,53,15],"JobId{value='Visit30'}":[2023,10,4,20,13,28],"JobId{value='Visit72'}":[2023,10,4,13,31,16],"JobId{value='Visit28'}":[2023,10,4,19,34,12]},"VehicleId{value='vehicle-5'}":{"JobId{value='Visit89'}":[2023,10,4,13,54,35],"JobId{value='Visit86'}":[2023,10,4,20,16,45],"JobId{value='Visit37'}":[2023,10,4,16,6,47],"JobId{value='Visit126'}":[2023,10,4,16,32,23],"JobId{value='Visit115'}":[2023,10,4,18,4,47],"JobId{value='Visit114'}":[2023,10,4,19,18,33],"JobId{value='Visit25'}":[2023,10,4,19,51,52],"JobId{value='Visit132'}":[2023,10,4,15,51,43],"JobId{value='Visit179'}":[2023,10,4,13,39,57],"JobId{value='Visit134'}":[2023,10,4,15,18,3],"JobId{value='Visit189'}":[2023,10,4,20,47,24],"JobId{value='Visit95'}":[2023,10,4,20,4,59],"JobId{value='Visit74'}":[2023,10,4,13,15],"JobId{value='Visit96'}":[2023,10,4,15,2,42],"JobId{value='Visit131'}":[2023,10,4,14,32,52],"JobId{value='Visit120'}":[2023,10,4,20,30,31],"JobId{value='Visit196'}":[2023,10,4,19,36,53],"JobId{value='Visit193'}":[2023,10,4,19,3,20]}},"meanworkingShift":31332.666666666668},"VisualAttractivenessAnalysisResult":{"meanDistanceToGeographicCenter":{"VehicleId{value='vehicle-14'}":3357.055723209992,"VehicleId{value='vehicle-17'}":3049.076385264501,"VehicleId{value='vehicle-15'}":3787.18022201369,"VehicleId{value='vehicle-3'}":3107.0208976244467,"VehicleId{value='vehicle-4'}":3788.9830012128623,"VehicleId{value='vehicle-5'}":3017.198579160648},"outliersTTBetweenStops":{"VehicleId{value='vehicle-14'}":[806.000000000,967.000000000,916.000000000],"VehicleId{value='vehicle-17'}":[750.000000000,745.000000000,714.000000000,683.000000000],"VehicleId{value='vehicle-15'}":[973.000000000],"VehicleId{value='vehicle-3'}":[628.000000000,674.000000000,766.000000000],"VehicleId{value='vehicle-4'}":[642.000000000,601.000000000,658.000000000,609.000000000],"VehicleId{value='vehicle-5'}":[757.000000000,790.000000000,830.000000000]},"meanTravelTimeBetweenStops":{"VehicleId{value='vehicle-14'}":353.000000000,"VehicleId{value='vehicle-17'}":371.000000000,"VehicleId{value='vehicle-15'}":359.000000000,"VehicleId{value='vehicle-3'}":285.000000000,"VehicleId{value='vehicle-4'}":292.000000000,"VehicleId{value='vehicle-5'}":316.000000000},"convexHullList":{"VehicleId{value='vehicle-14'}":[{"latitude":50.801858,"longitude":4.3306201},{"latitude":50.7699592,"longitude":4.3791706},{"latitude":50.8122562,"longitude":4.4326303}],"VehicleId{value='vehicle-17'}":[{"latitude":50.8184875,"longitude":4.3267328},{"latitude":50.795642,"longitude":4.4169627},{"latitude":50.8239677,"longitude":4.4726834}],"VehicleId{value='vehicle-15'}":[{"latitude":50.7846973,"longitude":4.3321369},{"latitude":50.7843244,"longitude":4.3816272},{"latitude":50.8519808,"longitude":4.4330683}],"VehicleId{value='vehicle-3'}":[{"latitude":50.8351453,"longitude":4.2913137},{"latitude":50.8208884,"longitude":4.3289162},{"latitude":50.8211736,"longitude":4.3649343}],"VehicleId{value='vehicle-4'}":[{"latitude":50.8031627,"longitude":4.3347331},{"latitude":50.8001356,"longitude":4.3918026},{"latitude":50.8061874,"longitude":4.4339556}],"VehicleId{value='vehicle-5'}":[{"latitude":50.8301266,"longitude":4.2875462},{"latitude":50.8170718,"longitude":4.3926342},{"latitude":50.8396673,"longitude":4.4290335}]},