{"WorkingShiftAnalysisResult":{"totalWaitingTimeSeconds":300.000000000,"workingShiftOfEachDriver":{"VehicleId{value='vehicle-0'}":34909.000000000,"VehicleId{value='vehicle-1'}":33241.000000000,"VehicleId{value='vehicle-2'}":34623.000000000,"VehicleId{value='vehicle-3'}":34807.000000000,"VehicleId{value='vehicle-4'}":35004.000000000},"stddevWorkingShifts":727.0398888644281,"shortestWorkingShift":{"VehicleId{value='vehicle-1'}":33241.000000000},"longestWorkingShift":{"VehicleId{value='vehicle-4'}":35004.000000000},"visitsTimeWindowWrong":{"VehicleId{value='vehicle-0'}":{"JobId{value='Visit327'}":[2023,10,4,12,18,9],"JobId{value='Visit45'}":[2023,10,4,14,45,17],"JobId{value='Visit401'}":[2023,10,4,9,26,53],"JobId{value='Visit379'}":[2023,10,4,9,54,22],"JobId{value='Visit346'}":[2023,10,4,10,22,31],"JobId{value='Visit445'}":[2023,10,4,11,36,13],"JobId{value='Visit247'}":[2023,10,4,15,47,50],"JobId{value='Visit249'}":[2023,10,4,11,55,9],"JobId{value='Visit36'}":[2023,10,4,16,45,59],"JobId{value='Visit199'}":[2023,10,4,13,34,24],"JobId{value='Visit287'}":[2023,10,4,14,10,15],"JobId{value='Visit254'}":[2023,10,4,14,21,40],"JobId{value='Visit484'}":[2023,10,4,10,5,4],"JobId{value='Visit330'}":[2023,10,4,12,47,2],"JobId{value='Visit124'}":[2023,10,4,15,30,18],"JobId{value='Visit480'}":[2023,10,4,11,3,45],"JobId{value='Visit285'}":[2023,10,4,17,5,43],"JobId{value='Visit251'}":[2023,10,4,14,58,43],"JobId{value='Visit493'}":[2023,10,4,16,23,31],"JobId{value='Visit380'}":[2023,10,4,9,0]},"VehicleId{value='vehicle-1'}":{"JobId{value='Visit316'}":[2023,10,4,15,31,12],"JobId{value='Visit129'}":[2023,10,4,17,7,26],"JobId{value='Visit209'}":[2023,10,4,9,13,59],"JobId{value='Visit64'}":[2023,10,4,16,24,21],"JobId{value='Visit202'}":[2023,10,4,10,47,6],"JobId{value='Visit235'}":[2023,10,4,15,3,34],"JobId{value='Visit238'}":[2023,10,4,12,10,20],"JobId{value='Visit447'}":[2023,10,4,16,39,17],"JobId{value='Visit347'}":[2023,10,4,12,35,39],"JobId{value='Visit144'}":[2023,10,4,11,0,43],"JobId{value='Visit341'}":[2023,10,4,14,34,39],"JobId{value='Visit498'}":[2023,10,4,15,54,11],"JobId{value='Visit84'}":[2023,10,4,9,0],"JobId{value='Visit382'}":[2023,10,4,14,47,59],"JobId{value='Visit96'}":[2023,10,4,12,49,22],"JobId{value='Visit71'}":[2023,10,4,11,39,57],"JobId{value='Visit394'}":[2023,10,4,12,22,32],"JobId{value='Visit191'}":[2023,10,4,9,42,35],"JobId{value='Visit281'}":[2023,10,4,14,18,1],"JobId{value='Visit181'}":[2023,10,4,17,32,55]},"VehicleId{value='vehicle-2'}":{"JobId{value='Visit86'}":[2023,10,4,13,43,44],"JobId{value='Visit126'}":[2023,10,4,9,53,15],"JobId{value='Visit269'}":[2023,10,4,12,8,14],"JobId{value='Visit423'}":[2023,10,4,12,26,48],"JobId{value='Visit213'}":[2023,10,4,9,30,55],"JobId{value='Visit348'}":[2023,10,4,14,6,30],"JobId{value='Visit58'}":[2023,10,4,13,11,14],"JobId{value='Visit143'}":[2023,10,4,14,35],"JobId{value='Visit132'}":[2023,10,4,17,1,30],"JobId{value='Visit277'}":[2023,10,4,15,35,37],"JobId{value='Visit354'}":[2023,10,4,16,43,31],"JobId{value='Visit371'}":[2023,10,4,15,58,48],"JobId{value='Visit63'}":[2023,10,4,14,53,34],"JobId{value='Visit252'}":[2023,10,4,9,0],"JobId{value='Visit296'}":[2023,10,4,10,13,45],"JobId{value='Visit240'}":[2023,10,4,10,52,47]},"VehicleId{value='vehicle-3'}":{"JobId{value='Visit77'}":[2023,10,4,11,20,14],"JobId{value='Visit404'}":[2023,10,4,10,3,21],"JobId{value='Visit118'}":[2023,10,4,14,2,9],"JobId{value='Visit429'}":[2023,10,4,15,41,16],"JobId{value='Visit20'}":[2023,10,4,16,12,31],"JobId{value='Visit21'}":[2023,10,4,15,9,47],"JobId{value='Visit356'}":[2023,10,4,11,50,42],"JobId{value='Visit326'}":[2023,10,4,12,54,30],"JobId{value='Visit149'}":[2023,10,4,10,23,30],"JobId{value='Visit259'}":[2023,10,4,17,1,20],"JobId{value='Visit111'}":[2023,10,4,13,29,45],"JobId{value='Visit410'}":[2023,10,4,10,46,40],"JobId{value='Visit321'}":[2023,10,4,11,5,39],"JobId{value='Visit151'}":[2023,10,4,14,36,51],"JobId{value='Visit183'}":[2023,10,4,9,17,28],"JobId{value='Visit8'}":[2023,10,4,15,54,28],"JobId{value='Visit390'}":[2023,10,4,12,16,57],"JobId{value='Visit17'}":[2023,10,4,9,0]},"VehicleId{value='vehicle-4'}":{"JobId{value='Visit108'}":[2023,10,4,14,32,26],"JobId{value='Visit279'}":[2023,10,4,9,40,36],"JobId{value='Visit334'}":[2023,10,4,13,55,18],"JobId{value='Visit246'}":[2023,10,4,15,33,38],"JobId{value='Visit125'}":[2023,10,4,16,53,58],"JobId{value='Visit117'}":[2023,10,4,10,3,56],"JobId{value='Visit243'}":[2023,10,4,13,30,30],"JobId{value='Visit177'}":[2023,10,4,14,57,12],"JobId{value='Visit451'}":[2023,10,4,9,0],"JobId{value='Visit462'}":[2023,10,4,15,12,42],"JobId{value='Visit176'}":[2023,10,4,15,58,41],"JobId{value='Visit454'}":[2023,10,4,10,48,22],"JobId{value='Visit278'}":[2023,10,4,11,50,43],"JobId{value='Visit289'}":[2023,10,4,12,5,17],"JobId{value='Visit300'}":[2023,10,4,12,24,59],"JobId{value='Visit90'}":[2023,10,4,11,20,48],"JobId{value='Visit167'}":[2023,10,4,17,9,15],"JobId{value='Visit261'}":[2023,10,4,11,4,50],"JobId{value='Visit1'}":[2023,10,4,17,38,46]}},"meanworkingShift":34516.8},"VisualAttractivenessAnalysisResult":{"meanDistanceToGeographicCenter":{"VehicleId{value='vehicle-0'}":19968.285221671744,"VehicleId{value='vehicle-1'}":45302.637091192846,"VehicleId{value='vehicle-2'}":31460.72877744595,"VehicleId{value='vehicle-3'}":34160.21759877343,"VehicleId{value='vehicle-4'}":21344.918172730147},"outliersTTBetweenStops":{"VehicleId{value='vehicle-0'}":[2242.000000000,2813.000000000],"VehicleId{value='vehicle-1'}":[3271.000000000,4719.000000000],"VehicleId{value='vehicle-2'}":[3927.000000000,4171.000000000],"VehicleId{value='vehicle-3'}":[3917.000000000],"VehicleId{value='vehicle-4'}":[2717.000000000]},"meanTravelTimeBetweenStops":{"VehicleId{value='vehicle-0'}":1014.000000000,"VehicleId{value='vehicle-1'}":1011.000000000,"VehicleId{value='vehicle-2'}":1340.000000000,"VehicleId{value='vehicle-3'}":1086.000000000,"VehicleId{value='vehicle-4'}":1018.000000000},"convexHullList":{"VehicleId{value='vehicle-0'}":[{"latitude":50.824343,"longitude":3.1171159},{"latitude":50.759995,"longitude":3.1760304},{"latitude":50.9212017,"longitude":3.957664}],"VehicleId{value='vehicle-1'}":[{"latitude":51.0216763,"longitude":3.7145665},{"latitude":50.8448653,"longitude":4.4851475},{"latitude":50.8639653,"longitude":4.7112321}],"VehicleId{value='vehicle-2'}":[{"latitude":51.1880848,"longitude":4.44581},{"latitude":50.7956157,"longitude":5.2061203},{"latitude":50.9701188,"longitude":5.6906608}],"VehicleId{value='vehicle-3'}":[{"latitude":51.2161617,"longitude":3.4400824},{"latitude":51.0420262,"longitude":3.7336314},{"latitude":51.163499,"longitude":4.3978341}],"VehicleId{value='vehicle-4'}":[{"latitude":50.9410713,"longitude":4.0374485},{"latitude":50.8436992,"longitude":4.4873189},{"latitude":50.8955945,"longitude":4.6288417}]},"visitsCloserToOtherCenterOfGravity":[[["START","START","Visit84","Visit84","Visit209","Visit191","Visit202","Visit144","Visit71","Visit238","Visit394","Visit347","Visit96","Visit96","Visit281","Visit281","Visit341","Visit341","Visit382","Visit382","Visit235","Visit316","Visit498","Visit64","Visit447","Visit447","Visit129","Visit129","Visit181","Visit181","END","END"],["vehicle-4","vehicle-2","vehicle-4","vehicle-2","vehicle-4","vehicle-0","vehicle-0","vehicle-0","vehicle-0","vehicle-0","vehicle-0","vehicle-0","vehicle-4","vehicle-3","vehicle-4","vehicle-3","vehicle-4","vehicle-3","vehicle-4","vehicle-3","vehicle-4","vehicle-4","vehicle-4","vehicle-4","vehicle-4","vehicle-2","vehicle-4","vehicle-2","vehicle-4","vehicle-2","vehicle-4","vehicle-2"]],[[],[]],[["Visit117","Visit454","Visit261","Visit90","Visit278","Visit289","Visit300","Visit430","Visit243"],["vehicle-3","vehicle-3","vehicle-3","vehicle-3","vehicle-3","vehicle-3","vehicle-3","vehicle-3","vehicle-3"]],[["Visit240","Visit269","Visit423","Visit266"],["vehicle-3","vehicle-3","vehicle-3","vehicle-3"]],[[],[]]],"meanDistanceToConvexHull":{"VehicleId{value='vehicle-0'}":8563.777105599573,