{"WorkingShiftAnalysisResult":{"totalWaitingTimeSeconds":6674.000000000,"workingShiftOfEachDriver":{"VehicleId{value='vehicle-0'}":34641.000000000,"VehicleId{value='vehicle-1'}":33943.000000000,"VehicleId{value='vehicle-2'}":34798.000000000,"VehicleId{value='vehicle-3'}":31408.000000000,"VehicleId{value='vehicle-4'}":34334.000000000},"stddevWorkingShifts":1389.917443591525,"shortestWorkingShift":{"VehicleId{value='vehicle-3'}":31408.000000000},"longestWorkingShift":{"VehicleId{value='vehicle-2'}":34798.000000000},"visitsTimeWindowWrong":{"VehicleId{value='vehicle-0'}":{"JobId{value='Visit44'}":[2023,10,4,18,9,2],"JobId{value='Visit125'}":[2023,10,4,16,40,13],"JobId{value='Visit92'}":[2023,10,4,17,57,40],"JobId{value='Visit184'}":[2023,10,4,12,48,51]},"VehicleId{value='vehicle-1'}":{"JobId{value='Visit56'}":[2023,10,4,14,37,55],"JobId{value='Visit42'}":[2023,10,4,12,31,48],"JobId{value='Visit54'}":[2023,10,4,17,50,13],"JobId{value='Visit159'}":[2023,10,4,13,5,10],"JobId{value='Visit144'}":[2023,10,4,11,58,4],"JobId{value='Visit132'}":[2023,10,4,14,57,48],"JobId{value='Visit198'}":[2023,10,4,15,50,23],"JobId{value='Visit151'}":[2023,10,4,14,6,22]},"VehicleId{value='vehicle-2'}":{"JobId{value='Visit108'}":[2023,10,4,12,31,27],"JobId{value='Visit11'}":[2023,10,4,17,46,51],"JobId{value='Visit172'}":[2023,10,4,12,48,18],"JobId{value='Visit175'}":[2023,10,4,13,33,26],"JobId{value='Visit94'}":[2023,10,4,13,10,46],"JobId{value='Visit72'}":[2023,10,4,15,9,30]},"VehicleId{value='vehicle-3'}":{"JobId{value='Visit67'}":[2023,10,4,12,54,50],"JobId{value='Visit31'}":[2023,10,4,13,37,8]},"VehicleId{value='vehicle-4'}":{"JobId{value='Visit26'}":[2023,10,4,13,33,33],"JobId{value='Visit13'}":[2023,10,4,14,1,26],"JobId{value='Visit127'}":[2023,10,4,12,46,34],"JobId{value='Visit143'}":[2023,10,4,12,4,43],"JobId{value='Visit82'}":[2023,10,4,12,33,31]}},"meanworkingShift":33824.8},"VisualAttractivenessAnalysisResult":{"meanDistanceToGeographicCenter":{"VehicleId{value='vehicle-0'}":3325.738011314433,"VehicleId{value='vehicle-1'}":3309.245201299681,"VehicleId{value='vehicle-2'}":3759.6084486607456,"VehicleId{value='vehicle-3'}":3125.008048262867,"VehicleId{value='vehicle-4'}":3566.52459647617},"outliersTTBetweenStops":{"VehicleId{value='vehicle-0'}":[930.000000000],"VehicleId{value='vehicle-1'}":[638.000000000,98.000000000],"VehicleId{value='vehicle-2'}":[748.000000000,760.000000000,805.000000000,845.000000000],"VehicleId{value='vehicle-3'}":[725.000000000,810.000000000,726.000000000],"VehicleId{value='vehicle-4'}":[784.000000000,873.000000000,833.000000000,771.000000000]},"meanTravelTimeBetweenStops":{"VehicleId{value='vehicle-0'}":303.000000000,"VehicleId{value='vehicle-1'}":363.000000000,"VehicleId{value='vehicle-2'}":349.000000000,"VehicleId{value='vehicle-3'}":325.000000000,"VehicleId{value='vehicle-4'}":362.000000000},"convexHullList":{"VehicleId{value='vehicle-0'}":[{"latitude":50.8205829,"longitude":4.3292003},{"latitude":50.8108355,"longitude":4.3627783},{"latitude":50.8117989,"longitude":4.4103817}],"VehicleId{value='vehicle-1'}":[{"latitude":50.868588,"longitude":4.332641},{"latitude":50.7879838,"longitude":4.3740553},{"latitude":50.7903386,"longitude":4.3803526}],"VehicleId{value='vehicle-2'}":[{"latitude":50.7896438,"longitude":4.3405573},{"latitude":50.786168,"longitude":4.3628378},{"latitude":50.7903662,"longitude":4.3723254}],"VehicleId{value='vehicle-3'}":[{"latitude":50.8173215,"longitude":4.2820197},{"latitude":50.7754564,"longitude":4.3337886},{"latitude":50.8124441,"longitude":4.355712}],"VehicleId{value='vehicle-4'}":[{"latitude":50.8234634,"longitude":4.2985992},{"latitude":50.7991055,"longitude":4.4105688},{"latitude":50.8098715,"longitude":4.4369119}]},"visitsCloserToOtherCenterOfGravity":[[["Visit80","Visit80","Visit80","Visit80","Visit15","Visit15","Visit15","Visit49","Visit49","Visit49","Visit150","Visit150","Visit177","Visit137","Visit147","Visit147","Visit106","Visit8","Visit8","Visit56","Visit132","Visit132","Visit132","Visit132","Visit0","Visit0","Visit0","Visit0","Visit181","Visit181","Visit181","Visit181","Visit198","Visit198","Visit198","Visit198","Visit79","Visit79","Visit79","Visit79"],["vehicle-3","vehicle-2","vehicle-4","vehicle-0","vehicle-3","vehicle-2","vehicle-4","vehicle-3","vehicle-2","vehicle-4","vehicle-3","vehicle-2","vehicle-2","vehicle-2","vehicle-4","vehicle-0","vehicle-0","vehicle-4","vehicle-0","vehicle-4","vehicle-3","vehicle-2","vehicle-4","vehicle-0","vehicle-3","vehicle-2","vehicle-4","vehicle-0","vehicle-3","vehicle-2","vehicle-4","vehicle-0","vehicle-3","vehicle-2","vehicle-4","vehicle-0","vehicle-3","vehicle-2","vehicle-4","vehicle-0"]],[["Visit119","Visit119","Visit100","Visit100","Visit91","Visit91","Visit91","Visit74","Visit74","Visit74","Visit68","Visit163","Visit155","Visit155","Visit183","Visit183","Visit67","Visit130","Visit194","Visit194","Visit31","Visit31","Visit64","Visit64","Visit193","Visit193","Visit193","Visit188","Visit188","Visit135","Visit135","Visit10"],["vehicle-2","vehicle-4","vehicle-2","vehicle-4","vehicle-2","vehicle-4","vehicle-0","vehicle-2","vehicle-4","vehicle-0","vehicle-0","vehicle-0","vehicle-4","vehicle-0","vehicle-4","vehicle-0","vehicle-0","vehicle-0","vehicle-4","vehicle-0","vehicle-4","vehicle-0","vehicle-4","vehicle-0","vehicle-2","vehicle-4","vehicle-0","vehicle-4","vehicle-0","vehicle-4","vehicle-0","vehicle-2"]],[["Visit121","Visit121","Visit61","Visit61","Visit162","Visit162","Visit57","Visit57","Visit108","Visit108","Visit172","Visit172","Visit94","Visit94","Visit175","Visit175","Visit62","Visit62","Visit154","Visit154","Visit178","Visit178","Visit48","Visit48","Visit41","Visit72","Visit72"],["vehicle-4","vehicle-0","vehicle-4","vehicle-0","vehicle-4","vehicle-0","vehicle-4","vehicle-0","vehicle-4","vehicle-0","vehicle-4","vehicle-0","vehicle-4","vehicle-0","vehicle-4","vehicle-0","vehicle-4","vehicle-0","vehicle-4","vehicle-0","vehicle-4","vehicle-0","vehicle-4","vehicle-0","vehicle-4","vehicle-4","vehicle-0"]],[["Visit196","Visit143","Visit179","Visit82","Visit127","Visit97","Visit148","Visit26","Visit28","Visit13","Visit199","Visit157","Visit146","Visit33","Visit2","Visit53","Visit14"],["vehicle-0","vehicle-0","vehicle-0","vehicle-0","vehicle-0","vehicle-0","vehicle-0","vehicle-0","vehicle-0","vehicle-0","vehicle-0","vehicle-0","vehicle-0","vehicle-0","vehicle-0","vehicle-0","vehicle-0"]],[[],[]]],"meanDistanceToConvexHull":{"VehicleId{value='vehicle-0'}":2209.8197195311136,"VehicleId{value='vehicle-1'}":1980.0617379101668,"VehicleId{value='vehicle-2'}":777.5910335995022,"VehicleId{value='vehicle-3'}":3859.040619817321,"VehicleId{value='vehicle-4'}":1454.1501982979867}},"RouteCompositionAnalysisResult":{"numberOfRoutes":5,"stopsLongestRoute":39,"stopsShortestRoute":33,"meanStops":35.2,"stdDevStops":2.0396078054371136,"totalDistanceMeters":382182,"unassignedJobs":[{"value":"Visit35"},{"value":"Visit180"},{"value":"Visit17"},{"value":"Visit112"},{"value":"Visit156"},{"value":"Visit136"},{"value":"Visit38"},{"value":"Visit142"},{"value":"Visit110"},{"value":"Visit186"},{"value":"Visit170"},{"value":"Visit164"},{"value":"Visit190"},{"value":"Visit90"},{"value":"Visit51"},{"value":"Visit21"},{"value":"Visit19"},{"value":"Visit195"},{"value":"Visit50"},{"value":"Visit3"},{"value":"Visit141"},{"value":"Visit123"},{"value":"Visit9"},{"value":"Visit36"},{"value":"Visit7"},{"value":"Visit43"},{"value":"Visit39"},{"value":"Visit161"},{"value":"Visit166"}],"failureRate":0.14146341463414633,"runTime":7759},"CargoAnalysisResult":{"totalLoadKgs":null,"totalLoadVolume":null,"biggestLoad":null,"biggestLoadVolume":null,"smallestLoad":null,"smallestLoadVolume":null,"meanLoad":0.0,"meanLoadVolume":0.0,"stdDevLoad":null,"maxRelativeLoad":null}}