{"WorkingShiftAnalysisResult":{"totalWaitingTimeSeconds":48240.000000000,"workingShiftOfEachDriver":{"VehicleId{value='vehicle-0'}":34017.000000000,"VehicleId{value='vehicle-1'}":34293.000000000,"VehicleId{value='vehicle-6'}":17357.000000000,"VehicleId{value='vehicle-7'}":21861.000000000,"VehicleId{value='vehicle-8'}":33990.000000000,"VehicleId{value='vehicle-3'}":31349.000000000,"VehicleId{value='vehicle-4'}":33333.000000000,"VehicleId{value='vehicle-5'}":33306.000000000},"stddevWorkingShifts":6550.930468261741,"shortestWorkingShift":{"VehicleId{value='vehicle-6'}":17357.000000000},"longestWorkingShift":{"VehicleId{value='vehicle-1'}":34293.000000000},"visitsTimeWindowWrong":{"VehicleId{value='vehicle-0'}":{"JobId{value='Visit23'}":[2023,10,4,9,57,2],"JobId{value='Visit129'}":[2023,10,4,13,53,16],"JobId{value='Visit49'}":[2023,10,4,15,7,11],"JobId{value='Visit106'}":[2023,10,4,10,54,58],"JobId{value='Visit105'}":[2023,10,4,10,27,42],"JobId{value='Visit149'}":[2023,10,4,11,11,13],"JobId{value='Visit161'}":[2023,10,4,12,30,9],"JobId{value='Visit61'}":[2023,10,4,9,0],"JobId{value='Visit163'}":[2023,10,4,10,14,14],"JobId{value='Visit171'}":[2023,10,4,14,17],"JobId{value='Visit192'}":[2023,10,4,11,50,57],"JobId{value='Visit29'}":[2023,10,4,10,42,35],"JobId{value='Visit76'}":[2023,10,4,13,39,24],"JobId{value='Visit37'}":[2023,10,4,9,43,35],"JobId{value='Visit15'}":[2023,10,4,12,10,20],"JobId{value='Visit57'}":[2023,10,4,14,34,21],"JobId{value='Visit14'}":[2023,10,4,15,53,31],"JobId{value='Visit133'}":[2023,10,4,9,14,1],"JobId{value='Visit176'}":[2023,10,4,15,19,55],"JobId{value='Visit179'}":[2023,10,4,9,26,50],"JobId{value='Visit135'}":[2023,10,4,11,35,11],"JobId{value='Visit173'}":[2023,10,4,13,24,36],"JobId{value='Visit181'}":[2023,10,4,14,50,55],"JobId{value='Visit19'}":[2023,10,4,11,22,29],"JobId{value='Visit2'}":[2023,10,4,15,37,43]},"VehicleId{value='vehicle-1'}":{"JobId{value='Visit22'}":[2023,10,4,11,6,10],"JobId{value='Visit99'}":[2023,10,4,11,23],"JobId{value='Visit56'}":[2023,10,4,10,51,2],"JobId{value='Visit20'}":[2023,10,4,10,19,35],"JobId{value='Visit21'}":[2023,10,4,9,28,44],"JobId{value='Visit87'}":[2023,10,4,12,12,50],"JobId{value='Visit138'}":[2023,10,4,11,57,19],"JobId{value='Visit18'}":[2023,10,4,11,35,9],"JobId{value='Visit151'}":[2023,10,4,9,0],"JobId{value='Visit84'}":[2023,10,4,10,35,30],"JobId{value='Visit63'}":[2023,10,4,9,49,31]},"VehicleId{value='vehicle-6'}":{"JobId{value='Visit88'}":[2023,10,4,11,18,58],"JobId{value='Visit109'}":[2023,10,4,12,2,35],"JobId{value='Visit126'}":[2023,10,4,9,57,21],"JobId{value='Visit158'}":[2023,10,4,11,1,36],"JobId{value='Visit177'}":[2023,10,4,10,11,42],"JobId{value='Visit187'}":[2023,10,4,9,33,32],"JobId{value='Visit41'}":[2023,10,4,9,19,7],"JobId{value='Visit52'}":[2023,10,4,9,44,28]},"VehicleId{value='vehicle-7'}":{"JobId{value='Visit97'}":[2023,10,4,10,48,21],"JobId{value='Visit10'}":[2023,10,4,10,35,56],"JobId{value='Visit137'}":[2023,10,4,10,11,49],"JobId{value='Visit59'}":[2023,10,4,12,29,20],"JobId{value='Visit117'}":[2023,10,4,9,15,51],"JobId{value='Visit46'}":[2023,10,4,10,23,28],"JobId{value='Visit199'}":[2023,10,4,11,2,39],"JobId{value='Visit146'}":[2023,10,4,9,46,25],"JobId{value='Visit112'}":[2023,10,4,9,0],"JobId{value='Visit156'}":[2023,10,4,9,58,55],"JobId{value='Visit123'}":[2023,10,4,12,42,9],"JobId{value='Visit141'}":[2023,10,4,11,19,2],"JobId{value='Visit174'}":[2023,10,4,11,35],"JobId{value='Visit50'}":[2023,10,4,11,49,9],"JobId{value='Visit190'}":[2023,10,4,9,30,30],"JobId{value='Visit8'}":[2023,10,4,12,16,19]},"VehicleId{value='vehicle-8'}":{"JobId{value='Visit66'}":[2023,10,4,13,6,30],"JobId{value='Visit67'}":[2023,10,4,11,43,13],"JobId{value='Visit65'}":[2023,10,4,11,15,1],"JobId{value='Visit104'}":[2023,10,4,10,37,42],"JobId{value='Visit26'}":[2023,10,4,12,55,27],"JobId{value='Visit147'}":[2023,10,4,10,25,31],"JobId{value='Visit47'}":[2023,10,4,9,28,42],"JobId{value='Visit127'}":[2023,10,4,14,25,19],"JobId{value='Visit122'}":[2023,10,4,14,56,2],"JobId{value='Visit162'}":[2023,10,4,9,44,46],"JobId{value='Visit184'}":[2023,10,4,16,8,44],"JobId{value='Visit82'}":[2023,10,4,10,48,44],"JobId{value='Visit186'}":[2023,10,4,14,45,35],"JobId{value='Visit170'}":[2023,10,4,13,36,14],"JobId{value='Visit33'}":[2023,10,4,12,40,16],"JobId{value='Visit78'}":[2023,10,4,13,21,24],"JobId{value='Visit54'}":[2023,10,4,11,0,24],"JobId{value='Visit159'}":[2023,10,4,10,15,11],"JobId{value='Visit136'}":[2023,10,4,16,49,3],"JobId{value='Visit13'}":[2023,10,4,13,49,48],"JobId{value='Visit139'}":[2023,10,4,15,14,38],"JobId{value='Visit35'}":[2023,10,4,15,55,18],"JobId{value='Visit154'}":[2023,10,4,9,12,28],"JobId{value='Visit110'}":[2023,10,4,14,7,27],"JobId{value='Visit132'}":[2023,10,4,15,30,21],"JobId{value='Visit70'}":[2023,10,4,15,45,14],"JobId{value='Visit178'}":[2023,10,4,9,0],"JobId{value='Visit90'}":[2023,10,4,17,21,3],"JobId{value='Visit30'}":[2023,10,4,17,8,25],"JobId{value='Visit71'}":[2023,10,4,12,6],"JobId{value='Visit197'}":[2023,10,4,12,28,12],"JobId{value='Visit9'}":[2023,10,4,10,2,18],"JobId{value='Visit5'}":[2023,10,4,17,38,45],"JobId{value='Visit0'}":[2023,10,4,16,30,53]},"VehicleId{value='vehicle-3'}":{"JobId{value='Visit119'}":[2023,10,4,9,46,52],"JobId{value='Visit31'}":[2023,10,4,14,59,29],"JobId{value='Visit43'}":[2023,10,4,10,40,27],"JobId{value='Visit115'}":[2023,10,4,9,29,26],"JobId{value='Visit38'}":[2023,10,4,10,25,50],"JobId{value='Visit24'}":[2023,10,4,9,0],"JobId{value='Visit79'}":[2023,10,4,12,36,20],"JobId{value='Visit128'}":[2023,10,4,14,3],"JobId{value='Visit188'}":[2023,10,4,9,14,36],"JobId{value='Visit155'}":[2023,10,4,13,33,38],"JobId{value='Visit100'}":[2023,10,4,14,45,16],"JobId{value='Visit165'}":[2023,10,4,11,5,54],"JobId{value='Visit102'}":[2023,10,4,13,7,35],"JobId{value='Visit157'}":[2023,10,4,14,32,19],"JobId{value='Visit145'}":[2023,10,4,12,21,37],"JobId{value='Visit73'}":[2023,10,4,9,59,23],"JobId{value='Visit194'}":[2023,10,4,11,19,59],"JobId{value='Visit164'}":[2023,10,4,13,48,36],"JobId{value='Visit131'}":[2023,10,4,15,12,9],"JobId{value='Visit94'}":[2023,10,4,10,14,22],"JobId{value='Visit17'}":[2023,10,4,10,54,48],"JobId{value='Visit39'}":[2023,10,4,13,19,18]},"VehicleId{value='vehicle-4'}":{"JobId{value='Visit107'}":[2023,10,4,9,38,8],"JobId{value='Visit89'}":[2023,10,4,17,18,17],"JobId{value='Visit64'}":[2023,10,4,13,25,24],"JobId{value='Visit27'}":[2023,10,4,10,49,42],"JobId{value='Visit169'}":[2023,10,4,13,51,31],"JobId{value='Visit103'}":[2023,10,4,16,55,45],"JobId{value='Visit25'}":[2023,10,4,12,16,20],"JobId{value='Visit140'}":[2023,10,4,15,12,18],"JobId{value='Visit183'}":[2023,10,4,12,4,22],"JobId{value='Visit85'}":[2023,10,4,14,34,2],"JobId{value='Visit142'}":[2023,10,4,15,38,23],"JobId{value='Visit55'}":[2023,10,4,14,46,2],"JobId{value='Visit98'}":[2023,10,4,16,39,30],"JobId{value='Visit114'}":[2023,10,4,9,17,38],"JobId{value='Visit58'}":[2023,10,4,14,8,27],"JobId{value='Visit111'}":[2023,10,4,14,58,38],"JobId{value='Visit198'}":[2023,10,4,14,21,58],"JobId{value='Visit134'}":[2023,10,4,12,55,41],"JobId{value='Visit195'}":[2023,10,4,9,0],"JobId{value='Visit95'}":[2023,10,4,16,18,15],"JobId{value='Visit172'}":[2023,10,4,10,35,58],"JobId{value='Visit153'}":[2023,10,4,9,51,56],"JobId{value='Visit175'}":[2023,10,4,13,39,36],"JobId{value='Visit196'}":[2023,10,4,11,8,59],"JobId{value='Visit152'}":[2023,10,4,11,28,9],"JobId{value='Visit182'}":[2023,10,4,10,10,30],"JobId{value='Visit4'}":[2023,10,4,15,22,59]},"VehicleId{value='vehicle-5'}":{"JobId{value='Visit44'}":[2023,10,4,11,57,28],"JobId{value='Visit42'}":[2023,10,4,12,54,42],"JobId{value='Visit86'}":[2023,10,4,13,47,7],"JobId{value='Visit148'}":[2023,10,4,17,12,11],"JobId{value='Visit125'}":[2023,10,4,12,41,9],"JobId{value='Visit68'}":[2023,10,4,14,36,44],"JobId{value='Visit143'}":[2023,10,4,16,59,36],"JobId{value='Visit124'}":[2023,10,4,10,20,13],"JobId{value='Visit168'}":[2023,10,4,14,53,50],"JobId{value='Visit167'}":[2023,10,4,16,0,10],