{"WorkingShiftAnalysisResult":{"totalWaitingTimeSeconds":72840.000000000,"workingShiftOfEachDriver":{"VehicleId{value='vehicle-7'}":3179.000000000,"VehicleId{value='vehicle-9'}":35744.000000000,"VehicleId{value='vehicle-2'}":34498.000000000,"VehicleId{value='vehicle-10'}":2708.000000000,"VehicleId{value='vehicle-3'}":32442.000000000,"VehicleId{value='vehicle-4'}":34652.000000000,"VehicleId{value='vehicle-5'}":35671.000000000,"VehicleId{value='vehicle-14'}":2768.000000000,"VehicleId{value='vehicle-0'}":8621.000000000,"VehicleId{value='vehicle-12'}":20604.000000000,"VehicleId{value='vehicle-1'}":7681.000000000,"VehicleId{value='vehicle-18'}":13170.000000000,"VehicleId{value='vehicle-15'}":23747.000000000,"VehicleId{value='vehicle-16'}":22984.000000000,"VehicleId{value='vehicle-19'}":28597.000000000},"stddevWorkingShifts":13021.434562728815,"shortestWorkingShift":{"VehicleId{value='vehicle-10'}":2708.000000000},"longestWorkingShift":{"VehicleId{value='vehicle-9'}":35744.000000000},"visitsTimeWindowWrong":{"VehicleId{value='vehicle-7'}":{},"VehicleId{value='vehicle-9'}":{"JobId{value='Visit99'}":[2023,10,4,13,52,43],"JobId{value='Visit15'}":[2023,10,4,10,11,25],"JobId{value='Visit38'}":[2023,10,4,16,36],"JobId{value='Visit27'}":[2023,10,4,17,42,45],"JobId{value='Visit69'}":[2023,10,4,9,0],"JobId{value='Visit36'}":[2023,10,4,9,29,57],"JobId{value='Visit17'}":[2023,10,4,11,5,16],"JobId{value='Visit0'}":[2023,10,4,17,2,41],"JobId{value='Visit71'}":[2023,10,4,11,59,58],"JobId{value='Visit72'}":[2023,10,4,12,56,30]},"VehicleId{value='vehicle-2'}":{"JobId{value='Visit56'}":[2023,10,4,10,58,30],"JobId{value='Visit75'}":[2023,10,4,9,0],"JobId{value='Visit79'}":[2023,10,4,12,14,3],"JobId{value='Visit25'}":[2023,10,4,11,59,52],"JobId{value='Visit90'}":[2023,10,4,9,49,43]},"VehicleId{value='vehicle-10'}":{"JobId{value='Visit97'}":[2023,10,4,9,0]},"VehicleId{value='vehicle-3'}":{"JobId{value='Visit34'}":[2023,10,4,9,33,38],"JobId{value='Visit67'}":[2023,10,4,17,36,14],"JobId{value='Visit43'}":[2023,10,4,9,0],"JobId{value='Visit26'}":[2023,10,4,12,16,12],"JobId{value='Visit24'}":[2023,10,4,10,34,28],"JobId{value='Visit4'}":[2023,10,4,11,47,55],"JobId{value='Visit92'}":[2023,10,4,16,36],"JobId{value='Visit62'}":[2023,10,4,17,2,51]},"VehicleId{value='vehicle-4'}":{"JobId{value='Visit49'}":[2023,10,4,9,13,26],"JobId{value='Visit47'}":[2023,10,4,13,34,24],"JobId{value='Visit74'}":[2023,10,4,9,0],"JobId{value='Visit85'}":[2023,10,4,11,49,41],"JobId{value='Visit41'}":[2023,10,4,16,36],"JobId{value='Visit50'}":[2023,10,4,12,55,51]},"VehicleId{value='vehicle-5'}":{"JobId{value='Visit66'}":[2023,10,4,10,15,20],"JobId{value='Visit88'}":[2023,10,4,12,13,22],"JobId{value='Visit55'}":[2023,10,4,17,11,40],"JobId{value='Visit12'}":[2023,10,4,9,30,43],"JobId{value='Visit21'}":[2023,10,4,11,35,54],"JobId{value='Visit54'}":[2023,10,4,11,55,4],"JobId{value='Visit5'}":[2023,10,4,9,0],"JobId{value='Visit14'}":[2023,10,4,10,57]},"VehicleId{value='vehicle-14'}":{"JobId{value='Visit8'}":[2023,10,4,9,0],"JobId{value='Visit3'}":[2023,10,4,9,22,5]},"VehicleId{value='vehicle-0'}":{"JobId{value='Visit11'}":[2023,10,4,10,24,33],"JobId{value='Visit64'}":[2023,10,4,9,0],"JobId{value='Visit19'}":[2023,10,4,9,35,38]},"VehicleId{value='vehicle-12'}":{"JobId{value='Visit44'}":[2023,10,4,12,13,50],"JobId{value='Visit23'}":[2023,10,4,9,0],"JobId{value='Visit9'}":[2023,10,4,12,41,58],"JobId{value='Visit6'}":[2023,10,4,16,36],"JobId{value='Visit68'}":[2023,10,4,9,32,28],"JobId{value='Visit2'}":[2023,10,4,9,56,24],"JobId{value='Visit73'}":[2023,10,4,10,57],"JobId{value='Visit83'}":[2023,10,4,11,36,17]},"VehicleId{value='vehicle-1'}":{},"VehicleId{value='vehicle-18'}":{"JobId{value='Visit89'}":[2023,10,4,10,57],"JobId{value='Visit30'}":[2023,10,4,9,29,1]},"VehicleId{value='vehicle-15'}":{"JobId{value='Visit53'}":[2023,10,4,9,0],"JobId{value='Visit87'}":[2023,10,4,10,57],"JobId{value='Visit52'}":[2023,10,4,9,27,20]},"VehicleId{value='vehicle-16'}":{"JobId{value='Visit77'}":[2023,10,4,9,43,28],"JobId{value='Visit29'}":[2023,10,4,9,0],"JobId{value='Visit40'}":[2023,10,4,10,22,42]},"VehicleId{value='vehicle-19'}":{"JobId{value='Visit33'}":[2023,10,4,9,0],"JobId{value='Visit31'}":[2023,10,4,9,49,13],"JobId{value='Visit42'}":[2023,10,4,12,13,26],"JobId{value='Visit32'}":[2023,10,4,10,57],"JobId{value='Visit37'}":[2023,10,4,17,14,46],"JobId{value='Visit70'}":[2023,10,4,9,29,56],"JobId{value='Visit84'}":[2023,10,4,11,38,26]}},"meanworkingShift":20471.066666666666},"VisualAttractivenessAnalysisResult":{"meanDistanceToGeographicCenter":{"VehicleId{value='vehicle-7'}":3616.3553171010312,"VehicleId{value='vehicle-9'}":21250.457067666084,"VehicleId{value='vehicle-2'}":28377.67829656237,"VehicleId{value='vehicle-10'}":4334.3889490082065,"VehicleId{value='vehicle-3'}":33562.12943339583,"VehicleId{value='vehicle-4'}":21130.099477417123,"VehicleId{value='vehicle-5'}":27846.577849102025,"VehicleId{value='vehicle-14'}":794.657235804205,"VehicleId{value='vehicle-0'}":10327.811464338833,"VehicleId{value='vehicle-12'}":14294.976516349296,"VehicleId{value='vehicle-1'}":3386.949402630049,"VehicleId{value='vehicle-18'}":7891.800785149731,"VehicleId{value='vehicle-15'}":6927.212558216436,"VehicleId{value='vehicle-16'}":19358.350404259796,"VehicleId{value='vehicle-19'}":19043.79420901725},"outliersTTBetweenStops":{"VehicleId{value='vehicle-7'}":[],"VehicleId{value='vehicle-9'}":[],"VehicleId{value='vehicle-2'}":[],"VehicleId{value='vehicle-10'}":[],"VehicleId{value='vehicle-3'}":[3807.000000000],"VehicleId{value='vehicle-4'}":[3370.000000000],"VehicleId{value='vehicle-5'}":[4046.000000000],"VehicleId{value='vehicle-14'}":[],"VehicleId{value='vehicle-0'}":[],"VehicleId{value='vehicle-12'}":[],"VehicleId{value='vehicle-1'}":[],"VehicleId{value='vehicle-18'}":[],"VehicleId{value='vehicle-15'}":[],"VehicleId{value='vehicle-16'}":[],"VehicleId{value='vehicle-19'}":[557.000000000]},"meanTravelTimeBetweenStops":{"VehicleId{value='vehicle-7'}":1289.000000000,"VehicleId{value='vehicle-9'}":1822.000000000,"VehicleId{value='vehicle-2'}":1822.000000000,"VehicleId{value='vehicle-10'}":1054.000000000,"VehicleId{value='vehicle-3'}":1835.000000000,"VehicleId{value='vehicle-4'}":1583.000000000,"VehicleId{value='vehicle-5'}":1505.000000000,"VehicleId{value='vehicle-14'}":522.000000000,"VehicleId{value='vehicle-0'}":1705.000000000,"VehicleId{value='vehicle-12'}":1322.000000000,"VehicleId{value='vehicle-1'}":760.000000000,"VehicleId{value='vehicle-18'}":1578.000000000,"VehicleId{value='vehicle-15'}":907.000000000,"VehicleId{value='vehicle-16'}":1980.000000000,"VehicleId{value='vehicle-19'}":1438.000000000},"convexHullList":{"VehicleId{value='vehicle-7'}":[{"latitude":51.1326244,"longitude":2.6740196},{"latitude":51.1680579,"longitude":2.7761095}],"VehicleId{value='vehicle-9'}":[{"latitude":51.0763117,"longitude":4.2281304},{"latitude":50.9934523,"longitude":4.9308263},{"latitude":51.1296427,"longitude":5.4049548}],"VehicleId{value='vehicle-2'}":[{"latitude":51.2318852,"longitude":4.455173},{"latitude":50.9293713,"longitude":5.3464094},{"latitude":51.1055173,"longitude":5.5607659}],"VehicleId{value='vehicle-10'}":[{"latitude":51.0262618,"longitude":4.6595146},{"latitude":51.1139831,"longitude":4.6606294}],"VehicleId{value='vehicle-3'}":[{"latitude":50.9278288,"longitude":4.516338},{"latitude":50.8170481,"longitude":4.9343797},{"latitude":50.8689682,"longitude":5.5153679}],"VehicleId{value='vehicle-4'}":[{"latitude":50.8683805,"longitude":2.8468954},{"latitude":51.0100474,"longitude":3.4856395}],"VehicleId{value='vehicle-5'}":[{"latitude":51.2178473,"longitude":2.8997433},{"latitude":50.7751409,"longitude":3.2432096},{"latitude":50.9415244,"longitude":4.0544335}],"VehicleId{value='vehicle-14'}":[{"latitude":50.8762481,"longitude":4.6974117},{"latitude":50.8807858,"longitude":4.7196791}],"VehicleId{value='vehicle-0'}":[{"latitude":51.1010789,"longitude":3.5743668},{"latitude":51.0028364,"longitude":3.8807244}],