{"WorkingShiftAnalysisResult":{"totalWaitingTimeSeconds":29460.000000000,"workingShiftOfEachDriver":{"VehicleId{value='vehicle-0'}":35024.000000000,"VehicleId{value='vehicle-1'}":36197.000000000,"VehicleId{value='vehicle-6'}":28024.000000000,"VehicleId{value='vehicle-7'}":32256.000000000,"VehicleId{value='vehicle-8'}":35469.000000000,"VehicleId{value='vehicle-9'}":32930.000000000,"VehicleId{value='vehicle-2'}":33767.000000000,"VehicleId{value='vehicle-3'}":34447.000000000,"VehicleId{value='vehicle-4'}":34557.000000000,"VehicleId{value='vehicle-5'}":27153.000000000},"stddevWorkingShifts":3073.597566370718,"shortestWorkingShift":{"VehicleId{value='vehicle-5'}":27153.000000000},"longestWorkingShift":{"VehicleId{value='vehicle-1'}":36197.000000000},"visitsTimeWindowWrong":{"VehicleId{value='vehicle-0'}":{"JobId{value='Visit180'}":[2023,10,4,10,13,32],"JobId{value='Visit65'}":[2023,10,4,14,26,10],"JobId{value='Visit128'}":[2023,10,4,13,44,31],"JobId{value='Visit199'}":[2023,10,4,9,12,29],"JobId{value='Visit165'}":[2023,10,4,13,22,54],"JobId{value='Visit189'}":[2023,10,4,9,0],"JobId{value='Visit178'}":[2023,10,4,10,55,29],"JobId{value='Visit197'}":[2023,10,4,11,21,16],"JobId{value='Visit131'}":[2023,10,4,11,48,50],"JobId{value='Visit174'}":[2023,10,4,15,26,13]},"VehicleId{value='vehicle-1'}":{"JobId{value='Visit89'}":[2023,10,4,9,41,54],"JobId{value='Visit182'}":[2023,10,4,13,52,40],"JobId{value='Visit97'}":[2023,10,4,15,2,39],"JobId{value='Visit35'}":[2023,10,4,9,0],"JobId{value='Visit122'}":[2023,10,4,11,12,44],"JobId{value='Visit140'}":[2023,10,4,10,56,55],"JobId{value='Visit96'}":[2023,10,4,14,15,13],"JobId{value='Visit142'}":[2023,10,4,12,11,50],"JobId{value='Visit71'}":[2023,10,4,15,46,12],"JobId{value='Visit72'}":[2023,10,4,14,45,12]},"VehicleId{value='vehicle-6'}":{"JobId{value='Visit77'}":[2023,10,4,11,18,5],"JobId{value='Visit33'}":[2023,10,4,14,32,25],"JobId{value='Visit45'}":[2023,10,4,11,56,54],"JobId{value='Visit53'}":[2023,10,4,10,53,26],"JobId{value='Visit160'}":[2023,10,4,15,27,12],"JobId{value='Visit177'}":[2023,10,4,9,0],"JobId{value='Visit156'}":[2023,10,4,10,14],"JobId{value='Visit151'}":[2023,10,4,9,39,47],"JobId{value='Visit162'}":[2023,10,4,12,25,13],"JobId{value='Visit30'}":[2023,10,4,14,10,59]},"VehicleId{value='vehicle-7'}":{"JobId{value='Visit119'}":[2023,10,4,10,48,50],"JobId{value='Visit34'}":[2023,10,4,14,47,42],"JobId{value='Visit64'}":[2023,10,4,11,10],"JobId{value='Visit109'}":[2023,10,4,13,15],"JobId{value='Visit16'}":[2023,10,4,9,0],"JobId{value='Visit79'}":[2023,10,4,11,34,2],"JobId{value='Visit144'}":[2023,10,4,16,25,58],"JobId{value='Visit154'}":[2023,10,4,10,37,7],"JobId{value='Visit73'}":[2023,10,4,10,21,49],"JobId{value='Visit41'}":[2023,10,4,9,37,39],"JobId{value='Visit161'}":[2023,10,4,15,55,50],"JobId{value='Visit93'}":[2023,10,4,15,30,40],"JobId{value='Visit152'}":[2023,10,4,17,4,43],"JobId{value='Visit4'}":[2023,10,4,14,27,29]},"VehicleId{value='vehicle-8'}":{"JobId{value='Visit11'}":[2023,10,4,15,50,51],"JobId{value='Visit67'}":[2023,10,4,9,0],"JobId{value='Visit118'}":[2023,10,4,14,58,30],"JobId{value='Visit190'}":[2023,10,4,16,30,38],"JobId{value='Visit87'}":[2023,10,4,9,15,8],"JobId{value='Visit76'}":[2023,10,4,14,15,5],"JobId{value='Visit6'}":[2023,10,4,10,18,59],"JobId{value='Visit159'}":[2023,10,4,10,56,14],"JobId{value='Visit127'}":[2023,10,4,13,33,12],"JobId{value='Visit188'}":[2023,10,4,15,24,23],"JobId{value='Visit153'}":[2023,10,4,11,52,39],"JobId{value='Visit196'}":[2023,10,4,11,12,15]},"VehicleId{value='vehicle-9'}":{"JobId{value='Visit171'}":[2023,10,4,15,38,18],"JobId{value='Visit32'}":[2023,10,4,11,7,16],"JobId{value='Visit59'}":[2023,10,4,14,3,18],"JobId{value='Visit158'}":[2023,10,4,10,2,59],"JobId{value='Visit125'}":[2023,10,4,14,26,6],"JobId{value='Visit147'}":[2023,10,4,15,11,52],"JobId{value='Visit2'}":[2023,10,4,9,0],"JobId{value='Visit80'}":[2023,10,4,13,36,1],"JobId{value='Visit168'}":[2023,10,4,16,9,30],"JobId{value='Visit74'}":[2023,10,4,10,49],"JobId{value='Visit120'}":[2023,10,4,11,26,8],"JobId{value='Visit61'}":[2023,10,4,12,6,59]},"VehicleId{value='vehicle-2'}":{"JobId{value='Visit66'}":[2023,10,4,9,19,21],"JobId{value='Visit55'}":[2023,10,4,10,46,26],"JobId{value='Visit23'}":[2023,10,4,12,10,39],"JobId{value='Visit86'}":[2023,10,4,9,0],"JobId{value='Visit21'}":[2023,10,4,14,4,31],"JobId{value='Visit91'}":[2023,10,4,9,42,46],"JobId{value='Visit111'}":[2023,10,4,15,38,20],"JobId{value='Visit186'}":[2023,10,4,16,20,58],"JobId{value='Visit94'}":[2023,10,4,14,36,14]},"VehicleId{value='vehicle-3'}":{"JobId{value='Visit22'}":[2023,10,4,15,5,8],"JobId{value='Visit107'}":[2023,10,4,15,46,41],"JobId{value='Visit54'}":[2023,10,4,16,19,45],"JobId{value='Visit26'}":[2023,10,4,14,48,55],"JobId{value='Visit136'}":[2023,10,4,11,44,20],"JobId{value='Visit49'}":[2023,10,4,17,34,1],"JobId{value='Visit46'}":[2023,10,4,10,52,55],"JobId{value='Visit57'}":[2023,10,4,12,15,41],"JobId{value='Visit138'}":[2023,10,4,14,2,57],"JobId{value='Visit14'}":[2023,10,4,17,4,24],"JobId{value='Visit155'}":[2023,10,4,15,25,42],"JobId{value='Visit176'}":[2023,10,4,13,15],"JobId{value='Visit62'}":[2023,10,4,13,35,28],"JobId{value='Visit172'}":[2023,10,4,10,20,42],"JobId{value='Visit164'}":[2023,10,4,11,58,36],"JobId{value='Visit181'}":[2023,10,4,9,44,19],"JobId{value='Visit170'}":[2023,10,4,14,15,33],"JobId{value='Visit3'}":[2023,10,4,9,0]},"VehicleId{value='vehicle-4'}":{"JobId{value='Visit44'}":[2023,10,4,9,58,54],"JobId{value='Visit20'}":[2023,10,4,17,30,11],"JobId{value='Visit43'}":[2023,10,4,9,0],"JobId{value='Visit137'}":[2023,10,4,16,23,22],"JobId{value='Visit169'}":[2023,10,4,9,21,59],"JobId{value='Visit114'}":[2023,10,4,11,4,51],"JobId{value='Visit24'}":[2023,10,4,9,46,49],"JobId{value='Visit187'}":[2023,10,4,15,12,19],"JobId{value='Visit124'}":[2023,10,4,13,15],"JobId{value='Visit101'}":[2023,10,4,10,13,15],"JobId{value='Visit95'}":[2023,10,4,15,31,51],"JobId{value='Visit51'}":[2023,10,4,17,6,36],"JobId{value='Visit175'}":[2023,10,4,16,41,1],"JobId{value='Visit83'}":[2023,10,4,15,51,44],"JobId{value='Visit39'}":[2023,10,4,10,35,1],"JobId{value='Visit0'}":[2023,10,4,13,29,38]},"VehicleId{value='vehicle-5'}":{"JobId{value='Visit12'}":[2023,10,4,15,52,8],"JobId{value='Visit8'}":[2023,10,4,12,6,47],"JobId{value='Visit126'}":[2023,10,4,12,54,29],"JobId{value='Visit27'}":[2023,10,4,9,0],"JobId{value='Visit103'}":[2023,10,4,10,44,5],"JobId{value='Visit36'}":[2023,10,4,11,13,23],"JobId{value='Visit116'}":[2023,10,4,15,22,19],"JobId{value='Visit92'}":[2023,10,4,9,54,34],"JobId{value='Visit143'}":[2023,10,4,13,24,40],"JobId{value='Visit81'}":[2023,10,4,13,48,17],"JobId{value='Visit18'}":[2023,10,4,14,40,27]}},"meanworkingShift":32982.4},"VisualAttractivenessAnalysisResult":{"meanDistanceToGeographicCenter":{"VehicleId{value='vehicle-0'}":49545.666470769596,"VehicleId{value='vehicle-1'}":22197.15840462548,"VehicleId{value='vehicle-6'}":25087.664625950765,"VehicleId{value='vehicle-7'}":23167.021850892,"VehicleId{value='vehicle-8'}":25051.45391339713,"VehicleId{value='vehicle-9'}":28319.12959151361,"VehicleId{value='vehicle-2'}":23855.13764824482,"VehicleId{value='vehicle-3'}":19528.953976838206,"VehicleId{value='vehicle-4'}":29417.472274556152,"VehicleId{value='vehicle-5'}":18905.209852788736},"outliersTTBetweenStops":{"VehicleId{value='vehicle-0'}":[7638.000000000],"VehicleId{value='vehicle-1'}":[3901.000000000],"VehicleId{value='vehicle-6'}":[],"VehicleId{value='vehicle-7'}":[2744.000000000],"VehicleId{value='vehicle-8'}":[3231.000000000],"VehicleId{value='vehicle-9'}":[3179.000000000,3219.000000000],"VehicleId{value='vehicle-2'}":[],"VehicleId{value='vehicle-3'}":[2485.000000000],"VehicleId{value='vehicle-4'}":[2659.000000000],"VehicleId{value='vehicle-5'}":[]},"meanTravelTimeBetweenStops":{"VehicleId{value='vehicle-0'}":2328.000000000,"VehicleId{value='vehicle-1'}":1381.000000000,"VehicleId{value='vehicle-6'}":1690.000000000,"VehicleId{value='vehicle-7'}":1258.000000000,