{"WorkingShiftAnalysisResult":{"totalWaitingTimeSeconds":101160.000000000,"workingShiftOfEachDriver":{"VehicleId{value='vehicle-13'}":22748.000000000,"VehicleId{value='vehicle-14'}":30103.000000000,"VehicleId{value='vehicle-11'}":30263.000000000,"VehicleId{value='vehicle-12'}":21204.000000000,"VehicleId{value='vehicle-17'}":26328.000000000,"VehicleId{value='vehicle-6'}":12874.000000000,"VehicleId{value='vehicle-9'}":17689.000000000,"VehicleId{value='vehicle-2'}":15826.000000000,"VehicleId{value='vehicle-10'}":22582.000000000,"VehicleId{value='vehicle-4'}":1058.000000000},"stddevWorkingShifts":8790.195820091583,"shortestWorkingShift":{"VehicleId{value='vehicle-4'}":1058.000000000},"longestWorkingShift":{"VehicleId{value='vehicle-11'}":30263.000000000},"visitsTimeWindowWrong":{"VehicleId{value='vehicle-13'}":{"JobId{value='Visit11'}":[2023,10,4,13,15],"JobId{value='Visit31'}":[2023,10,4,9,0],"JobId{value='Visit64'}":[2023,10,4,10,53],"JobId{value='Visit47'}":[2023,10,4,13,28,51]},"VehicleId{value='vehicle-14'}":{"JobId{value='Visit99'}":[2023,10,4,14,22,17],"JobId{value='Visit56'}":[2023,10,4,15,4,15],"JobId{value='Visit10'}":[2023,10,4,13,15],"JobId{value='Visit49'}":[2023,10,4,14,48,42],"JobId{value='Visit13'}":[2023,10,4,9,0],"JobId{value='Visit46'}":[2023,10,4,13,30,32],"JobId{value='Visit19'}":[2023,10,4,14,36,55],"JobId{value='Visit70'}":[2023,10,4,14,6,27],"JobId{value='Visit3'}":[2023,10,4,15,40],"JobId{value='Visit28'}":[2023,10,4,9,39,33],"JobId{value='Visit18'}":[2023,10,4,15,20,29],"JobId{value='Visit41'}":[2023,10,4,13,48,13]},"VehicleId{value='vehicle-11'}":{"JobId{value='Visit1'}":[2023,10,4,9,30,49],"JobId{value='Visit95'}":[2023,10,4,9,0]},"VehicleId{value='vehicle-12'}":{"JobId{value='Visit77'}":[2023,10,4,14,9,21],"JobId{value='Visit67'}":[2023,10,4,10,53],"JobId{value='Visit12'}":[2023,10,4,14,35,10],"JobId{value='Visit59'}":[2023,10,4,13,35,53],"JobId{value='Visit80'}":[2023,10,4,9,0],"JobId{value='Visit81'}":[2023,10,4,9,25,29],"JobId{value='Visit63'}":[2023,10,4,9,12,59],"JobId{value='Visit85'}":[2023,10,4,14,21,35],"JobId{value='Visit72'}":[2023,10,4,13,15]},"VehicleId{value='vehicle-17'}":{"JobId{value='Visit44'}":[2023,10,4,15,22],"JobId{value='Visit88'}":[2023,10,4,16,0,29],"JobId{value='Visit34'}":[2023,10,4,14,46,38],"JobId{value='Visit45'}":[2023,10,4,16,56,54],"JobId{value='Visit53'}":[2023,10,4,9,0],"JobId{value='Visit42'}":[2023,10,4,9,14,3],"JobId{value='Visit16'}":[2023,10,4,10,53],"JobId{value='Visit79'}":[2023,10,4,17,31,19],"JobId{value='Visit69'}":[2023,10,4,13,26,32],"JobId{value='Visit36'}":[2023,10,4,15,43,4],"JobId{value='Visit92'}":[2023,10,4,13,15],"JobId{value='Visit62'}":[2023,10,4,9,34,46],"JobId{value='Visit51'}":[2023,10,4,16,17,36],"JobId{value='Visit71'}":[2023,10,4,14,32,10],"JobId{value='Visit8'}":[2023,10,4,16,41,50],"JobId{value='Visit2'}":[2023,10,4,13,45,46]},"VehicleId{value='vehicle-6'}":{"JobId{value='Visit66'}":[2023,10,4,13,51,36],"JobId{value='Visit23'}":[2023,10,4,13,15],"JobId{value='Visit21'}":[2023,10,4,15,20,37],"JobId{value='Visit26'}":[2023,10,4,13,35,54],"JobId{value='Visit6'}":[2023,10,4,14,23,11],"JobId{value='Visit0'}":[2023,10,4,14,3,45],"JobId{value='Visit17'}":[2023,10,4,15,5,17],"JobId{value='Visit73'}":[2023,10,4,10,53],"JobId{value='Visit96'}":[2023,10,4,15,34,34],"JobId{value='Visit93'}":[2023,10,4,14,38,33],"JobId{value='Visit83'}":[2023,10,4,14,53,40]},"VehicleId{value='vehicle-9'}":{"JobId{value='Visit68'}":[2023,10,4,13,15],"JobId{value='Visit40'}":[2023,10,4,9,14,4]},"VehicleId{value='vehicle-2'}":{"JobId{value='Visit78'}":[2023,10,4,9,12,20],"JobId{value='Visit7'}":[2023,10,4,9,30,22]},"VehicleId{value='vehicle-10'}":{"JobId{value='Visit55'}":[2023,10,4,15,45,21],"JobId{value='Visit89'}":[2023,10,4,14,23,39],"JobId{value='Visit97'}":[2023,10,4,9,35,11],"JobId{value='Visit75'}":[2023,10,4,15,1],"JobId{value='Visit37'}":[2023,10,4,16,5,40],"JobId{value='Visit38'}":[2023,10,4,13,35,2],"JobId{value='Visit57'}":[2023,10,4,16,21,48],"JobId{value='Visit91'}":[2023,10,4,9,0],"JobId{value='Visit29'}":[2023,10,4,10,53],"JobId{value='Visit90'}":[2023,10,4,15,33,17],"JobId{value='Visit61'}":[2023,10,4,9,20,17],"JobId{value='Visit50'}":[2023,10,4,13,52,31]},"VehicleId{value='vehicle-4'}":{"JobId{value='Visit15'}":[2023,10,4,9,0]}},"meanworkingShift":20067.5},"VisualAttractivenessAnalysisResult":{"meanDistanceToGeographicCenter":{"VehicleId{value='vehicle-13'}":1791.2192260902432,"VehicleId{value='vehicle-14'}":2611.647755622282,"VehicleId{value='vehicle-11'}":967.0609952352606,"VehicleId{value='vehicle-12'}":1451.1009941510256,"VehicleId{value='vehicle-17'}":3129.224902221028,"VehicleId{value='vehicle-6'}":1694.9079017149581,"VehicleId{value='vehicle-9'}":667.331075720067,"VehicleId{value='vehicle-2'}":1090.826472145133,"VehicleId{value='vehicle-10'}":2574.297610244336,"VehicleId{value='vehicle-4'}":290.72422539123886},"outliersTTBetweenStops":{"VehicleId{value='vehicle-13'}":[],"VehicleId{value='vehicle-14'}":[53.000000000],"VehicleId{value='vehicle-11'}":[],"VehicleId{value='vehicle-12'}":[653.000000000],"VehicleId{value='vehicle-17'}":[838.000000000,854.000000000],"VehicleId{value='vehicle-6'}":[654.000000000],"VehicleId{value='vehicle-9'}":[],"VehicleId{value='vehicle-2'}":[],"VehicleId{value='vehicle-10'}":[859.000000000],"VehicleId{value='vehicle-4'}":[]},"meanTravelTimeBetweenStops":{"VehicleId{value='vehicle-13'}":386.000000000,"VehicleId{value='vehicle-14'}":390.000000000,"VehicleId{value='vehicle-11'}":305.000000000,"VehicleId{value='vehicle-12'}":280.000000000,"VehicleId{value='vehicle-17'}":397.000000000,"VehicleId{value='vehicle-6'}":298.000000000,"VehicleId{value='vehicle-9'}":318.000000000,"VehicleId{value='vehicle-2'}":347.000000000,"VehicleId{value='vehicle-10'}":410.000000000,"VehicleId{value='vehicle-4'}":229.000000000},"convexHullList":{"VehicleId{value='vehicle-13'}":[{"latitude":50.8505491,"longitude":4.2989852},{"latitude":50.857945,"longitude":4.3112171}],"VehicleId{value='vehicle-14'}":[{"latitude":50.8279831,"longitude":4.2819292},{"latitude":50.8267645,"longitude":4.3552115},{"latitude":50.8358446,"longitude":4.3668214}],"VehicleId{value='vehicle-11'}":[{"latitude":50.8657163,"longitude":4.3776591},{"latitude":50.8749812,"longitude":4.3973389}],"VehicleId{value='vehicle-12'}":[{"latitude":50.8080834,"longitude":4.3188252},{"latitude":50.804609,"longitude":4.3310294},{"latitude":50.8180542,"longitude":4.3632458}],"VehicleId{value='vehicle-17'}":[{"latitude":50.8032191,"longitude":4.3165747},{"latitude":50.7967484,"longitude":4.3208371},{"latitude":50.8057559,"longitude":4.4339834}],"VehicleId{value='vehicle-6'}":[{"latitude":50.8146794,"longitude":4.3384143},{"latitude":50.792344,"longitude":4.3671204},{"latitude":50.8065081,"longitude":4.39697}],"VehicleId{value='vehicle-9'}":[{"latitude":50.8517081,"longitude":4.3945694},{"latitude":50.8446778,"longitude":4.3968089},{"latitude":50.852648,"longitude":4.4087143}],"VehicleId{value='vehicle-2'}":[{"latitude":50.8099159,"longitude":4.3425602},{"latitude":50.8102413,"longitude":4.3530594}],"VehicleId{value='vehicle-10'}":[{"latitude":50.818719,"longitude":4.3786996},{"latitude":50.8115086,"longitude":4.4351407}],"VehicleId{value='vehicle-4'}":[{"latitude":50.8319551,"longitude":4.2800766},{"latitude":50.8275457,"longitude":4.2862448}]},