{"WorkingShiftAnalysisResult":{"totalWaitingTimeSeconds":114420.000000000,"workingShiftOfEachDriver":{"VehicleId{value='vehicle-6'}":33851.000000000,"VehicleId{value='vehicle-7'}":35076.000000000,"VehicleId{value='vehicle-9'}":33242.000000000,"VehicleId{value='vehicle-2'}":32389.000000000,"VehicleId{value='vehicle-10'}":32819.000000000,"VehicleId{value='vehicle-4'}":35840.000000000,"VehicleId{value='vehicle-5'}":35467.000000000,"VehicleId{value='vehicle-13'}":30522.000000000,"VehicleId{value='vehicle-14'}":30255.000000000,"VehicleId{value='vehicle-0'}":23086.000000000,"VehicleId{value='vehicle-11'}":25982.000000000,"VehicleId{value='vehicle-1'}":25772.000000000,"VehicleId{value='vehicle-17'}":35344.000000000,"VehicleId{value='vehicle-18'}":21469.000000000,"VehicleId{value='vehicle-15'}":34545.000000000,"VehicleId{value='vehicle-16'}":33910.000000000,"VehicleId{value='vehicle-19'}":28981.000000000},"stddevWorkingShifts":4534.547834404219,"shortestWorkingShift":{"VehicleId{value='vehicle-18'}":21469.000000000},"longestWorkingShift":{"VehicleId{value='vehicle-4'}":35840.000000000},"visitsTimeWindowWrong":{"VehicleId{value='vehicle-6'}":{"JobId{value='Visit86'}":[2023,10,4,15,9,5],"JobId{value='Visit126'}":[2023,10,4,16,0,33],"JobId{value='Visit13'}":[2023,10,4,11,0,51],"JobId{value='Visit14'}":[2023,10,4,12,23,39],"JobId{value='Visit81'}":[2023,10,4,13,19,22],"JobId{value='Visit124'}":[2023,10,4,14,37,1],"JobId{value='Visit189'}":[2023,10,4,14,1,32],"JobId{value='Visit152'}":[2023,10,4,9,0],"JobId{value='Visit193'}":[2023,10,4,11,36,4],"JobId{value='Visit8'}":[2023,10,4,16,58,15],"JobId{value='Visit181'}":[2023,10,4,17,26,28],"JobId{value='Visit5'}":[2023,10,4,10,39,29],"JobId{value='Visit0'}":[2023,10,4,9,55,50]},"VehicleId{value='vehicle-7'}":{"JobId{value='Visit66'}":[2023,10,4,9,0],"JobId{value='Visit44'}":[2023,10,4,13,26,35],"JobId{value='Visit45'}":[2023,10,4,15,42,7],"JobId{value='Visit65'}":[2023,10,4,10,18,13],"JobId{value='Visit98'}":[2023,10,4,16,28,29],"JobId{value='Visit169'}":[2023,10,4,11,24,9],"JobId{value='Visit16'}":[2023,10,4,14,38,28],"JobId{value='Visit106'}":[2023,10,4,12,23,55],"JobId{value='Visit133'}":[2023,10,4,12,0,16],"JobId{value='Visit177'}":[2023,10,4,16,1,24],"JobId{value='Visit18'}":[2023,10,4,15,3,29],"JobId{value='Visit174'}":[2023,10,4,14,10,11]},"VehicleId{value='vehicle-9'}":{"JobId{value='Visit33'}":[2023,10,4,10,36,4],"JobId{value='Visit129'}":[2023,10,4,11,14,7],"JobId{value='Visit57'}":[2023,10,4,9,55,36],"JobId{value='Visit24'}":[2023,10,4,14,23,23],"JobId{value='Visit116'}":[2023,10,4,10,21,12],"JobId{value='Visit127'}":[2023,10,4,15,53,8],"JobId{value='Visit92'}":[2023,10,4,13,15],"JobId{value='Visit156'}":[2023,10,4,11,37,38],"JobId{value='Visit29'}":[2023,10,4,14,59,48],"JobId{value='Visit150'}":[2023,10,4,9,0],"JobId{value='Visit153'}":[2023,10,4,14,2,30]},"VehicleId{value='vehicle-2'}":{"JobId{value='Visit22'}":[2023,10,4,13,39,46],"JobId{value='Visit87'}":[2023,10,4,9,0],"JobId{value='Visit104'}":[2023,10,4,11,33,45],"JobId{value='Visit111'}":[2023,10,4,13,15],"JobId{value='Visit188'}":[2023,10,4,15,16,46],"JobId{value='Visit165'}":[2023,10,4,10,29,39],"JobId{value='Visit187'}":[2023,10,4,11,3,17],"JobId{value='Visit176'}":[2023,10,4,12,12],"JobId{value='Visit135'}":[2023,10,4,14,5,24],"JobId{value='Visit179'}":[2023,10,4,14,51,44],"JobId{value='Visit84'}":[2023,10,4,16,15,27],"JobId{value='Visit85'}":[2023,10,4,9,42,7],"JobId{value='Visit63'}":[2023,10,4,11,47,1]},"VehicleId{value='vehicle-10'}":{"JobId{value='Visit88'}":[2023,10,4,14,17,24],"JobId{value='Visit42'}":[2023,10,4,9,0],"JobId{value='Visit171'}":[2023,10,4,11,9,48],"JobId{value='Visit170'}":[2023,10,4,10,8,45],"JobId{value='Visit43'}":[2023,10,4,14,53,8],"JobId{value='Visit38'}":[2023,10,4,15,57,31],"JobId{value='Visit68'}":[2023,10,4,10,50,11],"JobId{value='Visit36'}":[2023,10,4,9,38],"JobId{value='Visit155'}":[2023,10,4,15,38,1],"JobId{value='Visit194'}":[2023,10,4,11,27,33],"JobId{value='Visit164'}":[2023,10,4,13,53,7],"JobId{value='Visit94'}":[2023,10,4,15,15,28]},"VehicleId{value='vehicle-4'}":{"JobId{value='Visit77'}":[2023,10,4,13,15],"JobId{value='Visit190'}":[2023,10,4,9,0],"JobId{value='Visit4'}":[2023,10,4,14,39,14],"JobId{value='Visit35'}":[2023,10,4,14,57,56],"JobId{value='Visit166'}":[2023,10,4,14,2,8],"JobId{value='Visit157'}":[2023,10,4,15,49,39],"JobId{value='Visit1'}":[2023,10,4,9,20,56],"JobId{value='Visit73'}":[2023,10,4,10,47,56],"JobId{value='Visit62'}":[2023,10,4,15,19,7],"JobId{value='Visit184'}":[2023,10,4,16,13,38],"JobId{value='Visit96'}":[2023,10,4,10,23,7],"JobId{value='Visit61'}":[2023,10,4,13,38,24]},"VehicleId{value='vehicle-5'}":{"JobId{value='Visit53'}":[2023,10,4,10,28,52],"JobId{value='Visit114'}":[2023,10,4,15,24,36],"JobId{value='Visit46'}":[2023,10,4,12,12],"JobId{value='Visit138'}":[2023,10,4,16,33,40],"JobId{value='Visit144'}":[2023,10,4,17,7,58],"JobId{value='Visit113'}":[2023,10,4,14,35,11],"JobId{value='Visit112'}":[2023,10,4,11,28,5],"JobId{value='Visit30'}":[2023,10,4,9,27,11],"JobId{value='Visit52'}":[2023,10,4,10,50,28],"JobId{value='Visit161'}":[2023,10,4,17,18,42],"JobId{value='Visit93'}":[2023,10,4,9,0],"JobId{value='Visit131'}":[2023,10,4,9,49,44],"JobId{value='Visit120'}":[2023,10,4,13,15],"JobId{value='Visit50'}":[2023,10,4,13,43,5]},"VehicleId{value='vehicle-13'}":{"JobId{value='Visit108'}":[2023,10,4,13,15],"JobId{value='Visit31'}":[2023,10,4,10,53,26],"JobId{value='Visit160'}":[2023,10,4,14,52,6],"JobId{value='Visit10'}":[2023,10,4,9,31,5],"JobId{value='Visit6'}":[2023,10,4,9,51,23],"JobId{value='Visit48'}":[2023,10,4,15,24,35],"JobId{value='Visit154'}":[2023,10,4,10,16,37],"JobId{value='Visit110'}":[2023,10,4,15,54,58],"JobId{value='Visit123'}":[2023,10,4,13,34,50],"JobId{value='Visit151'}":[2023,10,4,9,0],"JobId{value='Visit82'}":[2023,10,4,14,5,39],"JobId{value='Visit72'}":[2023,10,4,11,37,29]},"VehicleId{value='vehicle-14'}":{"JobId{value='Visit11'}":[2023,10,4,17,21,2],"JobId{value='Visit23'}":[2023,10,4,15,36,27],"JobId{value='Visit64'}":[2023,10,4,16,20,50],"JobId{value='Visit109'}":[2023,10,4,9,25,17],"JobId{value='Visit49'}":[2023,10,4,13,41,39],"JobId{value='Visit79'}":[2023,10,4,14,56,9],"JobId{value='Visit25'}":[2023,10,4,16,50,2],"JobId{value='Visit146'}":[2023,10,4,10,49,17],"JobId{value='Visit90'}":[2023,10,4,9,0],"JobId{value='Visit167'}":[2023,10,4,14,10,50],"JobId{value='Visit162'}":[2023,10,4,10,2,15],"JobId{value='Visit51'}":[2023,10,4,12,12],"JobId{value='Visit40'}":[2023,10,4,13,15],"JobId{value='Visit60'}":[2023,10,4,9,41,32],"JobId{value='Visit130'}":[2023,10,4,10,20,2],"JobId{value='Visit83'}":[2023,10,4,14,34,19]},"VehicleId{value='vehicle-0'}":{"JobId{value='Visit34'}":[2023,10,4,10,3,23],"JobId{value='Visit12'}":[2023,10,4,10,20,8],"JobId{value='Visit134'}":[2023,10,4,9,0]},"VehicleId{value='vehicle-11'}":{"JobId{value='Visit119'}":[2023,10,4,14,9,26],"JobId{value='Visit107'}":[2023,10,4,10,31,41],"JobId{value='Visit159'}":[2023,10,4,11,28,51],"JobId{value='Visit27'}":[2023,10,4,13,15],"JobId{value='Visit19'}":[2023,10,4,9,45,16],"JobId{value='Visit198'}":[2023,10,4,10,50,43],"JobId{value='Visit140'}":[2023,10,4,9,0],"JobId{value='Visit197'}":[2023,10,4,10,14,27]},"VehicleId{value='vehicle-1'}":{"JobId{value='Visit149'}":[2023,10,4,10,35,36],"JobId{value='Visit80'}":[2023,10,4,9,52],"JobId{value='Visit121'}":[2023,10,4,11,15,51],"JobId{value='Visit71'}":[2023,10,4,9,0]},"VehicleId{value='vehicle-17'}":{"JobId{value='Visit97'}":[2023,10,4,10,12,8],"JobId{value='Visit147'}":[2023,10,4,9,35,57],"JobId{value='Visit117'}":[2023,10,4,13,15],"JobId{value='Visit58'}":[2023,10,4,14,17,39],"JobId{value='Visit91'}":[2023,10,4,15,50,25],"JobId{value='Visit143'}":[2023,10,4,14,47,42],"JobId{value='Visit28'}":[2023,10,4,10,56,41],"JobId{value='Visit102'}":[2023,10,4,11,16,16],"JobId{value='Visit39'}":[2023,10,4,16,9,14],"JobId{value='Visit41'}":[2023,10,4,9,0],"JobId{value='Visit141'}":[2023,10,4,10,40,21],"JobId{value='Visit185'}":[2023,10,4,13,39,46]},