{"WorkingShiftAnalysisResult":{"totalWaitingTimeSeconds":9540.000000000,"workingShiftOfEachDriver":{"VehicleId{value='vehicle-0'}":31169.000000000,"VehicleId{value='vehicle-1'}":34628.000000000,"VehicleId{value='vehicle-2'}":35849.000000000,"VehicleId{value='vehicle-3'}":33190.000000000,"VehicleId{value='vehicle-4'}":29824.000000000},"stddevWorkingShifts":2460.675821801807,"shortestWorkingShift":{"VehicleId{value='vehicle-4'}":29824.000000000},"longestWorkingShift":{"VehicleId{value='vehicle-2'}":35849.000000000},"visitsTimeWindowWrong":{"VehicleId{value='vehicle-0'}":{"JobId{value='Visit11'}":[2023,10,4,10,10,1],"JobId{value='Visit99'}":[2023,10,4,10,51,58],"JobId{value='Visit45'}":[2023,10,4,16,23,51],"JobId{value='Visit20'}":[2023,10,4,12,9,15],"JobId{value='Visit65'}":[2023,10,4,10,25,24],"JobId{value='Visit43'}":[2023,10,4,14,0,28],"JobId{value='Visit79'}":[2023,10,4,9,37,45],"JobId{value='Visit0'}":[2023,10,4,14,31,12],"JobId{value='Visit51'}":[2023,10,4,15,1,46],"JobId{value='Visit85'}":[2023,10,4,9,0],"JobId{value='Visit63'}":[2023,10,4,15,35,56],"JobId{value='Visit61'}":[2023,10,4,15,53,21]},"VehicleId{value='vehicle-1'}":{"JobId{value='Visit77'}":[2023,10,4,14,36,14],"JobId{value='Visit23'}":[2023,10,4,13,37,46],"JobId{value='Visit97'}":[2023,10,4,15,37,32],"JobId{value='Visit48'}":[2023,10,4,16,13,18],"JobId{value='Visit15'}":[2023,10,4,17,28,4],"JobId{value='Visit49'}":[2023,10,4,11,8,49],"JobId{value='Visit24'}":[2023,10,4,12,50,19],"JobId{value='Visit25'}":[2023,10,4,9,0],"JobId{value='Visit80'}":[2023,10,4,14,8,44],"JobId{value='Visit18'}":[2023,10,4,9,34,15],"JobId{value='Visit73'}":[2023,10,4,10,26,50],"JobId{value='Visit60'}":[2023,10,4,12,15,3]},"VehicleId{value='vehicle-2'}":{"JobId{value='Visit53'}":[2023,10,4,9,25,33],"JobId{value='Visit76'}":[2023,10,4,12,6,14],"JobId{value='Visit16'}":[2023,10,4,9,0],"JobId{value='Visit38'}":[2023,10,4,14,35,22],"JobId{value='Visit47'}":[2023,10,4,17,19,5],"JobId{value='Visit91'}":[2023,10,4,15,51,59],"JobId{value='Visit90'}":[2023,10,4,11,19,42],"JobId{value='Visit62'}":[2023,10,4,13,59,16],"JobId{value='Visit30'}":[2023,10,4,15,30,13],"JobId{value='Visit71'}":[2023,10,4,10,19,58],"JobId{value='Visit94'}":[2023,10,4,16,40,2],"JobId{value='Visit8'}":[2023,10,4,11,39,35],"JobId{value='Visit7'}":[2023,10,4,10,38,30],"JobId{value='Visit2'}":[2023,10,4,13,34,24]},"VehicleId{value='vehicle-3'}":{"JobId{value='Visit55'}":[2023,10,4,9,0],"JobId{value='Visit66'}":[2023,10,4,10,42,27],"JobId{value='Visit33'}":[2023,10,4,12,23,41],"JobId{value='Visit89'}":[2023,10,4,16,5,28],"JobId{value='Visit31'}":[2023,10,4,10,17,3],"JobId{value='Visit64'}":[2023,10,4,15,9,26],"JobId{value='Visit32'}":[2023,10,4,12,6,9],"JobId{value='Visit54'}":[2023,10,4,15,35,14],"JobId{value='Visit17'}":[2023,10,4,10,59,22],"JobId{value='Visit40'}":[2023,10,4,14,39,28],"JobId{value='Visit96'}":[2023,10,4,9,23,22],"JobId{value='Visit82'}":[2023,10,4,11,28,6]},"VehicleId{value='vehicle-4'}":{"JobId{value='Visit12'}":[2023,10,4,14,3,27],"JobId{value='Visit75'}":[2023,10,4,15,17,12],"JobId{value='Visit87'}":[2023,10,4,9,0],"JobId{value='Visit10'}":[2023,10,4,13,28,32],"JobId{value='Visit35'}":[2023,10,4,10,13,59],"JobId{value='Visit68'}":[2023,10,4,16,29,1],"JobId{value='Visit36'}":[2023,10,4,14,49,54],"JobId{value='Visit81'}":[2023,10,4,9,33,2],"JobId{value='Visit95'}":[2023,10,4,12,8,9],"JobId{value='Visit72'}":[2023,10,4,11,27,15]}},"meanworkingShift":32932.0},"VisualAttractivenessAnalysisResult":{"meanDistanceToGeographicCenter":{"VehicleId{value='vehicle-0'}":34891.839454999856,"VehicleId{value='vehicle-1'}":43736.78664461311,"VehicleId{value='vehicle-2'}":24606.10559090971,"VehicleId{value='vehicle-3'}":20977.50468782978,"VehicleId{value='vehicle-4'}":24859.131578525255},"outliersTTBetweenStops":{"VehicleId{value='vehicle-0'}":[4037.000000000],"VehicleId{value='vehicle-1'}":[3374.000000000],"VehicleId{value='vehicle-2'}":[],"VehicleId{value='vehicle-3'}":[3111.000000000],"VehicleId{value='vehicle-4'}":[3796.000000000,3709.000000000]},"meanTravelTimeBetweenStops":{"VehicleId{value='vehicle-0'}":1519.000000000,"VehicleId{value='vehicle-1'}":1916.000000000,"VehicleId{value='vehicle-2'}":1520.000000000,"VehicleId{value='vehicle-3'}":1352.000000000,"VehicleId{value='vehicle-4'}":1900.000000000},"convexHullList":{"VehicleId{value='vehicle-0'}":[{"latitude":50.8447356,"longitude":4.5045529},{"latitude":50.7387627,"longitude":5.1386158},{"latitude":50.7536449,"longitude":5.760786}],"VehicleId{value='vehicle-1'}":[{"latitude":50.9017523,"longitude":3.8948222},{"latitude":50.7763447,"longitude":5.4556629},{"latitude":50.8086716,"longitude":5.5911103}],"VehicleId{value='vehicle-2'}":[{"latitude":50.888115,"longitude":3.3971857},{"latitude":50.8390259,"longitude":4.2497359},{"latitude":51.1287245,"longitude":4.594845}],"VehicleId{value='vehicle-3'}":[{"latitude":50.8198078,"longitude":3.189412},{"latitude":50.8195182,"longitude":3.2209952},{"latitude":50.8198264,"longitude":3.3550182}],"VehicleId{value='vehicle-4'}":[{"latitude":50.788895,"longitude":3.2367124},{"latitude":50.775728,"longitude":3.4364609},{"latitude":51.1972715,"longitude":3.68953}]},"visitsCloserToOtherCenterOfGravity":[[["START","START","START","Visit25","Visit25","Visit25","Visit49","Visit60","Visit24","Visit23","Visit80","Visit97","END","END","END"],["vehicle-4","vehicle-2","vehicle-3","vehicle-4","vehicle-2","vehicle-3","vehicle-0","vehicle-0","vehicle-0","vehicle-0","vehicle-0","vehicle-0","vehicle-4","vehicle-2","vehicle-3"]],[["START","Visit87","Visit19","Visit10","Visit12","Visit36","Visit36","END"],["vehicle-3","vehicle-3","vehicle-3","vehicle-3","vehicle-3","vehicle-2","vehicle-3","vehicle-3"]],[[],[]],[["START","Visit16","END"],["vehicle-3","vehicle-3","vehicle-3"]],[[],[]]],"meanDistanceToConvexHull":{"VehicleId{value='vehicle-0'}":23501.120373731355,"VehicleId{value='vehicle-1'}":30063.233451787604,"VehicleId{value='vehicle-2'}":36636.49729064929,"VehicleId{value='vehicle-3'}":4618.572837863056,"VehicleId{value='vehicle-4'}":13866.152906393292}},"CargoAnalysisResult":{"totalLoadKgs":null,"totalLoadVolume":null,"biggestLoad":null,"biggestLoadVolume":null,"smallestLoad":null,"smallestLoadVolume":null,"meanLoad":0.0,"meanLoadVolume":0.0,"stdDevLoad":null,"maxRelativeLoad":null},"RouteCompositionAnalysisResult":{"numberOfRoutes":5,"stopsLongestRoute":16,"stopsShortestRoute":12,"meanStops":14.2,"stdDevStops":1.32664991614216,"totalDistanceMeters":1926836,"unassignedJobs":[{"value":"Visit4"},{"value":"Visit28"},{"value":"Visit74"},{"value":"Visit21"},{"value":"Visit37"},{"value":"Visit29"},{"value":"Visit84"},{"value":"Visit39"},{"value":"Visit59"},{"value":"Visit14"},{"value":"Visit98"},{"value":"Visit52"},{"value":"Visit26"},{"value":"Visit6"},{"value":"Visit67"},{"value":"Visit3"},{"value":"Visit46"},{"value":"Visit50"},{"value":"Visit86"},{"value":"Visit93"},{"value":"Visit13"},{"value":"Visit42"},{"value":"Visit5"},{"value":"Visit22"},{"value":"Visit57"},{"value":"Visit83"},{"value":"Visit44"},{"value":"Visit58"},{"value":"Visit56"},{"value":"Visit69"},{"value":"Visit41"},{"value":"Visit1"},{"value":"Visit92"},{"value":"Visit70"}],"failureRate":0.3238095238095238,"runTime":23618}}