{"WorkingShiftAnalysisResult":{"totalWaitingTimeSeconds":0.0,"workingShiftOfEachDriver":{"VehicleId{value='vehicle-0'}":32154.000000000,"VehicleId{value='vehicle-1'}":36111.000000000,"VehicleId{value='vehicle-2'}":37197.000000000,"VehicleId{value='vehicle-3'}":35503.000000000,"VehicleId{value='vehicle-4'}":33347.000000000},"stddevWorkingShifts":2064.678909661258,"shortestWorkingShift":{"VehicleId{value='vehicle-0'}":32154.000000000},"longestWorkingShift":{"VehicleId{value='vehicle-2'}":37197.000000000},"visitsTimeWindowWrong":{"VehicleId{value='vehicle-0'}":{"JobId{value='Visit129'}":[2023,10,4,11,14,20],"JobId{value='Visit118'}":[2023,10,4,12,12,4],"JobId{value='Visit31'}":[2023,10,4,15,48,38],"JobId{value='Visit32'}":[2023,10,4,14,34,9],"JobId{value='Visit126'}":[2023,10,4,14,50,52],"JobId{value='Visit158'}":[2023,10,4,9,18,54],"JobId{value='Visit117'}":[2023,10,4,16,48,44],"JobId{value='Visit139'}":[2023,10,4,17,6,46],"JobId{value='Visit187'}":[2023,10,4,11,47,29],"JobId{value='Visit134'}":[2023,10,4,13,2,46],"JobId{value='Visit40'}":[2023,10,4,15,16,33],"JobId{value='Visit194'}":[2023,10,4,14,0,4],"JobId{value='Visit196'}":[2023,10,4,13,18,12],"JobId{value='Visit5'}":[2023,10,4,9,59,26],"JobId{value='Visit28'}":[2023,10,4,9,0]},"VehicleId{value='vehicle-1'}":{"JobId{value='Visit56'}":[2023,10,4,13,50,27],"JobId{value='Visit64'}":[2023,10,4,16,16,3],"JobId{value='Visit10'}":[2023,10,4,11,42,40],"JobId{value='Visit54'}":[2023,10,4,16,4,19],"JobId{value='Visit114'}":[2023,10,4,14,18,21],"JobId{value='Visit49'}":[2023,10,4,17,7,31],"JobId{value='Visit35'}":[2023,10,4,9,57,58],"JobId{value='Visit138'}":[2023,10,4,14,40,9],"JobId{value='Visit166'}":[2023,10,4,9,0],"JobId{value='Visit41'}":[2023,10,4,10,58,50],"JobId{value='Visit183'}":[2023,10,4,17,41,57],"JobId{value='Visit164'}":[2023,10,4,11,57,44],"JobId{value='Visit197'}":[2023,10,4,13,30,38],"JobId{value='Visit120'}":[2023,10,4,14,56,36],"JobId{value='Visit71'}":[2023,10,4,15,32,12],"JobId{value='Visit72'}":[2023,10,4,9,30,15],"JobId{value='Visit180'}":[2023,10,4,10,33,14],"JobId{value='Visit8'}":[2023,10,4,12,41,10]},"VehicleId{value='vehicle-2'}":{"JobId{value='Visit97'}":[2023,10,4,15,50,21],"JobId{value='Visit147'}":[2023,10,4,16,53,27],"JobId{value='Visit188'}":[2023,10,4,9,46,22],"JobId{value='Visit91'}":[2023,10,4,10,56,25],"JobId{value='Visit111'}":[2023,10,4,11,26,26],"JobId{value='Visit122'}":[2023,10,4,13,7,2],"JobId{value='Visit81'}":[2023,10,4,17,42,56],"JobId{value='Visit113'}":[2023,10,4,16,11,3],"JobId{value='Visit173'}":[2023,10,4,15,18,22],"JobId{value='Visit74'}":[2023,10,4,12,7,12],"JobId{value='Visit172'}":[2023,10,4,14,8,46],"JobId{value='Visit193'}":[2023,10,4,10,40,53],"JobId{value='Visit170'}":[2023,10,4,9,0],"JobId{value='Visit9'}":[2023,10,4,11,48,38],"JobId{value='Visit39'}":[2023,10,4,14,38,4]},"VehicleId{value='vehicle-3'}":{"JobId{value='Visit107'}":[2023,10,4,12,12,7],"JobId{value='Visit89'}":[2023,10,4,15,0,24],"JobId{value='Visit86'}":[2023,10,4,12,38,43],"JobId{value='Visit115'}":[2023,10,4,16,5,37],"JobId{value='Visit127'}":[2023,10,4,15,33,7],"JobId{value='Visit168'}":[2023,10,4,9,0],"JobId{value='Visit189'}":[2023,10,4,11,10,47],"JobId{value='Visit151'}":[2023,10,4,13,55,10],"JobId{value='Visit95'}":[2023,10,4,14,45,6],"JobId{value='Visit84'}":[2023,10,4,16,47,6],"JobId{value='Visit142'}":[2023,10,4,9,56,27],"JobId{value='Visit61'}":[2023,10,4,9,36,36],"JobId{value='Visit185'}":[2023,10,4,10,32,40],"JobId{value='Visit163'}":[2023,10,4,11,41,48],"JobId{value='Visit152'}":[2023,10,4,13,12,15]},"VehicleId{value='vehicle-4'}":{"JobId{value='Visit44'}":[2023,10,4,9,0],"JobId{value='Visit119'}":[2023,10,4,11,50,1],"JobId{value='Visit76'}":[2023,10,4,11,11,5],"JobId{value='Visit21'}":[2023,10,4,12,43,14],"JobId{value='Visit148'}":[2023,10,4,10,23,51],"JobId{value='Visit104'}":[2023,10,4,13,5,15],"JobId{value='Visit68'}":[2023,10,4,14,20,54],"JobId{value='Visit177'}":[2023,10,4,14,57,49],"JobId{value='Visit155'}":[2023,10,4,17,13,49],"JobId{value='Visit92'}":[2023,10,4,9,33,12],"JobId{value='Visit154'}":[2023,10,4,16,15,36],"JobId{value='Visit146'}":[2023,10,4,10,1,41],"JobId{value='Visit82'}":[2023,10,4,15,41,37],"JobId{value='Visit190'}":[2023,10,4,13,21,21]}},"meanworkingShift":34862.4},"VisualAttractivenessAnalysisResult":{"meanDistanceToGeographicCenter":{"VehicleId{value='vehicle-0'}":24557.369624363284,"VehicleId{value='vehicle-1'}":29590.244193059723,"VehicleId{value='vehicle-2'}":28742.11068046045,"VehicleId{value='vehicle-3'}":25930.325813337746,"VehicleId{value='vehicle-4'}":20609.55603298972},"outliersTTBetweenStops":{"VehicleId{value='vehicle-0'}":[3006.000000000],"VehicleId{value='vehicle-1'}":[2633.000000000],"VehicleId{value='vehicle-2'}":[],"VehicleId{value='vehicle-3'}":[318.000000000,3199.000000000],"VehicleId{value='vehicle-4'}":[]},"meanTravelTimeBetweenStops":{"VehicleId{value='vehicle-0'}":1326.000000000,"VehicleId{value='vehicle-1'}":1235.000000000,"VehicleId{value='vehicle-2'}":1623.000000000,"VehicleId{value='vehicle-3'}":1523.000000000,"VehicleId{value='vehicle-4'}":1663.000000000},"convexHullList":{"VehicleId{value='vehicle-0'}":[{"latitude":50.8625027,"longitude":4.5361372},{"latitude":50.7747395,"longitude":4.9746952},{"latitude":50.8158899,"longitude":5.1827932}],"VehicleId{value='vehicle-1'}":[{"latitude":50.8778984,"longitude":3.4233265},{"latitude":50.8682045,"longitude":3.6347492},{"latitude":50.8712024,"longitude":3.8086862}],"VehicleId{value='vehicle-2'}":[{"latitude":50.7752187,"longitude":3.031345},{"latitude":50.7543962,"longitude":3.6626718},{"latitude":51.0583617,"longitude":3.7168374}],"VehicleId{value='vehicle-3'}":[{"latitude":50.835188,"longitude":5.2558867},{"latitude":50.7657176,"longitude":5.4327067},{"latitude":50.8697285,"longitude":5.5131844}],"VehicleId{value='vehicle-4'}":[{"latitude":50.8767121,"longitude":4.0284876},{"latitude":50.7570339,"longitude":4.2034303},{"latitude":50.8719118,"longitude":4.6868334}]},"visitsCloserToOtherCenterOfGravity":[[["Visit74","Visit122","Visit172"],["vehicle-1","vehicle-1","vehicle-1"]],[["Visit119","Visit119","Visit68","Visit82"],["vehicle-3","vehicle-0","vehicle-1","vehicle-1"]],[["START","Visit166","END"],["vehicle-3","vehicle-3","vehicle-3"]],[["Visit151","Visit95","Visit89","Visit127","Visit115"],["vehicle-0","vehicle-0","vehicle-0","vehicle-0","vehicle-0"]],[[],[]]],"meanDistanceToConvexHull":{"VehicleId{value='vehicle-0'}":21991.925438211052,"VehicleId{value='vehicle-1'}":19693.801966333132,"VehicleId{value='vehicle-2'}":24653.33631861686,"VehicleId{value='vehicle-3'}":7647.642664725292,"VehicleId{value='vehicle-4'}":16640.756917544688}},"CargoAnalysisResult":{"totalLoadKgs":null,"totalLoadVolume":null,"biggestLoad":null,"biggestLoadVolume":null,"smallestLoad":null,"smallestLoadVolume":null,"meanLoad":0.0,"meanLoadVolume":0.0,"stdDevLoad":null,"maxRelativeLoad":null},"RouteCompositionAnalysisResult":{"numberOfRoutes":5,"stopsLongestRoute":20,"stopsShortestRoute":15,"meanStops":17.2,"stdDevStops":1.6,"totalDistanceMeters":1929820,