{"WorkingShiftAnalysisResult":{"totalWaitingTimeSeconds":29752.000000000,"workingShiftOfEachDriver":{"VehicleId{value='vehicle-0'}":29071.000000000,"VehicleId{value='vehicle-1'}":18758.000000000,"VehicleId{value='vehicle-7'}":25005.000000000,"VehicleId{value='vehicle-8'}":28071.000000000,"VehicleId{value='vehicle-2'}":25784.000000000,"VehicleId{value='vehicle-3'}":24413.000000000,"VehicleId{value='vehicle-4'}":34458.000000000,"VehicleId{value='vehicle-5'}":32061.000000000},"stddevWorkingShifts":4875.960403565933,"shortestWorkingShift":{"VehicleId{value='vehicle-1'}":18758.000000000},"longestWorkingShift":{"VehicleId{value='vehicle-4'}":34458.000000000},"visitsTimeWindowWrong":{"VehicleId{value='vehicle-0'}":{"JobId{value='Visit191'}":[2023,10,4,11,44,51],"JobId{value='Visit173'}":[2023,10,4,12,20,17]},"VehicleId{value='vehicle-1'}":{"JobId{value='Visit91'}":[2023,10,4,10,6,15],"JobId{value='Visit151'}":[2023,10,4,9,0]},"VehicleId{value='vehicle-7'}":{"JobId{value='Visit199'}":[2023,10,4,11,12,43],"JobId{value='Visit110'}":[2023,10,4,12,39,30]},"VehicleId{value='vehicle-8'}":{"JobId{value='Visit38'}":[2023,10,4,11,34,25],"JobId{value='Visit69'}":[2023,10,4,12,9,43],"JobId{value='Visit93'}":[2023,10,4,12,27,1]},"VehicleId{value='vehicle-2'}":{"JobId{value='Visit108'}":[2023,10,4,12,4,30],"JobId{value='Visit6'}":[2023,10,4,10,21,2],"JobId{value='Visit187'}":[2023,10,4,10,59,6],"JobId{value='Visit176'}":[2023,10,4,13,3,45],"JobId{value='Visit74'}":[2023,10,4,12,26,35],"JobId{value='Visit96'}":[2023,10,4,12,46,14]},"VehicleId{value='vehicle-3'}":{"JobId{value='Visit119'}":[2023,10,4,12,26,20]},"VehicleId{value='vehicle-4'}":{"JobId{value='Visit182'}":[2023,10,4,17,55,16],"JobId{value='Visit98'}":[2023,10,4,14,3,44],"JobId{value='Visit25'}":[2023,10,4,12,50,25],"JobId{value='Visit144'}":[2023,10,4,17,4,37],"JobId{value='Visit1'}":[2023,10,4,18,10,33],"JobId{value='Visit62'}":[2023,10,4,10,46,39],"JobId{value='Visit152'}":[2023,10,4,12,31,57]},"VehicleId{value='vehicle-5'}":{"JobId{value='Visit34'}":[2023,10,4,12,22,33],"JobId{value='Visit120'}":[2023,10,4,9,38,54]}},"meanworkingShift":27202.625},"VisualAttractivenessAnalysisResult":{"meanDistanceToGeographicCenter":{"VehicleId{value='vehicle-0'}":1827.3071129850744,"VehicleId{value='vehicle-1'}":2398.1658864906176,"VehicleId{value='vehicle-7'}":1699.9303734867974,"VehicleId{value='vehicle-8'}":4035.20913233215,"VehicleId{value='vehicle-2'}":3551.611747777436,"VehicleId{value='vehicle-3'}":2639.5516474920883,"VehicleId{value='vehicle-4'}":3305.516421076476,"VehicleId{value='vehicle-5'}":2963.7017454988213},"outliersTTBetweenStops":{"VehicleId{value='vehicle-0'}":[],"VehicleId{value='vehicle-1'}":[786.000000000],"VehicleId{value='vehicle-7'}":[698.000000000],"VehicleId{value='vehicle-8'}":[1081.000000000],"VehicleId{value='vehicle-2'}":[819.000000000,725.000000000,24.000000000],"VehicleId{value='vehicle-3'}":[20.000000000,397.000000000,489.000000000],"VehicleId{value='vehicle-4'}":[972.000000000,837.000000000,1002.000000000],"VehicleId{value='vehicle-5'}":[990.000000000]},"meanTravelTimeBetweenStops":{"VehicleId{value='vehicle-0'}":244.000000000,"VehicleId{value='vehicle-1'}":364.000000000,"VehicleId{value='vehicle-7'}":239.000000000,"VehicleId{value='vehicle-8'}":427.000000000,"VehicleId{value='vehicle-2'}":374.000000000,"VehicleId{value='vehicle-3'}":211.000000000,"VehicleId{value='vehicle-4'}":373.000000000,"VehicleId{value='vehicle-5'}":361.000000000},"convexHullList":{"VehicleId{value='vehicle-0'}":[{"latitude":50.8215239,"longitude":4.3592292},{"latitude":50.8033453,"longitude":4.3895061},{"latitude":50.8110906,"longitude":4.4267405}],"VehicleId{value='vehicle-1'}":[{"latitude":50.8632126,"longitude":4.2814243},{"latitude":50.8273086,"longitude":4.2947471},{"latitude":50.8573888,"longitude":4.3387566}],"VehicleId{value='vehicle-7'}":[{"latitude":50.837606,"longitude":4.3020707},{"latitude":50.8404893,"longitude":4.3421177}],"VehicleId{value='vehicle-8'}":[{"latitude":50.8672591,"longitude":4.2830647},{"latitude":50.7839307,"longitude":4.3250331},{"latitude":50.8274204,"longitude":4.4611234}],"VehicleId{value='vehicle-2'}":[{"latitude":50.7930098,"longitude":4.3236349},{"latitude":50.7773531,"longitude":4.333447},{"latitude":50.8014323,"longitude":4.3610346}],"VehicleId{value='vehicle-3'}":[{"latitude":50.8126979,"longitude":4.3260001},{"latitude":50.8126104,"longitude":4.3331656},{"latitude":50.8178547,"longitude":4.3477639}],"VehicleId{value='vehicle-4'}":[{"latitude":50.8278392,"longitude":4.2819294},{"latitude":50.80294,"longitude":4.3932369},{"latitude":50.8091105,"longitude":4.4117129}],"VehicleId{value='vehicle-5'}":[{"latitude":50.7932979,"longitude":4.3248686},{"latitude":50.7764952,"longitude":4.3686945},{"latitude":50.8394464,"longitude":4.451848}]},