{"WorkingShiftAnalysisResult":{"totalWaitingTimeSeconds":247.000000000,"workingShiftOfEachDriver":{"VehicleId{value='vehicle-0'}":37288.000000000,"VehicleId{value='vehicle-1'}":34999.000000000,"VehicleId{value='vehicle-6'}":36352.000000000,"VehicleId{value='vehicle-7'}":36494.000000000,"VehicleId{value='vehicle-8'}":37212.000000000,"VehicleId{value='vehicle-9'}":35397.000000000,"VehicleId{value='vehicle-2'}":36097.000000000,"VehicleId{value='vehicle-3'}":36972.000000000,"VehicleId{value='vehicle-4'}":37012.000000000,"VehicleId{value='vehicle-5'}":36759.000000000},"stddevWorkingShifts":768.5761727593,"shortestWorkingShift":{"VehicleId{value='vehicle-1'}":34999.000000000},"longestWorkingShift":{"VehicleId{value='vehicle-0'}":37288.000000000},"visitsTimeWindowWrong":{"VehicleId{value='vehicle-0'}":{"JobId{value='Visit272'}":[2023,10,4,17,50,51]},"VehicleId{value='vehicle-1'}":{"JobId{value='Visit306'}":[2023,10,4,12,16,37],"JobId{value='Visit414'}":[2023,10,4,14,0,13]},"VehicleId{value='vehicle-6'}":{},"VehicleId{value='vehicle-7'}":{"JobId{value='Visit280'}":[2023,10,4,10,44,35]},"VehicleId{value='vehicle-8'}":{"JobId{value='Visit251'}":[2023,10,4,18,3,22]},"VehicleId{value='vehicle-9'}":{"JobId{value='Visit90'}":[2023,10,4,17,46,37],"JobId{value='Visit82'}":[2023,10,4,9,31,4]},"VehicleId{value='vehicle-2'}":{},"VehicleId{value='vehicle-3'}":{},"VehicleId{value='vehicle-4'}":{"JobId{value='Visit298'}":[2023,10,4,17,26,48]},"VehicleId{value='vehicle-5'}":{}},"meanworkingShift":36458.2},"VisualAttractivenessAnalysisResult":{"meanDistanceToGeographicCenter":{"VehicleId{value='vehicle-0'}":21783.329828397902,"VehicleId{value='vehicle-1'}":17266.171679324692,"VehicleId{value='vehicle-6'}":29127.305354191925,"VehicleId{value='vehicle-7'}":30557.76330657066,"VehicleId{value='vehicle-8'}":29241.522957423203,"VehicleId{value='vehicle-9'}":27286.46151775293,"VehicleId{value='vehicle-2'}":18934.82406279362,"VehicleId{value='vehicle-3'}":28266.109876156166,"VehicleId{value='vehicle-4'}":35752.720222831944,"VehicleId{value='vehicle-5'}":30369.529860323124},"outliersTTBetweenStops":{"VehicleId{value='vehicle-0'}":[2218.000000000,2181.000000000],"VehicleId{value='vehicle-1'}":[2087.000000000,1831.000000000],"VehicleId{value='vehicle-6'}":[2941.000000000,3482.000000000],"VehicleId{value='vehicle-7'}":[2885.000000000,2760.000000000],"VehicleId{value='vehicle-8'}":[2370.000000000],"VehicleId{value='vehicle-9'}":[3856.000000000],"VehicleId{value='vehicle-2'}":[2043.000000000],"VehicleId{value='vehicle-3'}":[1957.000000000,2138.000000000,2015.000000000],"VehicleId{value='vehicle-4'}":[3151.000000000,3376.000000000],"VehicleId{value='vehicle-5'}":[4161.000000000,3987.000000000]},"meanTravelTimeBetweenStops":{"VehicleId{value='vehicle-0'}":915.000000000,"VehicleId{value='vehicle-1'}":947.000000000,"VehicleId{value='vehicle-6'}":821.000000000,"VehicleId{value='vehicle-7'}":1012.000000000,"VehicleId{value='vehicle-8'}":912.000000000,"VehicleId{value='vehicle-9'}":1114.000000000,"VehicleId{value='vehicle-2'}":994.000000000,"VehicleId{value='vehicle-3'}":902.000000000,"VehicleId{value='vehicle-4'}":958.000000000,"VehicleId{value='vehicle-5'}":1098.000000000},"convexHullList":{"VehicleId{value='vehicle-0'}":[{"latitude":50.7447489,"longitude":3.5891006},{"latitude":50.7436529,"longitude":3.6295092},{"latitude":50.96389,"longitude":4.17042}],"VehicleId{value='vehicle-1'}":[{"latitude":51.0319092,"longitude":4.1630797},{"latitude":50.9804136,"longitude":4.5740109},{"latitude":51.0353336,"longitude":4.6906436}],"VehicleId{value='vehicle-6'}":[{"latitude":51.12563,"longitude":3.03319},{"latitude":51.0323197,"longitude":3.7259962},{"latitude":51.0973199,"longitude":4.1392207}],"VehicleId{value='vehicle-7'}":[{"latitude":51.1144,"longitude":4.13652},{"latitude":50.8800229,"longitude":5.2987252},{"latitude":50.958592,"longitude":5.4821266}],"VehicleId{value='vehicle-8'}":[{"latitude":51.1393329,"longitude":4.5513225},{"latitude":50.9325872,"longitude":5.3512577},{"latitude":51.0632154,"longitude":5.7244203}],"VehicleId{value='vehicle-9'}":[{"latitude":50.9629906,"longitude":3.1092},{"latitude":50.8901013,"longitude":3.2366925},{"latitude":51.089713,"longitude":3.993437}],"VehicleId{value='vehicle-2'}":[{"latitude":50.8467844,"longitude":4.2657449},{"latitude":50.82472,"longitude":4.51323},{"latitude":50.9110273,"longitude":4.8073987}],"VehicleId{value='vehicle-3'}":[{"latitude":50.7967208,"longitude":3.1214688},{"latitude":50.7920496,"longitude":4.274796},{"latitude":50.794714,"longitude":4.2857138}],"VehicleId{value='vehicle-4'}":[{"latitude":51.3129999,"longitude":3.1268666},{"latitude":50.8285852,"longitude":3.5072601},{"latitude":50.8440297,"longitude":3.6116124}],"VehicleId{value='vehicle-5'}":[{"latitude":51.11178,"longitude":2.65702},{"latitude":51.0204047,"longitude":3.7527947},{"latitude":51.0648766,"longitude":4.0294611}]},