{"WorkingShiftAnalysisResult":{"totalWaitingTimeSeconds":11348.000000000,"workingShiftOfEachDriver":{"VehicleId{value='vehicle-1'}":36467.000000000,"VehicleId{value='vehicle-6'}":37824.000000000,"VehicleId{value='vehicle-7'}":38119.000000000,"VehicleId{value='vehicle-8'}":24149.000000000,"VehicleId{value='vehicle-9'}":37414.000000000,"VehicleId{value='vehicle-2'}":35925.000000000,"VehicleId{value='vehicle-3'}":36434.000000000,"VehicleId{value='vehicle-4'}":37516.000000000,"VehicleId{value='vehicle-5'}":30337.000000000},"stddevWorkingShifts":4668.228089971612,"shortestWorkingShift":{"VehicleId{value='vehicle-8'}":24149.000000000},"longestWorkingShift":{"VehicleId{value='vehicle-7'}":38119.000000000},"visitsTimeWindowWrong":{"VehicleId{value='vehicle-1'}":{},"VehicleId{value='vehicle-6'}":{"JobId{value='Visit166'}":[2023,10,4,12,6,3]},"VehicleId{value='vehicle-7'}":{"JobId{value='Visit80'}":[2023,10,4,18,12,52],"JobId{value='Visit165'}":[2023,10,4,13,55,30]},"VehicleId{value='vehicle-8'}":{},"VehicleId{value='vehicle-9'}":{"JobId{value='Visit45'}":[2023,10,4,12,4,27],"JobId{value='Visit171'}":[2023,10,4,17,59,34]},"VehicleId{value='vehicle-2'}":{"JobId{value='Visit21'}":[2023,10,4,13,1,16],"JobId{value='Visit84'}":[2023,10,4,12,17,25]},"VehicleId{value='vehicle-3'}":{"JobId{value='Visit14'}":[2023,10,4,17,59,46]},"VehicleId{value='vehicle-4'}":{"JobId{value='Visit75'}":[2023,10,4,18,3,44]},"VehicleId{value='vehicle-5'}":{}},"meanworkingShift":34909.444444444445},"VisualAttractivenessAnalysisResult":{"meanDistanceToGeographicCenter":{"VehicleId{value='vehicle-1'}":25357.95685643392,"VehicleId{value='vehicle-6'}":38819.79903354443,"VehicleId{value='vehicle-7'}":29333.363430241745,"VehicleId{value='vehicle-8'}":13451.62562187821,"VehicleId{value='vehicle-9'}":26782.73914646079,"VehicleId{value='vehicle-2'}":24085.99202361561,"VehicleId{value='vehicle-3'}":20598.84261682756,"VehicleId{value='vehicle-4'}":17641.138425804853,"VehicleId{value='vehicle-5'}":19816.85373558249},"outliersTTBetweenStops":{"VehicleId{value='vehicle-1'}":[3437.000000000],"VehicleId{value='vehicle-6'}":[3856.000000000],"VehicleId{value='vehicle-7'}":[3415.000000000],"VehicleId{value='vehicle-8'}":[2161.000000000],"VehicleId{value='vehicle-9'}":[3168.000000000],"VehicleId{value='vehicle-2'}":[3924.000000000],"VehicleId{value='vehicle-3'}":[2857.000000000],"VehicleId{value='vehicle-4'}":[1644.000000000,1505.000000000],"VehicleId{value='vehicle-5'}":[3127.000000000]},"meanTravelTimeBetweenStops":{"VehicleId{value='vehicle-1'}":1448.000000000,"VehicleId{value='vehicle-6'}":1801.000000000,"VehicleId{value='vehicle-7'}":1437.000000000,"VehicleId{value='vehicle-8'}":1003.000000000,"VehicleId{value='vehicle-9'}":1511.000000000,"VehicleId{value='vehicle-2'}":2197.000000000,"VehicleId{value='vehicle-3'}":1149.000000000,"VehicleId{value='vehicle-4'}":714.000000000,"VehicleId{value='vehicle-5'}":1779.000000000},"convexHullList":{"VehicleId{value='vehicle-1'}":[{"latitude":51.0740115,"longitude":2.6599779},{"latitude":50.8310541,"longitude":3.2764026},{"latitude":50.9186562,"longitude":3.728837}],"VehicleId{value='vehicle-6'}":[{"latitude":50.9248066,"longitude":3.9623282},{"latitude":50.922214,"longitude":4.721963},{"latitude":51.0667256,"longitude":5.0903601}],"VehicleId{value='vehicle-7'}":[{"latitude":50.73414,"longitude":4.1719},{"latitude":50.7425016,"longitude":4.5079129}],"VehicleId{value='vehicle-8'}":[{"latitude":50.7621673,"longitude":3.8626539},{"latitude":50.8427532,"longitude":4.2562223}],"VehicleId{value='vehicle-9'}":[{"latitude":50.8075326,"longitude":3.6228801},{"latitude":50.7975853,"longitude":4.0253328},{"latitude":51.1714628,"longitude":4.8338212}],"VehicleId{value='vehicle-2'}":[{"latitude":51.1775488,"longitude":4.8295961},{"latitude":50.8256479,"longitude":5.1737956},{"latitude":50.9466471,"longitude":5.6738604}],"VehicleId{value='vehicle-3'}":[{"latitude":50.862209,"longitude":4.461466},{"latitude":50.8575577,"longitude":4.5051721},{"latitude":50.8785339,"longitude":4.5883742}],"VehicleId{value='vehicle-4'}":[{"latitude":50.8317761,"longitude":3.2542776},{"latitude":50.8197601,"longitude":3.2790528},{"latitude":50.889253,"longitude":3.7906271}],"VehicleId{value='vehicle-5'}":[{"latitude":51.122542,"longitude":2.6414606},{"latitude":50.8271442,"longitude":3.2600923},{"latitude":51.2748517,"longitude":3.6256756}]},"visitsCloserToOtherCenterOfGravity":[[["Route start for vehicle-7","Route start for vehicle-7","Visit16","Visit16","Visit16","Visit16","Visit2","Visit2","Visit2","Visit2","Visit47","Visit165","Visit65","Visit128","Route end for vehicle-7","Route end for vehicle-7"],["vehicle-8","vehicle-9","vehicle-8","vehicle-3","vehicle-6","vehicle-9","vehicle-8","vehicle-3","vehicle-6","vehicle-9","vehicle-2","vehicle-2","vehicle-2","vehicle-2","vehicle-8","vehicle-9"]],[["Visit143","Visit36","Visit36","Visit8","Visit8","Visit33","Visit33","Visit18","Visit116"],["vehicle-1","vehicle-1","vehicle-4","vehicle-1","vehicle-4","vehicle-1","vehicle-4","vehicle-1","vehicle-1"]],[["Visit89","Visit140","Visit11","Visit11","Visit11","Visit76","Visit76","Visit76","Visit118","Visit188","Visit122","Visit194"],["vehicle-4","vehicle-4","vehicle-8","vehicle-4","vehicle-9","vehicle-8","vehicle-4","vehicle-9","vehicle-4","vehicle-4","vehicle-4","vehicle-4"]],[["Visit170","Visit26","Visit82","Visit82","Visit82"],["vehicle-9","vehicle-6","vehicle-3","vehicle-6","vehicle-9"]],[["Visit186","Visit186","Visit196","Visit196","Visit91","Visit91","Visit181","Visit172","Visit3","Visit3","Visit155","Visit155","Visit22","Visit22","Visit127","Visit87"],["vehicle-6","vehicle-2","vehicle-6","vehicle-2","vehicle-6","vehicle-2","vehicle-6","vehicle-6","vehicle-6","vehicle-9","vehicle-6","vehicle-9","vehicle-6","vehicle-9","vehicle-9","vehicle-9"]],[["Visit25","Visit102","Visit85"],["vehicle-9","vehicle-9","vehicle-9"]],[["Route start for vehicle-6","Visit177","Visit120","Visit166","Visit180","Visit178","Visit197","Visit174","Visit34","Visit93","Visit130","Visit160","Route end for vehicle-6"],["vehicle-9","vehicle-9","vehicle-2","vehicle-2","vehicle-2","vehicle-2","vehicle-2","vehicle-2","vehicle-2","vehicle-2","vehicle-9","vehicle-9","vehicle-9"]],[[],[]],[[],[]]],"meanDistanceToConvexHull":{"VehicleId{value='vehicle-1'}":22848.81164595054,"VehicleId{value='vehicle-6'}":31226.353203043178,"VehicleId{value='vehicle-7'}":36337.094949795995,"VehicleId{value='vehicle-8'}":26477.410091778045,"VehicleId{value='vehicle-9'}":21516.212119344662,"VehicleId{value='vehicle-2'}":23228.64600374496,"VehicleId{value='vehicle-3'}":4530.327860972684,"VehicleId{value='vehicle-4'}":3423.0066528552616,"VehicleId{value='vehicle-5'}":35445.88397894167}},"RouteCompositionAnalysisResult":{"numberOfRoutes":9,"stopsLongestRoute":29,"stopsShortestRoute":10,"meanStops":17.555555555555557,"stdDevStops":5.144816401240099,"totalDistanceMeters":3082010,"unassignedJobs":[{"value":"Visit133"},{"value":"Visit105"},{"value":"Visit48"},{"value":"Visit15"},{"value":"Visit183"},{"value":"Visit38"},{"value":"Visit179"},{"value":"Visit17"},{"value":"Visit149"},{"value":"Visit100"},{"value":"Visit132"},{"value":"Visit70"},{"value":"Visit104"},{"value":"Visit60"},{"value":"Visit90"},{"value":"Visit198"},{"value":"Visit157"},{"value":"Visit108"},{"value":"Visit10"},{"value":"Visit145"},{"value":"Visit146"},{"value":"Visit195"},{"value":"Visit7"},{"value":"Visit150"},{"value":"Visit20"},{"value":"Visit9"},{"value":"Visit78"},{"value":"Visit175"},{"value":"Visit134"},{"value":"Visit123"},{"value":"Visit95"},{"value":"Visit88"},{"value":"Visit42"},{"value":"Visit19"},{"value":"Visit135"},{"value":"Visit40"},{"value":"Visit139"},{"value":"Visit110"},{"value":"Visit115"},{"value":"Visit52"},{"value":"Visit5"},{"value":"Visit83"},{"value":"Visit0"},{"value":"Visit117"},{"value":"Visit56"},{"value":"Visit185"},{"value":"Visit50"},{"value":"Visit187"},{"value":"Visit51"},{"value":"Visit99"},{"value":"Visit137"}],"failureRate":0.24401913875598086,