{"WorkingShiftAnalysisResult":{"totalWaitingTimeSeconds":0.0,"workingShiftOfEachDriver":{"VehicleId{value='vehicle-6'}":27660.000000000,"VehicleId{value='vehicle-7'}":29369.000000000,"VehicleId{value='vehicle-8'}":33310.000000000,"VehicleId{value='vehicle-9'}":31225.000000000,"VehicleId{value='vehicle-2'}":14656.000000000,"VehicleId{value='vehicle-10'}":29912.000000000,"VehicleId{value='vehicle-3'}":32216.000000000,"VehicleId{value='vehicle-4'}":34288.000000000,"VehicleId{value='vehicle-5'}":28046.000000000,"VehicleId{value='vehicle-13'}":34197.000000000,"VehicleId{value='vehicle-14'}":28606.000000000,"VehicleId{value='vehicle-11'}":27886.000000000,"VehicleId{value='vehicle-0'}":27152.000000000,"VehicleId{value='vehicle-12'}":34985.000000000,"VehicleId{value='vehicle-1'}":33508.000000000,"VehicleId{value='vehicle-17'}":35505.000000000,"VehicleId{value='vehicle-18'}":34665.000000000,"VehicleId{value='vehicle-15'}":27400.000000000,"VehicleId{value='vehicle-16'}":34547.000000000,"VehicleId{value='vehicle-19'}":22157.000000000},"stddevWorkingShifts":5084.127125827888,"shortestWorkingShift":{"VehicleId{value='vehicle-2'}":14656.000000000},"longestWorkingShift":{"VehicleId{value='vehicle-17'}":35505.000000000},"visitsTimeWindowWrong":null,"meanworkingShift":30064.5},"VisualAttractivenessAnalysisResult":{"meanDistanceToGeographicCenter":{"VehicleId{value='vehicle-6'}":11529.770958615169,"VehicleId{value='vehicle-7'}":17931.78634583043,"VehicleId{value='vehicle-8'}":24283.982790810114,"VehicleId{value='vehicle-9'}":15293.281627490418,"VehicleId{value='vehicle-2'}":7067.474890850717,"VehicleId{value='vehicle-10'}":11820.553285029433,"VehicleId{value='vehicle-3'}":7001.730663490538,"VehicleId{value='vehicle-4'}":14873.748333511832,"VehicleId{value='vehicle-5'}":11570.232305814876,"VehicleId{value='vehicle-13'}":11594.905337706661,"VehicleId{value='vehicle-14'}":11828.087542035906,"VehicleId{value='vehicle-11'}":11978.552696812341,"VehicleId{value='vehicle-0'}":7099.3246843512225,"VehicleId{value='vehicle-12'}":20847.243755699485,"VehicleId{value='vehicle-1'}":8113.544753232595,"VehicleId{value='vehicle-17'}":13033.956508239218,"VehicleId{value='vehicle-18'}":8697.133504385152,"VehicleId{value='vehicle-15'}":9481.945267997351,"VehicleId{value='vehicle-16'}":14582.375985055209,"VehicleId{value='vehicle-19'}":13384.399973457676},"outliersTTBetweenStops":{"VehicleId{value='vehicle-6'}":[2154.000000000],"VehicleId{value='vehicle-7'}":[2608.000000000],"VehicleId{value='vehicle-8'}":[3193.000000000],"VehicleId{value='vehicle-9'}":[1663.000000000,1796.000000000,2031.000000000],"VehicleId{value='vehicle-2'}":[0.0],"VehicleId{value='vehicle-10'}":[1414.000000000,0.0],"VehicleId{value='vehicle-3'}":[1030.000000000,853.000000000,791.000000000,848.000000000],"VehicleId{value='vehicle-4'}":[1670.000000000,1480.000000000,1498.000000000],"VehicleId{value='vehicle-5'}":[1927.000000000],"VehicleId{value='vehicle-13'}":[1098.000000000,1005.000000000],"VehicleId{value='vehicle-14'}":[1164.000000000,0.0],"VehicleId{value='vehicle-11'}":[1486.000000000],"VehicleId{value='vehicle-0'}":[1246.000000000,1295.000000000],"VehicleId{value='vehicle-12'}":[3196.000000000],"VehicleId{value='vehicle-1'}":[1375.000000000,1581.000000000],"VehicleId{value='vehicle-17'}":[1224.000000000,1471.000000000,1303.000000000],"VehicleId{value='vehicle-18'}":[1392.000000000,1103.000000000],"VehicleId{value='vehicle-15'}":[2407.000000000,1584.000000000],"VehicleId{value='vehicle-16'}":[2725.000000000,2222.000000000],"VehicleId{value='vehicle-19'}":[2042.000000000]},"meanTravelTimeBetweenStops":{"VehicleId{value='vehicle-6'}":628.000000000,"VehicleId{value='vehicle-7'}":648.000000000,"VehicleId{value='vehicle-8'}":874.000000000,"VehicleId{value='vehicle-9'}":624.000000000,"VehicleId{value='vehicle-2'}":573.000000000,"VehicleId{value='vehicle-10'}":573.000000000,"VehicleId{value='vehicle-3'}":311.000000000,"VehicleId{value='vehicle-4'}":562.000000000,"VehicleId{value='vehicle-5'}":764.000000000,"VehicleId{value='vehicle-13'}":454.000000000,"VehicleId{value='vehicle-14'}":616.000000000,"VehicleId{value='vehicle-11'}":694.000000000,"VehicleId{value='vehicle-0'}":467.000000000,"VehicleId{value='vehicle-12'}":768.000000000,"VehicleId{value='vehicle-1'}":500.000000000,"VehicleId{value='vehicle-17'}":564.000000000,"VehicleId{value='vehicle-18'}":468.000000000,"VehicleId{value='vehicle-15'}":476.000000000,"VehicleId{value='vehicle-16'}":751.000000000,"VehicleId{value='vehicle-19'}":537.000000000},"convexHullList":{"VehicleId{value='vehicle-6'}":[{"latitude":51.2075369,"longitude":4.0037076},{"latitude":51.123147,"longitude":4.4891253},{"latitude":51.1290982,"longitude":4.5606051}],"VehicleId{value='vehicle-7'}":[{"latitude":51.062966,"longitude":4.5398875},{"latitude":51.0303142,"longitude":4.8348048},{"latitude":51.0984068,"longitude":4.9077717}],"VehicleId{value='vehicle-8'}":[{"latitude":50.7772784,"longitude":3.0432836},{"latitude":50.7405425,"longitude":3.5859873},{"latitude":50.7488748,"longitude":3.8462457}],"VehicleId{value='vehicle-9'}":[{"latitude":51.2168919,"longitude":4.4141452},{"latitude":51.2141935,"longitude":4.4331515},{"latitude":51.2895569,"longitude":5.0463962}],"VehicleId{value='vehicle-2'}":[{"latitude":50.8527571,"longitude":2.7329864},{"latitude":50.8125288,"longitude":3.0699419},{"latitude":50.8584036,"longitude":3.1305694}],"VehicleId{value='vehicle-10'}":[{"latitude":50.8683699,"longitude":3.3098505},{"latitude":50.8298487,"longitude":3.4897343},{"latitude":50.8516149,"longitude":3.632618}],"VehicleId{value='vehicle-3'}":[{"latitude":51.0730513,"longitude":4.3238797},{"latitude":51.0364212,"longitude":4.3245271},{"latitude":51.1274761,"longitude":4.4180849}],"VehicleId{value='vehicle-4'}":[{"latitude":50.7394304,"longitude":4.1777734},{"latitude":50.7336478,"longitude":4.2723824},{"latitude":50.7418211,"longitude":4.4954101}],"VehicleId{value='vehicle-5'}":[{"latitude":50.9093116,"longitude":4.6277607},{"latitude":50.8761614,"longitude":4.9006101},{"latitude":50.8940219,"longitude":5.1006473}],"VehicleId{value='vehicle-13'}":[{"latitude":51.1630869,"longitude":4.8226586},{"latitude":51.1622611,"longitude":4.8713854},{"latitude":51.1670151,"longitude":4.9094055}],"VehicleId{value='vehicle-14'}":[{"latitude":50.8475635,"longitude":5.3201972},{"latitude":50.8419421,"longitude":5.3426894},{"latitude":51.0204314,"longitude":5.4624789}],"VehicleId{value='vehicle-11'}":[{"latitude":51.1717423,"longitude":5.2618727},{"latitude":51.0209842,"longitude":5.3800088},{"latitude":51.1006235,"longitude":5.7848737}],"VehicleId{value='vehicle-0'}":[{"latitude":51.0340204,"longitude":3.7449633},{"latitude":50.9989655,"longitude":3.857207},{"latitude":51.0046574,"longitude":3.8865849}],"VehicleId{value='vehicle-12'}":[{"latitude":50.9763751,"longitude":3.4396614},{"latitude":50.8745891,"longitude":3.8120659},{"latitude":50.9189647,"longitude":4.1869038}],"VehicleId{value='vehicle-1'}":[{"latitude":51.2521411,"longitude":3.0019023},{"latitude":51.1339225,"longitude":3.2546195},{"latitude":51.1689355,"longitude":3.3378215}],"VehicleId{value='vehicle-17'}":[{"latitude":50.9277045,"longitude":4.0366747},{"latitude":50.8600637,"longitude":4.1140791},{"latitude":50.9169119,"longitude":4.5093449}],"VehicleId{value='vehicle-18'}":[{"latitude":51.0148717,"longitude":3.6644599},{"latitude":51.011804,"longitude":3.7181822},{"latitude":51.1961401,"longitude":3.7961831}],"VehicleId{value='vehicle-15'}":[{"latitude":51.0945106,"longitude":2.5928658},{"latitude":51.0137834,"longitude":2.7285774},{"latitude":51.0868282,"longitude":2.9775217}],"VehicleId{value='vehicle-16'}":[{"latitude":50.7363082,"longitude":5.260606},{"latitude":50.7487447,"longitude":5.8072377}],"VehicleId{value='vehicle-19'}":[{"latitude":50.8703912,"longitude":4.6743931},{"latitude":50.7542036,"longitude":5.0818735},{"latitude":50.7746123,"longitude":5.1289194}]},