{"WorkingShiftAnalysisResult":{"totalWaitingTimeSeconds":0.0,"workingShiftOfEachDriver":{"VehicleId{value='vehicle-6'}":21405.000000000,"VehicleId{value='vehicle-8'}":600.000000000,"VehicleId{value='vehicle-9'}":731.000000000,"VehicleId{value='vehicle-3'}":600.000000000,"VehicleId{value='vehicle-10'}":600.000000000,"VehicleId{value='vehicle-4'}":600.000000000,"VehicleId{value='vehicle-5'}":600.000000000,"VehicleId{value='vehicle-13'}":600.000000000,"VehicleId{value='vehicle-14'}":600.000000000,"VehicleId{value='vehicle-11'}":29790.000000000,"VehicleId{value='vehicle-0'}":33541.000000000,"VehicleId{value='vehicle-1'}":30360.000000000,"VehicleId{value='vehicle-12'}":1482.000000000,"VehicleId{value='vehicle-17'}":1436.000000000,"VehicleId{value='vehicle-18'}":722.000000000,"VehicleId{value='vehicle-16'}":33450.000000000},"stddevWorkingShifts":14085.982396221665,"shortestWorkingShift":{"VehicleId{value='vehicle-8'}":600.000000000},"longestWorkingShift":{"VehicleId{value='vehicle-0'}":33541.000000000},"visitsTimeWindowWrong":null,"meanworkingShift":9819.8125},"VisualAttractivenessAnalysisResult":{"meanDistanceToGeographicCenter":{"VehicleId{value='vehicle-6'}":1525.0766195111235,"VehicleId{value='vehicle-8'}":0.11235309815430738,"VehicleId{value='vehicle-9'}":0.061307440030479284,"VehicleId{value='vehicle-3'}":0.1385360989666364,"VehicleId{value='vehicle-10'}":0.10020054956304618,"VehicleId{value='vehicle-4'}":0.17562377120303227,"VehicleId{value='vehicle-5'}":0.1832400318377939,"VehicleId{value='vehicle-13'}":0.17482043842746942,"VehicleId{value='vehicle-14'}":0.19215190815675295,"VehicleId{value='vehicle-11'}":2193.411258798818,"VehicleId{value='vehicle-0'}":2342.809256957108,"VehicleId{value='vehicle-1'}":2102.2819384160107,"VehicleId{value='vehicle-12'}":134.37534776438852,"VehicleId{value='vehicle-17'}":35.35361192052237,"VehicleId{value='vehicle-18'}":0.06971471360807611,"VehicleId{value='vehicle-16'}":2331.433236987378},"outliersTTBetweenStops":{"VehicleId{value='vehicle-6'}":[333.000000000],"VehicleId{value='vehicle-8'}":[],"VehicleId{value='vehicle-9'}":[],"VehicleId{value='vehicle-3'}":[],"VehicleId{value='vehicle-10'}":[],"VehicleId{value='vehicle-4'}":[],"VehicleId{value='vehicle-5'}":[],"VehicleId{value='vehicle-13'}":[],"VehicleId{value='vehicle-14'}":[],"VehicleId{value='vehicle-11'}":[0.0,522.000000000],"VehicleId{value='vehicle-0'}":[445.000000000,635.000000000],"VehicleId{value='vehicle-1'}":[354.000000000,412.000000000,0.0],"VehicleId{value='vehicle-12'}":[],"VehicleId{value='vehicle-17'}":[],"VehicleId{value='vehicle-18'}":[],"VehicleId{value='vehicle-16'}":[639.000000000,706.000000000,553.000000000]},"meanTravelTimeBetweenStops":{"VehicleId{value='vehicle-6'}":158.000000000,"VehicleId{value='vehicle-8'}":0.0,"VehicleId{value='vehicle-9'}":65.000000000,"VehicleId{value='vehicle-3'}":0.0,"VehicleId{value='vehicle-10'}":0.0,"VehicleId{value='vehicle-4'}":0.0,"VehicleId{value='vehicle-5'}":0.0,"VehicleId{value='vehicle-13'}":0.0,"VehicleId{value='vehicle-14'}":0.0,"VehicleId{value='vehicle-11'}":244.000000000,"VehicleId{value='vehicle-0'}":175.000000000,"VehicleId{value='vehicle-1'}":155.000000000,"VehicleId{value='vehicle-12'}":94.000000000,"VehicleId{value='vehicle-17'}":78.000000000,"VehicleId{value='vehicle-18'}":61.000000000,"VehicleId{value='vehicle-16'}":210.000000000},"convexHullList":{"VehicleId{value='vehicle-6'}":[{"latitude":50.8285687,"longitude":4.2973426},{"latitude":50.8207497,"longitude":4.3006468},{"latitude":50.8312113,"longitude":4.3385742}],"VehicleId{value='vehicle-8'}":[{"latitude":50.8735001,"longitude":4.3491464},{"latitude":50.8735,"longitude":4.34915}],"VehicleId{value='vehicle-9'}":[{"latitude":50.8616412,"longitude":4.3402595},{"latitude":50.86164,"longitude":4.34026}],"VehicleId{value='vehicle-3'}":[{"latitude":50.84584,"longitude":4.3485},{"latitude":50.8458393,"longitude":4.3485043}],"VehicleId{value='vehicle-10'}":[{"latitude":50.8755689,"longitude":4.3754873},{"latitude":50.87557,"longitude":4.37549}],"VehicleId{value='vehicle-4'}":[{"latitude":50.8261425,"longitude":4.285126},{"latitude":50.82614,"longitude":4.28513}],"VehicleId{value='vehicle-5'}":[{"latitude":50.8407463,"longitude":4.2920996},{"latitude":50.84075,"longitude":4.2921}],"VehicleId{value='vehicle-13'}":[{"latitude":50.83771,"longitude":4.38851},{"latitude":50.8377126,"longitude":4.3885138}],"VehicleId{value='vehicle-14'}":[{"latitude":50.8440832,"longitude":4.4248365},{"latitude":50.84408,"longitude":4.42484}],"VehicleId{value='vehicle-11'}":[{"latitude":50.8173685,"longitude":4.3927479},{"latitude":50.7880157,"longitude":4.4237619},{"latitude":50.8333595,"longitude":4.4532709}],"VehicleId{value='vehicle-0'}":[{"latitude":50.8099164,"longitude":4.3166667},{"latitude":50.7823844,"longitude":4.3247651},{"latitude":50.7839019,"longitude":4.381854}],"VehicleId{value='vehicle-1'}":[{"latitude":50.8161804,"longitude":4.3373632},{"latitude":50.8094837,"longitude":4.3394533},{"latitude":50.8107905,"longitude":4.3612602}],"VehicleId{value='vehicle-12'}":[{"latitude":50.8224,"longitude":4.28723},{"latitude":50.8191863,"longitude":4.2875933}],"VehicleId{value='vehicle-17'}":[{"latitude":50.8231361,"longitude":4.4062335},{"latitude":50.8229919,"longitude":4.4075533}],"VehicleId{value='vehicle-18'}":[{"latitude":50.86353,"longitude":4.35172},{"latitude":50.8635311,"longitude":4.3517214}],"VehicleId{value='vehicle-16'}":[{"latitude":50.8634216,"longitude":4.2981567},{"latitude":50.8622568,"longitude":4.3247342},{"latitude":50.8657478,"longitude":4.4017509}]},