{"WorkingShiftAnalysisResult":{"totalWaitingTimeSeconds":0.0,"workingShiftOfEachDriver":{"VehicleId{value='vehicle-0'}":37219.000000000,"VehicleId{value='vehicle-1'}":36207.000000000,"VehicleId{value='vehicle-6'}":37105.000000000,"VehicleId{value='vehicle-7'}":35453.000000000,"VehicleId{value='vehicle-8'}":37478.000000000,"VehicleId{value='vehicle-9'}":37346.000000000,"VehicleId{value='vehicle-2'}":35937.000000000,"VehicleId{value='vehicle-3'}":37110.000000000,"VehicleId{value='vehicle-4'}":36307.000000000,"VehicleId{value='vehicle-5'}":36363.000000000},"stddevWorkingShifts":687.1657571341705,"shortestWorkingShift":{"VehicleId{value='vehicle-7'}":35453.000000000},"longestWorkingShift":{"VehicleId{value='vehicle-8'}":37478.000000000},"visitsTimeWindowWrong":null,"meanworkingShift":36652.5},"VisualAttractivenessAnalysisResult":{"meanDistanceToGeographicCenter":{"VehicleId{value='vehicle-0'}":18646.34248765531,"VehicleId{value='vehicle-1'}":28371.958342251935,"VehicleId{value='vehicle-6'}":18071.270645043936,"VehicleId{value='vehicle-7'}":15254.739707561832,"VehicleId{value='vehicle-8'}":15937.298331342785,"VehicleId{value='vehicle-9'}":20848.310085012752,"VehicleId{value='vehicle-2'}":17503.229519960143,"VehicleId{value='vehicle-3'}":20410.767838010364,"VehicleId{value='vehicle-4'}":12760.70081011435,"VehicleId{value='vehicle-5'}":18777.1790317535},"outliersTTBetweenStops":{"VehicleId{value='vehicle-0'}":[1621.000000000,1642.000000000],"VehicleId{value='vehicle-1'}":[2160.000000000,1616.000000000],"VehicleId{value='vehicle-6'}":[1421.000000000,1403.000000000,1421.000000000,1515.000000000,1482.000000000],"VehicleId{value='vehicle-7'}":[1092.000000000,1613.000000000,1064.000000000],"VehicleId{value='vehicle-8'}":[1471.000000000],"VehicleId{value='vehicle-9'}":[2300.000000000,1608.000000000,2100.000000000],"VehicleId{value='vehicle-2'}":[2229.000000000,2524.000000000],"VehicleId{value='vehicle-3'}":[2069.000000000],"VehicleId{value='vehicle-4'}":[1500.000000000,1735.000000000],"VehicleId{value='vehicle-5'}":[2315.000000000,2640.000000000]},"meanTravelTimeBetweenStops":{"VehicleId{value='vehicle-0'}":660.000000000,"VehicleId{value='vehicle-1'}":550.000000000,"VehicleId{value='vehicle-6'}":578.000000000,"VehicleId{value='vehicle-7'}":460.000000000,"VehicleId{value='vehicle-8'}":553.000000000,"VehicleId{value='vehicle-9'}":585.000000000,"VehicleId{value='vehicle-2'}":659.000000000,"VehicleId{value='vehicle-3'}":700.000000000,"VehicleId{value='vehicle-4'}":518.000000000,"VehicleId{value='vehicle-5'}":674.000000000},"convexHullList":{"VehicleId{value='vehicle-0'}":[{"latitude":51.0173715,"longitude":2.9591382},{"latitude":51.0010208,"longitude":3.0931046},{"latitude":51.0065964,"longitude":3.3142271}],"VehicleId{value='vehicle-1'}":[{"latitude":51.0663841,"longitude":3.4558858},{"latitude":50.9612144,"longitude":3.5168757},{"latitude":50.9835009,"longitude":3.6867103}],"VehicleId{value='vehicle-6'}":[{"latitude":50.9892775,"longitude":5.3283195},{"latitude":50.962578,"longitude":5.4929486},{"latitude":51.0132482,"longitude":5.7182989}],"VehicleId{value='vehicle-7'}":[{"latitude":51.1276127,"longitude":4.2001135},{"latitude":51.0794305,"longitude":4.3326289},{"latitude":51.1584611,"longitude":4.509736}],"VehicleId{value='vehicle-8'}":[{"latitude":50.8330557,"longitude":2.7058198},{"latitude":50.7835353,"longitude":3.3679704},{"latitude":50.9478492,"longitude":3.4834116}],"VehicleId{value='vehicle-9'}":[{"latitude":51.2006274,"longitude":4.403973},{"latitude":51.032924,"longitude":5.2699749},{"latitude":51.0581164,"longitude":5.275182}],"VehicleId{value='vehicle-2'}":[{"latitude":50.8272866,"longitude":4.2020021},{"latitude":50.7455496,"longitude":4.2226299},{"latitude":50.7745335,"longitude":4.5264612}],"VehicleId{value='vehicle-3'}":[{"latitude":50.8137908,"longitude":5.1803519},{"latitude":50.8007858,"longitude":5.3316047},{"latitude":50.8301469,"longitude":5.6401104}],"VehicleId{value='vehicle-4'}":[{"latitude":51.1040903,"longitude":3.5058187},{"latitude":50.750476,"longitude":3.6411459},{"latitude":50.8038392,"longitude":3.7491422}],"VehicleId{value='vehicle-5'}":[{"latitude":50.8792481,"longitude":4.1109721},{"latitude":50.8673527,"longitude":4.171485},{"latitude":50.9958948,"longitude":4.672705}]},"visitsCloserToOtherCenterOfGravity":[[["Visit324","Visit371","Visit250","Visit372"],["vehicle-3","vehicle-3","vehicle-3","vehicle-3"]],[["Route start for vehicle-2","Route start for vehicle-2","Route start for vehicle-2","Route start for vehicle-2","Visit426","Visit426","Visit426","Visit426","Visit341","Visit341","Visit341","Visit341","Visit461","Visit320","Visit498","Visit335","Visit462","Visit2","Visit2","Visit2","Visit2","Route end for vehicle-2","Route end for vehicle-2","Route end for vehicle-2","Route end for vehicle-2"],["vehicle-1","vehicle-9","vehicle-7","vehicle-5","vehicle-1","vehicle-9","vehicle-7","vehicle-5","vehicle-1","vehicle-9","vehicle-7","vehicle-5","vehicle-5","vehicle-5","vehicle-5","vehicle-5","vehicle-5","vehicle-1","vehicle-9","vehicle-7","vehicle-5","vehicle-1","vehicle-9","vehicle-7","vehicle-5"]],[["Route start for vehicle-1","Route start for vehicle-1","Route start for vehicle-1","Visit1","Visit1","Visit1","Visit472","Visit472","Visit472","Visit494","Visit406","Visit152","Visit32","Visit274","Visit94","Visit94","Visit94","Visit33","Visit33","Visit33","Visit58","Visit58","Visit58","Visit140","Visit140","Visit241","Visit241","Visit241","Visit499","Visit499","Visit499","Visit490","Visit490","Visit490","Visit163","Visit163","Visit163","Visit334","Visit334","Visit195","Visit195","Visit414","Visit453","Visit263","Visit263","Visit484","Visit484","Visit448","Visit448","Visit314","Visit314","Visit380","Visit380","Visit247","Visit247","Visit249","Visit249","Visit455","Visit455","Visit455","Visit127","Visit127","Visit127","Route end for vehicle-1","Route end for vehicle-1","Route end for vehicle-1"],["vehicle-9","vehicle-7","vehicle-5","vehicle-9","vehicle-7","vehicle-5","vehicle-9","vehicle-7","vehicle-5","vehicle-4","vehicle-4","vehicle-4","vehicle-4","vehicle-4","vehicle-8","vehicle-0","vehicle-4","vehicle-8","vehicle-0","vehicle-4","vehicle-8","vehicle-0","vehicle-4","vehicle-8","vehicle-4","vehicle-8","vehicle-0","vehicle-4","vehicle-8","vehicle-0","vehicle-4","vehicle-8","vehicle-0","vehicle-4","vehicle-8","vehicle-0","vehicle-4","vehicle-0","vehicle-4","vehicle-0","vehicle-4","vehicle-7","vehicle-7","vehicle-9","vehicle-7","vehicle-9","vehicle-7","vehicle-9","vehicle-7","vehicle-9","vehicle-7","vehicle-9","vehicle-7","vehicle-9","vehicle-7","vehicle-9","vehicle-7","vehicle-9","vehicle-7","vehicle-5","vehicle-9","vehicle-7","vehicle-5","vehicle-9","vehicle-7","vehicle-5"]],[["Route start for vehicle-8","Visit8","Visit52","Visit442","Visit404","Route end for vehicle-8"],["vehicle-4","vehicle-4","vehicle-4","vehicle-4","vehicle-4","vehicle-4"]],[["Route start for vehicle-3","Route start for vehicle-3","Visit3","Visit3","Visit70","Visit103","Visit86","Visit256","Visit315","Route end for vehicle-3","Route end for vehicle-3"],["vehicle-9","vehicle-7","vehicle-9","vehicle-7","vehicle-9","vehicle-9","vehicle-9","vehicle-9","vehicle-9","vehicle-9","vehicle-7"]],[["Visit445","Visit492","Visit483","Visit159","Visit42","Visit381","Visit38","Visit194","Visit368","Visit303","Visit441","Visit467","Visit296","Visit317","Visit327","Visit329","Visit60"],["vehicle-7","vehicle-7","vehicle-7","vehicle-7","vehicle-7","vehicle-7","vehicle-7","vehicle-7","vehicle-7","vehicle-7","vehicle-7","vehicle-7","vehicle-7","vehicle-7","vehicle-7","vehicle-7","vehicle-7"]],[["Visit223","Visit197","Visit278","Visit211","Visit400"],["vehicle-5","vehicle-5","vehicle-5","vehicle-5","vehicle-5"]],[["Route start for vehicle-0","Visit41","Visit158","Route end for vehicle-0"],["vehicle-4","vehicle-4","vehicle-4","vehicle-4"]],[[],[]],[[],[]]],"meanDistanceToConvexHull":{"VehicleId{value='vehicle-0'}":8425.801988114892,"VehicleId{value='vehicle-1'}":6249.652913682537,