{"WorkingShiftAnalysisResult":{"totalWaitingTimeSeconds":0.0,"workingShiftOfEachDriver":{"VehicleId{value='vehicle-6'}":600.000000000,"VehicleId{value='vehicle-7'}":26312.000000000,"VehicleId{value='vehicle-8'}":5168.000000000,"VehicleId{value='vehicle-9'}":710.000000000,"VehicleId{value='vehicle-2'}":23296.000000000,"VehicleId{value='vehicle-3'}":600.000000000,"VehicleId{value='vehicle-10'}":600.000000000,"VehicleId{value='vehicle-4'}":2255.000000000,"VehicleId{value='vehicle-5'}":16422.000000000,"VehicleId{value='vehicle-13'}":600.000000000,"VehicleId{value='vehicle-14'}":600.000000000,"VehicleId{value='vehicle-0'}":600.000000000,"VehicleId{value='vehicle-11'}":7296.000000000,"VehicleId{value='vehicle-12'}":35550.000000000,"VehicleId{value='vehicle-1'}":600.000000000,"VehicleId{value='vehicle-17'}":600.000000000,"VehicleId{value='vehicle-18'}":600.000000000,"VehicleId{value='vehicle-15'}":34711.000000000,"VehicleId{value='vehicle-16'}":636.000000000,"VehicleId{value='vehicle-19'}":600.000000000},"stddevWorkingShifts":12159.175443823657,"shortestWorkingShift":{"VehicleId{value='vehicle-6'}":600.000000000},"longestWorkingShift":{"VehicleId{value='vehicle-12'}":35550.000000000},"visitsTimeWindowWrong":null,"meanworkingShift":7917.8},"VisualAttractivenessAnalysisResult":{"meanDistanceToGeographicCenter":{"VehicleId{value='vehicle-6'}":0.16778987531145909,"VehicleId{value='vehicle-7'}":21179.00433076487,"VehicleId{value='vehicle-8'}":5901.443396809614,"VehicleId{value='vehicle-9'}":0.19309427329613602,"VehicleId{value='vehicle-2'}":9054.23343089797,"VehicleId{value='vehicle-3'}":0.19422259275907908,"VehicleId{value='vehicle-10'}":0.1442528626283683,"VehicleId{value='vehicle-4'}":226.2793405816213,"VehicleId{value='vehicle-5'}":15552.150576992357,"VehicleId{value='vehicle-13'}":0.06119660543804134,"VehicleId{value='vehicle-14'}":0.21687028443249867,"VehicleId{value='vehicle-0'}":0.10771021052742528,"VehicleId{value='vehicle-11'}":6655.949427252192,"VehicleId{value='vehicle-12'}":19196.583507872914,"VehicleId{value='vehicle-1'}":0.10089971730172835,"VehicleId{value='vehicle-17'}":0.21841721918795645,"VehicleId{value='vehicle-18'}":0.1863715300291394,"VehicleId{value='vehicle-15'}":20638.90185523545,"VehicleId{value='vehicle-16'}":0.12424012710941813,"VehicleId{value='vehicle-19'}":0.13909119061286987},"outliersTTBetweenStops":{"VehicleId{value='vehicle-6'}":[],"VehicleId{value='vehicle-7'}":[3021.000000000],"VehicleId{value='vehicle-8'}":[],"VehicleId{value='vehicle-9'}":[],"VehicleId{value='vehicle-2'}":[1841.000000000],"VehicleId{value='vehicle-3'}":[],"VehicleId{value='vehicle-10'}":[],"VehicleId{value='vehicle-4'}":[],"VehicleId{value='vehicle-5'}":[0.0],"VehicleId{value='vehicle-13'}":[],"VehicleId{value='vehicle-14'}":[],"VehicleId{value='vehicle-0'}":[],"VehicleId{value='vehicle-11'}":[],"VehicleId{value='vehicle-12'}":[0.0],"VehicleId{value='vehicle-1'}":[],"VehicleId{value='vehicle-17'}":[],"VehicleId{value='vehicle-18'}":[],"VehicleId{value='vehicle-15'}":[2200.000000000],"VehicleId{value='vehicle-16'}":[],"VehicleId{value='vehicle-19'}":[]},"meanTravelTimeBetweenStops":{"VehicleId{value='vehicle-6'}":0.0,"VehicleId{value='vehicle-7'}":1322.000000000,"VehicleId{value='vehicle-8'}":842.000000000,"VehicleId{value='vehicle-9'}":55.000000000,"VehicleId{value='vehicle-2'}":805.000000000,"VehicleId{value='vehicle-3'}":0.0,"VehicleId{value='vehicle-10'}":0.0,"VehicleId{value='vehicle-4'}":113.000000000,"VehicleId{value='vehicle-5'}":1102.000000000,"VehicleId{value='vehicle-13'}":0.0,"VehicleId{value='vehicle-14'}":0.0,"VehicleId{value='vehicle-0'}":0.0,"VehicleId{value='vehicle-11'}":716.000000000,"VehicleId{value='vehicle-12'}":1207.000000000,"VehicleId{value='vehicle-1'}":0.0,"VehicleId{value='vehicle-17'}":0.0,"VehicleId{value='vehicle-18'}":0.0,"VehicleId{value='vehicle-15'}":1081.000000000,"VehicleId{value='vehicle-16'}":18.000000000,"VehicleId{value='vehicle-19'}":0.0},"convexHullList":{"VehicleId{value='vehicle-6'}":[{"latitude":50.8364132,"longitude":3.4014282},{"latitude":50.83641,"longitude":3.40143}],"VehicleId{value='vehicle-7'}":[{"latitude":50.8577329,"longitude":2.8720165},{"latitude":50.8059045,"longitude":3.1878886},{"latitude":51.1879026,"longitude":3.5364072}],"VehicleId{value='vehicle-8'}":[{"latitude":50.7758929,"longitude":5.2494471},{"latitude":50.7501994,"longitude":5.3055208}],"VehicleId{value='vehicle-9'}":[{"latitude":51.17961,"longitude":4.43056},{"latitude":51.1796061,"longitude":4.4305604}],"VehicleId{value='vehicle-2'}":[{"latitude":51.1494925,"longitude":4.4698586},{"latitude":51.1322697,"longitude":4.578084},{"latitude":51.4379123,"longitude":4.7425522}],"VehicleId{value='vehicle-3'}":[{"latitude":50.8043,"longitude":3.15432},{"latitude":50.8043025,"longitude":3.1543248}],"VehicleId{value='vehicle-10'}":[{"latitude":51.435379,"longitude":4.4451756},{"latitude":51.43538,"longitude":4.44518}],"VehicleId{value='vehicle-4'}":[{"latitude":51.3779966,"longitude":4.4690318},{"latitude":51.37774,"longitude":4.47321},{"latitude":51.3829647,"longitude":4.4746956}],"VehicleId{value='vehicle-5'}":[{"latitude":50.9447466,"longitude":5.1040729},{"latitude":50.8823187,"longitude":5.6730006},{"latitude":50.9783824,"longitude":5.7132832}],"VehicleId{value='vehicle-13'}":[{"latitude":50.76558,"longitude":4.94669},{"latitude":50.7655811,"longitude":4.9466909}],"VehicleId{value='vehicle-14'}":[{"latitude":51.1846941,"longitude":4.4440775},{"latitude":51.18469,"longitude":4.44408}],"VehicleId{value='vehicle-0'}":[{"latitude":51.1290488,"longitude":5.0955071},{"latitude":51.12905,"longitude":5.09551}],"VehicleId{value='vehicle-11'}":[{"latitude":51.2385976,"longitude":5.1141807},{"latitude":51.2112121,"longitude":5.1326991},{"latitude":51.2267934,"longitude":5.4362212}],"VehicleId{value='vehicle-12'}":[{"latitude":51.2282041,"longitude":4.0142464},{"latitude":50.7319496,"longitude":4.3830342},{"latitude":50.7907499,"longitude":4.5776269}],"VehicleId{value='vehicle-1'}":[{"latitude":51.22244,"longitude":4.41444},{"latitude":51.2224392,"longitude":4.414443}],"VehicleId{value='vehicle-17'}":[{"latitude":51.14166,"longitude":4.95624},{"latitude":51.1416638,"longitude":4.9562436}],"VehicleId{value='vehicle-18'}":[{"latitude":51.1214925,"longitude":4.4735255},{"latitude":51.12149,"longitude":4.47353}],"VehicleId{value='vehicle-15'}":[{"latitude":50.82475,"longitude":3.36938},{"latitude":50.7342472,"longitude":3.6046922},{"latitude":50.8031811,"longitude":4.0588856}],"VehicleId{value='vehicle-16'}":[{"latitude":51.19769,"longitude":4.44681},{"latitude":51.1976898,"longitude":4.446814}],"VehicleId{value='vehicle-19'}":[{"latitude":51.17944,"longitude":5.45101},{"latitude":51.1794385,"longitude":5.4510138}]},