{"WorkingShiftAnalysisResult":{"totalWaitingTimeSeconds":0.0,"workingShiftOfEachDriver":{"VehicleId{value='vehicle-0'}":35502.000000000,"VehicleId{value='vehicle-1'}":36164.000000000,"VehicleId{value='vehicle-6'}":37495.000000000,"VehicleId{value='vehicle-7'}":34602.000000000,"VehicleId{value='vehicle-8'}":35167.000000000,"VehicleId{value='vehicle-9'}":34652.000000000,"VehicleId{value='vehicle-2'}":35433.000000000,"VehicleId{value='vehicle-3'}":35274.000000000,"VehicleId{value='vehicle-4'}":36502.000000000,"VehicleId{value='vehicle-5'}":34973.000000000},"stddevWorkingShifts":902.850547494496,"shortestWorkingShift":{"VehicleId{value='vehicle-7'}":34602.000000000},"longestWorkingShift":{"VehicleId{value='vehicle-6'}":37495.000000000},"visitsTimeWindowWrong":null,"meanworkingShift":35576.4},"VisualAttractivenessAnalysisResult":{"meanDistanceToGeographicCenter":{"VehicleId{value='vehicle-0'}":5865.3083294103235,"VehicleId{value='vehicle-1'}":20050.928100023335,"VehicleId{value='vehicle-6'}":17502.722633831097,"VehicleId{value='vehicle-7'}":9586.632713650291,"VehicleId{value='vehicle-8'}":19311.625005725506,"VehicleId{value='vehicle-9'}":27035.276525274967,"VehicleId{value='vehicle-2'}":13391.969347210656,"VehicleId{value='vehicle-3'}":16479.87316861773,"VehicleId{value='vehicle-4'}":18908.358108939832,"VehicleId{value='vehicle-5'}":33979.76693340588},"outliersTTBetweenStops":{"VehicleId{value='vehicle-0'}":[1482.000000000,1372.000000000,1636.000000000],"VehicleId{value='vehicle-1'}":[1756.000000000],"VehicleId{value='vehicle-6'}":[1584.000000000,1596.000000000],"VehicleId{value='vehicle-7'}":[1431.000000000,1232.000000000],"VehicleId{value='vehicle-8'}":[1864.000000000,2869.000000000],"VehicleId{value='vehicle-9'}":[2216.000000000,2057.000000000,2631.000000000],"VehicleId{value='vehicle-2'}":[1788.000000000,1470.000000000],"VehicleId{value='vehicle-3'}":[2875.000000000],"VehicleId{value='vehicle-4'}":[2066.000000000,1992.000000000,2128.000000000],"VehicleId{value='vehicle-5'}":[2598.000000000,2120.000000000]},"meanTravelTimeBetweenStops":{"VehicleId{value='vehicle-0'}":494.000000000,"VehicleId{value='vehicle-1'}":667.000000000,"VehicleId{value='vehicle-6'}":628.000000000,"VehicleId{value='vehicle-7'}":435.000000000,"VehicleId{value='vehicle-8'}":633.000000000,"VehicleId{value='vehicle-9'}":659.000000000,"VehicleId{value='vehicle-2'}":601.000000000,"VehicleId{value='vehicle-3'}":681.000000000,"VehicleId{value='vehicle-4'}":636.000000000,"VehicleId{value='vehicle-5'}":822.000000000},"convexHullList":{"VehicleId{value='vehicle-0'}":[{"latitude":50.9778292,"longitude":3.5317468},{"latitude":50.9764557,"longitude":3.5393472},{"latitude":51.0379528,"longitude":3.7575973}],"VehicleId{value='vehicle-1'}":[{"latitude":51.1470608,"longitude":4.5109054},{"latitude":51.1270785,"longitude":4.8663023},{"latitude":51.1282892,"longitude":5.0801909}],"VehicleId{value='vehicle-6'}":[{"latitude":50.9702352,"longitude":5.0696796},{"latitude":50.9073344,"longitude":5.4257449},{"latitude":51.0335345,"longitude":5.7285848}],"VehicleId{value='vehicle-7'}":[{"latitude":51.0794305,"longitude":4.3326289},{"latitude":51.0648581,"longitude":4.362994},{"latitude":51.1388617,"longitude":4.4533351}],"VehicleId{value='vehicle-8'}":[{"latitude":51.0962858,"longitude":2.5810612},{"latitude":50.8776756,"longitude":3.1804066},{"latitude":50.9110971,"longitude":3.3805361}],"VehicleId{value='vehicle-9'}":[{"latitude":50.8167637,"longitude":4.5056511},{"latitude":50.8727738,"longitude":4.7166832}],"VehicleId{value='vehicle-2'}":[{"latitude":51.0377838,"longitude":3.8993454},{"latitude":51.0362485,"longitude":3.9158258},{"latitude":51.1757647,"longitude":4.5236799}],"VehicleId{value='vehicle-3'}":[{"latitude":50.9654455,"longitude":4.1614299},{"latitude":50.8709524,"longitude":4.4803544},{"latitude":51.1017425,"longitude":4.8024184}],"VehicleId{value='vehicle-4'}":[{"latitude":51.0473172,"longitude":2.8066903},{"latitude":51.0000883,"longitude":2.8693557},{"latitude":51.0173715,"longitude":2.9591382}],"VehicleId{value='vehicle-5'}":[{"latitude":50.8044737,"longitude":3.1848768},{"latitude":50.792631,"longitude":3.2039358},{"latitude":50.8801789,"longitude":4.1462311}]},"visitsCloserToOtherCenterOfGravity":[[["START","START","START","Visit156","Visit156","Visit156","Visit31","Visit31","Visit18","Visit176","Visit236","Visit236","Visit434","Visit434","Visit124","Visit371","Visit439","Visit345","Visit232","Visit303","Visit303","Visit303","Visit247","Visit247","Visit247","Visit249","Visit249","Visit249","Visit296","Visit296","Visit296","Visit317","Visit317","Visit317","Visit436","Visit436","Visit436","Visit1","Visit1","Visit1","END","END","END"],["vehicle-2","vehicle-7","vehicle-3","vehicle-2","vehicle-7","vehicle-3","vehicle-7","vehicle-3","vehicle-7","vehicle-9","vehicle-9","vehicle-6","vehicle-9","vehicle-6","vehicle-9","vehicle-9","vehicle-9","vehicle-9","vehicle-7","vehicle-2","vehicle-7","vehicle-3","vehicle-2","vehicle-7","vehicle-3","vehicle-2","vehicle-7","vehicle-3","vehicle-2","vehicle-7","vehicle-3","vehicle-2","vehicle-7","vehicle-3","vehicle-2","vehicle-7","vehicle-3","vehicle-2","vehicle-7","vehicle-3","vehicle-2","vehicle-7","vehicle-3"]],[["START","Visit334","Visit195","Visit80","Visit16","Visit413","Visit29","Visit99","Visit231","Visit184","Visit4","END"],["vehicle-0","vehicle-0","vehicle-0","vehicle-8","vehicle-8","vehicle-8","vehicle-8","vehicle-8","vehicle-0","vehicle-0","vehicle-0","vehicle-0"]],[[],[]],[["START","Visit497","Visit382","Visit13","Visit126","Visit379","Visit28","Visit193","Visit66","Visit471","Visit200","Visit259","Visit259","Visit199","Visit199","Visit289","Visit289","Visit336","Visit222","Visit216","Visit388","Visit9","END"],["vehicle-6","vehicle-6","vehicle-6","vehicle-6","vehicle-6","vehicle-6","vehicle-6","vehicle-6","vehicle-6","vehicle-6","vehicle-6","vehicle-2","vehicle-3","vehicle-2","vehicle-3","vehicle-2","vehicle-3","vehicle-3","vehicle-3","vehicle-3","vehicle-3","vehicle-6","vehicle-6"]],[["Visit225","Visit202","Visit221","Visit254","Visit93","Visit155","Visit95","Visit420","Visit420","Visit60","Visit143","Visit143","Visit495","Visit48","Visit368","Visit448"],["vehicle-5","vehicle-5","vehicle-5","vehicle-5","vehicle-7","vehicle-7","vehicle-7","vehicle-7","vehicle-3","vehicle-7","vehicle-7","vehicle-3","vehicle-7","vehicle-7","vehicle-7","vehicle-7"]],[[],[]],[["START","START","START","Visit85","Visit85","Visit297","Visit297","Visit272","Visit272","Visit76","Visit76","Visit5","Visit5","Visit5","END","END","END"],["vehicle-6","vehicle-7","vehicle-3","vehicle-7","vehicle-3","vehicle-7","vehicle-3","vehicle-7","vehicle-3","vehicle-7","vehicle-3","vehicle-6","vehicle-7","vehicle-3","vehicle-6","vehicle-7","vehicle-3"]],[[],[]],[["Visit164","Visit346","Visit105","Visit136","Visit150","Visit415","Visit400"],["vehicle-3","vehicle-3","vehicle-3","vehicle-3","vehicle-3","vehicle-3","vehicle-3"]],[[],[]]],"meanDistanceToConvexHull":{"VehicleId{value='vehicle-0'}":2560.0365601825793,"VehicleId{value='vehicle-1'}":15184.42836748116,"VehicleId{value='vehicle-6'}":14986.564658627434,"VehicleId{value='vehicle-7'}":4259.094084961442,"VehicleId{value='vehicle-8'}":18702.256748143624,"VehicleId{value='vehicle-9'}":34065.308445051385,"VehicleId{value='vehicle-2'}":7687.732959284348,"VehicleId{value='vehicle-3'}":14246.430875753525,"VehicleId{value='vehicle-4'}":8204.517023471264,"VehicleId{value='vehicle-5'}":7193.927412170508}},"RouteCompositionAnalysisResult":{"numberOfRoutes":10,"stopsLongestRoute":34,"stopsShortestRoute":25,"meanStops":29.7,"stdDevStops":2.451530134426253,"totalDistanceMeters":2149490,