{"WorkingShiftAnalysisResult":{"totalWaitingTimeSeconds":0.0,"workingShiftOfEachDriver":{"VehicleId{value='vehicle-0'}":33088.000000000,"VehicleId{value='vehicle-1'}":34245.000000000,"VehicleId{value='vehicle-6'}":33781.000000000,"VehicleId{value='vehicle-7'}":33407.000000000,"VehicleId{value='vehicle-8'}":33933.000000000,"VehicleId{value='vehicle-9'}":34183.000000000,"VehicleId{value='vehicle-2'}":34009.000000000,"VehicleId{value='vehicle-3'}":32660.000000000,"VehicleId{value='vehicle-4'}":34054.000000000,"VehicleId{value='vehicle-5'}":34045.000000000},"stddevWorkingShifts":522.4492532507078,"shortestWorkingShift":{"VehicleId{value='vehicle-3'}":32660.000000000},"longestWorkingShift":{"VehicleId{value='vehicle-1'}":34245.000000000},"visitsTimeWindowWrong":null,"meanworkingShift":33740.5},"VisualAttractivenessAnalysisResult":{"meanDistanceToGeographicCenter":{"VehicleId{value='vehicle-0'}":1414.548527975737,"VehicleId{value='vehicle-1'}":1589.4485666504204,"VehicleId{value='vehicle-6'}":1981.6436005581745,"VehicleId{value='vehicle-7'}":1143.5025994886298,"VehicleId{value='vehicle-8'}":1532.2696855871982,"VehicleId{value='vehicle-9'}":1441.284154246719,"VehicleId{value='vehicle-2'}":1888.2781216820783,"VehicleId{value='vehicle-3'}":1672.2791068387978,"VehicleId{value='vehicle-4'}":1717.1563526311731,"VehicleId{value='vehicle-5'}":1770.2946846648638},"outliersTTBetweenStops":{"VehicleId{value='vehicle-0'}":[403.000000000,445.000000000,315.000000000,309.000000000],"VehicleId{value='vehicle-1'}":[568.000000000,446.000000000],"VehicleId{value='vehicle-6'}":[471.000000000,457.000000000,654.000000000,514.000000000],"VehicleId{value='vehicle-7'}":[452.000000000,362.000000000],"VehicleId{value='vehicle-8'}":[841.000000000,606.000000000,1083.000000000],"VehicleId{value='vehicle-9'}":[450.000000000,508.000000000],"VehicleId{value='vehicle-2'}":[382.000000000,478.000000000,437.000000000],"VehicleId{value='vehicle-3'}":[296.000000000,330.000000000,312.000000000,365.000000000],"VehicleId{value='vehicle-4'}":[509.000000000,425.000000000,400.000000000],"VehicleId{value='vehicle-5'}":[375.000000000,354.000000000,313.000000000,346.000000000]},"meanTravelTimeBetweenStops":{"VehicleId{value='vehicle-0'}":116.000000000,"VehicleId{value='vehicle-1'}":174.000000000,"VehicleId{value='vehicle-6'}":181.000000000,"VehicleId{value='vehicle-7'}":139.000000000,"VehicleId{value='vehicle-8'}":167.000000000,"VehicleId{value='vehicle-9'}":172.000000000,"VehicleId{value='vehicle-2'}":152.000000000,"VehicleId{value='vehicle-3'}":139.000000000,"VehicleId{value='vehicle-4'}":170.000000000,"VehicleId{value='vehicle-5'}":137.000000000},"convexHullList":{"VehicleId{value='vehicle-0'}":[{"latitude":50.8209926,"longitude":4.3509272},{"latitude":50.8167125,"longitude":4.3914704},{"latitude":50.8199157,"longitude":4.4125035}],"VehicleId{value='vehicle-1'}":[{"latitude":50.8541652,"longitude":4.3714222},{"latitude":50.8477292,"longitude":4.412757},{"latitude":50.8505868,"longitude":4.434174}],"VehicleId{value='vehicle-6'}":[{"latitude":50.8734696,"longitude":4.3336319},{"latitude":50.8733663,"longitude":4.3785699},{"latitude":50.8736701,"longitude":4.3913283}],"VehicleId{value='vehicle-7'}":[{"latitude":50.84825,"longitude":4.3027942},{"latitude":50.8414042,"longitude":4.3339535},{"latitude":50.8420615,"longitude":4.3379143}],"VehicleId{value='vehicle-8'}":[{"latitude":50.7903177,"longitude":4.4224741},{"latitude":50.7888959,"longitude":4.4254506},{"latitude":50.8439875,"longitude":4.4358544}],"VehicleId{value='vehicle-9'}":[{"latitude":50.8655503,"longitude":4.281974},{"latitude":50.8259883,"longitude":4.2831251},{"latitude":50.861975,"longitude":4.346083}],"VehicleId{value='vehicle-2'}":[{"latitude":50.7961825,"longitude":4.3686238},{"latitude":50.7956251,"longitude":4.3718436},{"latitude":50.8052338,"longitude":4.4171003}],"VehicleId{value='vehicle-3'}":[{"latitude":50.833063,"longitude":4.2831123},{"latitude":50.8337855,"longitude":4.3568847}],"VehicleId{value='vehicle-4'}":[{"latitude":50.8002633,"longitude":4.3208193},{"latitude":50.7932959,"longitude":4.3533627},{"latitude":50.7936744,"longitude":4.3644255}],"VehicleId{value='vehicle-5'}":[{"latitude":50.8234563,"longitude":4.3805457},{"latitude":50.8230079,"longitude":4.4593832},{"latitude":50.8275883,"longitude":4.4646721}]},"visitsCloserToOtherCenterOfGravity":[[["START","Visit274","Visit241","Visit148","Visit267","Visit410","Visit164","Visit67","Visit418","Visit418","Visit314","Visit314","Visit314","Visit314","Visit487","Visit368","Visit26","Visit122","Visit224","Visit224","Visit468","Visit468","Visit79","Visit157","Visit157","Visit51","Visit51","Visit44","Visit44","Visit44","Visit211","Visit211","Visit253","Visit253","Visit295","Visit295","END"],["vehicle-0","vehicle-0","vehicle-0","vehicle-0","vehicle-5","vehicle-5","vehicle-5","vehicle-5","vehicle-8","vehicle-5","vehicle-1","vehicle-0","vehicle-8","vehicle-5","vehicle-0","vehicle-0","vehicle-0","vehicle-0","vehicle-0","vehicle-4","vehicle-0","vehicle-4","vehicle-4","vehicle-0","vehicle-4","vehicle-0","vehicle-4","vehicle-3","vehicle-0","vehicle-4","vehicle-0","vehicle-4","vehicle-0","vehicle-4","vehicle-0","vehicle-4","vehicle-0"]],[["START","Visit329","Visit256","Visit46","Visit336","Visit124","Visit493","Visit493","Visit22","Visit22","Visit155","Visit155","Visit436","Visit436","Visit300","Visit300","Visit297","Visit489","Visit6","END"],["vehicle-9","vehicle-9","vehicle-9","vehicle-9","vehicle-9","vehicle-1","vehicle-1","vehicle-8","vehicle-1","vehicle-8","vehicle-1","vehicle-8","vehicle-1","vehicle-8","vehicle-1","vehicle-8","vehicle-1","vehicle-9","vehicle-9","vehicle-9"]],[["Visit201","Visit141","Visit330","Visit23","Visit252","Visit424","Visit465","Visit39","Visit266","Visit266","Visit225","Visit225","Visit225","Visit427","Visit427","Visit427","Visit380","Visit380","Visit119","Visit119","Visit416","Visit416","Visit362","Visit215","Visit255"],["vehicle-7","vehicle-7","vehicle-7","vehicle-7","vehicle-7","vehicle-7","vehicle-7","vehicle-0","vehicle-0","vehicle-8","vehicle-0","vehicle-8","vehicle-5","vehicle-0","vehicle-8","vehicle-5","vehicle-0","vehicle-8","vehicle-0","vehicle-8","vehicle-0","vehicle-8","vehicle-0","vehicle-0","vehicle-9"]],[["Visit411","Visit411","Visit480","Visit480","Visit37","Visit37","Visit212","Visit212","Visit481","Visit481","Visit54","Visit54","Visit443","Visit478","Visit190"],["vehicle-8","vehicle-5","vehicle-8","vehicle-5","vehicle-8","vehicle-5","vehicle-8","vehicle-5","vehicle-8","vehicle-5","vehicle-8","vehicle-5","vehicle-8","vehicle-8","vehicle-8"]],[["Visit18","Visit18","Visit244","Visit244","Visit412","Visit412","Visit271","Visit271","Visit237","Visit237","Visit317","Visit264","Visit377","Visit373","Visit177"],["vehicle-8","vehicle-5","vehicle-8","vehicle-5","vehicle-8","vehicle-5","vehicle-8","vehicle-5","vehicle-8","vehicle-5","vehicle-4","vehicle-4","vehicle-4","vehicle-4","vehicle-4"]],[["Visit440","Visit251","Visit477","Visit198","Visit291","Visit350","Visit130","Visit388","Visit447","Visit163","Visit171"],["vehicle-5","vehicle-5","vehicle-5","vehicle-5","vehicle-5","vehicle-5","vehicle-5","vehicle-5","vehicle-5","vehicle-5","vehicle-5"]],[[],[]],[["Visit381","Visit381","Visit156","Visit476","Visit204","Visit325","Visit490","Visit472","Visit142","Visit441"],["vehicle-4","vehicle-7","vehicle-7","vehicle-7","vehicle-7","vehicle-7","vehicle-7","vehicle-7","vehicle-7","vehicle-7"]],[["Visit260"],["vehicle-7"]],[[],[]]],"meanDistanceToConvexHull":{"VehicleId{value='vehicle-0'}":1940.6754633547387,"VehicleId{value='vehicle-1'}":1332.071972912964,"VehicleId{value='vehicle-6'}":1740.3267252802984,"VehicleId{value='vehicle-7'}":589.0111551531489,"VehicleId{value='vehicle-8'}":1102.703673211482,"VehicleId{value='vehicle-9'}":2818.368154033267,"VehicleId{value='vehicle-2'}":783.5900594974305,"VehicleId{value='vehicle-3'}":4098.414278691365,"VehicleId{value='vehicle-4'}":1818.465799729436,"VehicleId{value='vehicle-5'}":1026.2267922089898}},