{"WorkingShiftAnalysisResult":{"totalWaitingTimeSeconds":0.0,"workingShiftOfEachDriver":{"VehicleId{value='vehicle-6'}":33951.000000000,"VehicleId{value='vehicle-7'}":35070.000000000,"VehicleId{value='vehicle-8'}":32186.000000000,"VehicleId{value='vehicle-9'}":32553.000000000,"VehicleId{value='vehicle-2'}":9615.000000000,"VehicleId{value='vehicle-10'}":24462.000000000,"VehicleId{value='vehicle-3'}":26455.000000000,"VehicleId{value='vehicle-4'}":35312.000000000,"VehicleId{value='vehicle-5'}":32742.000000000,"VehicleId{value='vehicle-13'}":36858.000000000,"VehicleId{value='vehicle-14'}":35971.000000000,"VehicleId{value='vehicle-0'}":34897.000000000,"VehicleId{value='vehicle-11'}":27658.000000000,"VehicleId{value='vehicle-1'}":36188.000000000,"VehicleId{value='vehicle-12'}":30495.000000000,"VehicleId{value='vehicle-17'}":35796.000000000,"VehicleId{value='vehicle-18'}":24265.000000000,"VehicleId{value='vehicle-15'}":36706.000000000,"VehicleId{value='vehicle-16'}":651.000000000,"VehicleId{value='vehicle-19'}":24484.000000000},"stddevWorkingShifts":9435.932550906835,"shortestWorkingShift":{"VehicleId{value='vehicle-16'}":651.000000000},"longestWorkingShift":{"VehicleId{value='vehicle-13'}":36858.000000000},"visitsTimeWindowWrong":null,"meanworkingShift":29315.75},"VisualAttractivenessAnalysisResult":{"meanDistanceToGeographicCenter":{"VehicleId{value='vehicle-6'}":10738.558384373619,"VehicleId{value='vehicle-7'}":12440.50142488055,"VehicleId{value='vehicle-8'}":10678.9414172222,"VehicleId{value='vehicle-9'}":3709.944039389835,"VehicleId{value='vehicle-2'}":4738.501226789756,"VehicleId{value='vehicle-10'}":10057.959642673732,"VehicleId{value='vehicle-3'}":12761.33308603105,"VehicleId{value='vehicle-4'}":12855.494991382016,"VehicleId{value='vehicle-5'}":12921.853309613325,"VehicleId{value='vehicle-13'}":16083.851733968768,"VehicleId{value='vehicle-14'}":15766.519934686929,"VehicleId{value='vehicle-0'}":11553.714658065875,"VehicleId{value='vehicle-11'}":10997.473656251097,"VehicleId{value='vehicle-1'}":16955.108671622886,"VehicleId{value='vehicle-12'}":13883.733279961409,"VehicleId{value='vehicle-17'}":13676.39812029087,"VehicleId{value='vehicle-18'}":2136.0041102896043,"VehicleId{value='vehicle-15'}":11015.7686137583,"VehicleId{value='vehicle-16'}":0.24310086427348956,"VehicleId{value='vehicle-19'}":12681.42691742309},"outliersTTBetweenStops":{"VehicleId{value='vehicle-6'}":[1179.000000000],"VehicleId{value='vehicle-7'}":[1304.000000000,1669.000000000],"VehicleId{value='vehicle-8'}":[1341.000000000,1612.000000000],"VehicleId{value='vehicle-9'}":[1095.000000000,1144.000000000],"VehicleId{value='vehicle-2'}":[],"VehicleId{value='vehicle-10'}":[1223.000000000,1358.000000000],"VehicleId{value='vehicle-3'}":[1357.000000000,1095.000000000],"VehicleId{value='vehicle-4'}":[1959.000000000,1319.000000000],"VehicleId{value='vehicle-5'}":[0.0,1334.000000000,76.000000000],"VehicleId{value='vehicle-13'}":[2231.000000000,3291.000000000],"VehicleId{value='vehicle-14'}":[2004.000000000,1521.000000000,1647.000000000],"VehicleId{value='vehicle-0'}":[1216.000000000,0.0],"VehicleId{value='vehicle-11'}":[1187.000000000,1169.000000000],"VehicleId{value='vehicle-1'}":[1627.000000000],"VehicleId{value='vehicle-12'}":[0.0,1694.000000000],"VehicleId{value='vehicle-17'}":[1236.000000000,1412.000000000],"VehicleId{value='vehicle-18'}":[961.000000000,906.000000000],"VehicleId{value='vehicle-15'}":[2407.000000000,2288.000000000],"VehicleId{value='vehicle-16'}":[],"VehicleId{value='vehicle-19'}":[1493.000000000]},"meanTravelTimeBetweenStops":{"VehicleId{value='vehicle-6'}":551.000000000,"VehicleId{value='vehicle-7'}":589.000000000,"VehicleId{value='vehicle-8'}":530.000000000,"VehicleId{value='vehicle-9'}":347.000000000,"VehicleId{value='vehicle-2'}":535.000000000,"VehicleId{value='vehicle-10'}":444.000000000,"VehicleId{value='vehicle-3'}":527.000000000,"VehicleId{value='vehicle-4'}":558.000000000,"VehicleId{value='vehicle-5'}":682.000000000,"VehicleId{value='vehicle-13'}":608.000000000,"VehicleId{value='vehicle-14'}":661.000000000,"VehicleId{value='vehicle-0'}":583.000000000,"VehicleId{value='vehicle-11'}":530.000000000,"VehicleId{value='vehicle-1'}":626.000000000,"VehicleId{value='vehicle-12'}":751.000000000,"VehicleId{value='vehicle-17'}":537.000000000,"VehicleId{value='vehicle-18'}":356.000000000,"VehicleId{value='vehicle-15'}":497.000000000,"VehicleId{value='vehicle-16'}":25.000000000,"VehicleId{value='vehicle-19'}":654.000000000},"convexHullList":{"VehicleId{value='vehicle-6'}":[{"latitude":51.1459951,"longitude":4.6031068},{"latitude":51.1764405,"longitude":4.7421512}],"VehicleId{value='vehicle-7'}":[{"latitude":51.0774429,"longitude":4.423355},{"latitude":51.0055754,"longitude":4.4829296},{"latitude":51.0687704,"longitude":4.8068083}],"VehicleId{value='vehicle-8'}":[{"latitude":50.77728,"longitude":3.04328},{"latitude":50.7772784,"longitude":3.0432836},{"latitude":50.7814391,"longitude":3.1968914}],"VehicleId{value='vehicle-9'}":[{"latitude":51.1973463,"longitude":4.4213393},{"latitude":51.1951866,"longitude":4.5174819},{"latitude":51.1983276,"longitude":4.5230439}],"VehicleId{value='vehicle-2'}":[{"latitude":50.8527571,"longitude":2.7329864},{"latitude":50.8533761,"longitude":2.9008175}],"VehicleId{value='vehicle-10'}":[{"latitude":50.9803672,"longitude":3.0887229},{"latitude":50.994861,"longitude":3.2571202}],"VehicleId{value='vehicle-3'}":[{"latitude":50.7394304,"longitude":4.1777734},{"latitude":50.7336478,"longitude":4.2723824},{"latitude":50.7418485,"longitude":4.3720178}],"VehicleId{value='vehicle-4'}":[{"latitude":50.93035,"longitude":4.4193837},{"latitude":50.7418211,"longitude":4.4954101},{"latitude":50.803468,"longitude":4.9382235}],"VehicleId{value='vehicle-5'}":[{"latitude":51.1291332,"longitude":5.0145326},{"latitude":50.9615568,"longitude":5.0663309},{"latitude":51.0179145,"longitude":5.3148547}],"VehicleId{value='vehicle-13'}":[{"latitude":51.1630869,"longitude":4.8226586},{"latitude":51.16226,"longitude":4.87139},{"latitude":51.1670151,"longitude":4.9094055}],"VehicleId{value='vehicle-14'}":[{"latitude":50.8337782,"longitude":4.6622769},{"latitude":50.8326945,"longitude":5.103346},{"latitude":50.8419421,"longitude":5.3426894}],"VehicleId{value='vehicle-0'}":[{"latitude":50.9233414,"longitude":3.8554253},{"latitude":50.7814613,"longitude":4.0010876},{"latitude":50.9664579,"longitude":4.162643}],"VehicleId{value='vehicle-11'}":[{"latitude":51.0000441,"longitude":5.3709263},{"latitude":50.9650926,"longitude":5.6954233},{"latitude":51.1006235,"longitude":5.7848737}],"VehicleId{value='vehicle-1'}":[{"latitude":50.9636296,"longitude":3.5492387},{"latitude":50.9583954,"longitude":3.5961775},{"latitude":50.9800915,"longitude":3.6751644}],"VehicleId{value='vehicle-12'}":[{"latitude":51.03868,"longitude":3.39877},{"latitude":50.7405425,"longitude":3.5859873},{"latitude":50.7488748,"longitude":3.8462457}],"VehicleId{value='vehicle-17'}":[{"latitude":50.9650948,"longitude":3.9877686},{"latitude":50.8600637,"longitude":4.1140791},{"latitude":50.9335199,"longitude":4.2148842}],"VehicleId{value='vehicle-18'}":[{"latitude":51.0411012,"longitude":3.70777},{"latitude":51.0340204,"longitude":3.7449633},{"latitude":51.041263,"longitude":3.7567873}],"VehicleId{value='vehicle-15'}":[{"latitude":51.0945106,"longitude":2.5928658},{"latitude":51.0137834,"longitude":2.7285774},{"latitude":51.0868282,"longitude":2.9775217}],"VehicleId{value='vehicle-16'}":[{"latitude":50.7487447,"longitude":5.8072377},{"latitude":50.74874,"longitude":5.80724}],"VehicleId{value='vehicle-19'}":[{"latitude":50.7542036,"longitude":5.0818735},{"latitude":50.7363082,"longitude":5.260606},{"latitude":50.7794352,"longitude":5.5209752}]},