{"WorkingShiftAnalysisResult":{"totalWaitingTimeSeconds":0.0,"workingShiftOfEachDriver":{"VehicleId{value='vehicle-0'}":34993.000000000,"VehicleId{value='vehicle-1'}":34765.000000000,"VehicleId{value='vehicle-6'}":34861.000000000,"VehicleId{value='vehicle-7'}":34748.000000000,"VehicleId{value='vehicle-8'}":34958.000000000,"VehicleId{value='vehicle-9'}":34637.000000000,"VehicleId{value='vehicle-2'}":34480.000000000,"VehicleId{value='vehicle-3'}":34930.000000000,"VehicleId{value='vehicle-4'}":34926.000000000,"VehicleId{value='vehicle-5'}":34761.000000000},"stddevWorkingShifts":160.82737467373036,"shortestWorkingShift":{"VehicleId{value='vehicle-2'}":34480.000000000},"longestWorkingShift":{"VehicleId{value='vehicle-0'}":34993.000000000},"visitsTimeWindowWrong":null,"meanworkingShift":34805.9},"VisualAttractivenessAnalysisResult":{"meanDistanceToGeographicCenter":{"VehicleId{value='vehicle-0'}":5188.396069548939,"VehicleId{value='vehicle-1'}":6000.263620757438,"VehicleId{value='vehicle-6'}":14908.292545815386,"VehicleId{value='vehicle-7'}":13204.42050292708,"VehicleId{value='vehicle-8'}":12236.529117583184,"VehicleId{value='vehicle-9'}":10941.16851660885,"VehicleId{value='vehicle-2'}":17130.875675815114,"VehicleId{value='vehicle-3'}":16795.934946994777,"VehicleId{value='vehicle-4'}":15500.631454141123,"VehicleId{value='vehicle-5'}":12968.550716899046},"outliersTTBetweenStops":{"VehicleId{value='vehicle-0'}":[1454.000000000,1018.000000000],"VehicleId{value='vehicle-1'}":[950.000000000,1040.000000000],"VehicleId{value='vehicle-6'}":[1399.000000000,1332.000000000],"VehicleId{value='vehicle-7'}":[1587.000000000,1761.000000000],"VehicleId{value='vehicle-8'}":[1110.000000000,1124.000000000],"VehicleId{value='vehicle-9'}":[1397.000000000,1474.000000000],"VehicleId{value='vehicle-2'}":[1459.000000000,1681.000000000],"VehicleId{value='vehicle-3'}":[1649.000000000,1438.000000000],"VehicleId{value='vehicle-4'}":[1610.000000000,1537.000000000],"VehicleId{value='vehicle-5'}":[1183.000000000,1069.000000000,1042.000000000,1094.000000000]},"meanTravelTimeBetweenStops":{"VehicleId{value='vehicle-0'}":388.000000000,"VehicleId{value='vehicle-1'}":355.000000000,"VehicleId{value='vehicle-6'}":582.000000000,"VehicleId{value='vehicle-7'}":578.000000000,"VehicleId{value='vehicle-8'}":445.000000000,"VehicleId{value='vehicle-9'}":467.000000000,"VehicleId{value='vehicle-2'}":609.000000000,"VehicleId{value='vehicle-3'}":668.000000000,"VehicleId{value='vehicle-4'}":476.000000000,"VehicleId{value='vehicle-5'}":505.000000000},"convexHullList":{"VehicleId{value='vehicle-0'}":[{"latitude":50.9788274,"longitude":3.5636707},{"latitude":50.9302674,"longitude":3.6611671},{"latitude":50.9315784,"longitude":3.6925281}],"VehicleId{value='vehicle-1'}":[{"latitude":51.112568,"longitude":4.3255954},{"latitude":51.1056123,"longitude":4.3611078},{"latitude":51.1795402,"longitude":4.5883227}],"VehicleId{value='vehicle-6'}":[{"latitude":50.9063862,"longitude":5.1907122},{"latitude":50.8822349,"longitude":5.2334387},{"latitude":50.9211945,"longitude":5.6970968}],"VehicleId{value='vehicle-7'}":[{"latitude":51.3270224,"longitude":4.3668815},{"latitude":51.2393709,"longitude":4.4614986},{"latitude":51.315879,"longitude":4.983115}],"VehicleId{value='vehicle-8'}":[{"latitude":50.8044737,"longitude":3.1848768},{"latitude":50.792631,"longitude":3.2039358},{"latitude":50.850086,"longitude":3.3628332}],"VehicleId{value='vehicle-9'}":[{"latitude":51.0399033,"longitude":5.0976214},{"latitude":51.017877,"longitude":5.1113308},{"latitude":51.0581164,"longitude":5.275182}],"VehicleId{value='vehicle-2'}":[{"latitude":50.8019222,"longitude":3.7673053},{"latitude":50.8030373,"longitude":4.0584566}],"VehicleId{value='vehicle-3'}":[{"latitude":50.9221865,"longitude":4.0567115},{"latitude":50.8792481,"longitude":4.1109721},{"latitude":50.9182196,"longitude":4.4223632}],"VehicleId{value='vehicle-4'}":[{"latitude":51.1243058,"longitude":3.3256671},{"latitude":51.0979964,"longitude":3.6121645},{"latitude":51.1206221,"longitude":3.6396059}],"VehicleId{value='vehicle-5'}":[{"latitude":50.858785,"longitude":4.4714933},{"latitude":50.8167637,"longitude":4.5056511},{"latitude":50.8727738,"longitude":4.7166832}]},"visitsCloserToOtherCenterOfGravity":[[[],[]],[[],[]],[["Visit297","Visit466","Visit44","Visit339"],["vehicle-3","vehicle-3","vehicle-3","vehicle-3"]],[["Visit492","Visit483","Visit159","Visit42","Visit38","Visit354","Visit402"],["vehicle-1","vehicle-1","vehicle-1","vehicle-1","vehicle-1","vehicle-1","vehicle-1"]],[[],[]],[[],[]],[[],[]],[["Visit365","Visit23","Visit424","Visit469","Visit493","Visit389","Visit65"],["vehicle-2","vehicle-2","vehicle-2","vehicle-2","vehicle-2","vehicle-2","vehicle-2"]],[[],[]],[[],[]]],"meanDistanceToConvexHull":{"VehicleId{value='vehicle-0'}":2152.0292542512793,"VehicleId{value='vehicle-1'}":2671.7245928295088,"VehicleId{value='vehicle-6'}":4585.0610956639075,"VehicleId{value='vehicle-7'}":7783.949914769906,"VehicleId{value='vehicle-8'}":2422.683996987502,"VehicleId{value='vehicle-9'}":4583.61768431443,"VehicleId{value='vehicle-2'}":11550.541319845643,"VehicleId{value='vehicle-3'}":3749.0275986796605,"VehicleId{value='vehicle-4'}":2750.095033142278,"VehicleId{value='vehicle-5'}":3195.6137712922473}},"CargoAnalysisResult":{"totalLoadKgs":null,"totalLoadVolume":null,"biggestLoad":null,"biggestLoadVolume":null,"smallestLoad":null,"smallestLoadVolume":null,"meanLoad":0.0,"meanLoadVolume":0.0,"stdDevLoad":null,"maxRelativeLoad":null},"RouteCompositionAnalysisResult":{"numberOfRoutes":10,"stopsLongestRoute":37,"stopsShortestRoute":28,"meanStops":32.2,"stdDevStops":2.8213471959331775,"totalDistanceMeters":1645928,