{"WorkingShiftAnalysisResult":{"totalWaitingTimeSeconds":0.0,"workingShiftOfEachDriver":{"VehicleId{value='vehicle-6'}":32581.000000000,"VehicleId{value='vehicle-7'}":30504.000000000,"VehicleId{value='vehicle-8'}":27747.000000000,"VehicleId{value='vehicle-9'}":600.000000000,"VehicleId{value='vehicle-2'}":34462.000000000,"VehicleId{value='vehicle-3'}":33309.000000000,"VehicleId{value='vehicle-10'}":600.000000000,"VehicleId{value='vehicle-4'}":600.000000000,"VehicleId{value='vehicle-5'}":33871.000000000,"VehicleId{value='vehicle-13'}":600.000000000,"VehicleId{value='vehicle-14'}":600.000000000,"VehicleId{value='vehicle-11'}":600.000000000,"VehicleId{value='vehicle-0'}":1936.000000000,"VehicleId{value='vehicle-12'}":32950.000000000,"VehicleId{value='vehicle-1'}":30011.000000000,"VehicleId{value='vehicle-17'}":600.000000000,"VehicleId{value='vehicle-18'}":34056.000000000,"VehicleId{value='vehicle-15'}":1200.000000000,"VehicleId{value='vehicle-16'}":32903.000000000,"VehicleId{value='vehicle-19'}":35038.000000000},"stddevWorkingShifts":16250.73467165165,"shortestWorkingShift":{"VehicleId{value='vehicle-9'}":600.000000000},"longestWorkingShift":{"VehicleId{value='vehicle-19'}":35038.000000000},"visitsTimeWindowWrong":null,"meanworkingShift":18238.4},"VisualAttractivenessAnalysisResult":{"meanDistanceToGeographicCenter":{"VehicleId{value='vehicle-6'}":1932.089173820325,"VehicleId{value='vehicle-7'}":1008.2638702988875,"VehicleId{value='vehicle-8'}":1050.1988468578181,"VehicleId{value='vehicle-9'}":0.0,"VehicleId{value='vehicle-2'}":1127.5694894797407,"VehicleId{value='vehicle-3'}":1047.6174879397017,"VehicleId{value='vehicle-10'}":7.89917420840359E-10,"VehicleId{value='vehicle-4'}":0.0,"VehicleId{value='vehicle-5'}":1997.3002780270617,"VehicleId{value='vehicle-13'}":0.0,"VehicleId{value='vehicle-14'}":0.0,"VehicleId{value='vehicle-11'}":0.0,"VehicleId{value='vehicle-0'}":80.3846496590644,"VehicleId{value='vehicle-12'}":1767.843366849556,"VehicleId{value='vehicle-1'}":2675.3783789269223,"VehicleId{value='vehicle-17'}":0.0,"VehicleId{value='vehicle-18'}":1447.0500981221273,"VehicleId{value='vehicle-15'}":0.0,"VehicleId{value='vehicle-16'}":1072.7445922291624,"VehicleId{value='vehicle-19'}":1348.79100536517},"outliersTTBetweenStops":{"VehicleId{value='vehicle-6'}":[429.000000000,331.000000000,381.000000000],"VehicleId{value='vehicle-7'}":[415.000000000,448.000000000,333.000000000],"VehicleId{value='vehicle-8'}":[0.0,298.000000000,221.000000000],"VehicleId{value='vehicle-9'}":[],"VehicleId{value='vehicle-2'}":[377.000000000,213.000000000,274.000000000],"VehicleId{value='vehicle-3'}":[446.000000000,271.000000000],"VehicleId{value='vehicle-10'}":[],"VehicleId{value='vehicle-4'}":[],"VehicleId{value='vehicle-5'}":[0.0,0.0,325.000000000,355.000000000,303.000000000],"VehicleId{value='vehicle-13'}":[],"VehicleId{value='vehicle-14'}":[],"VehicleId{value='vehicle-11'}":[],"VehicleId{value='vehicle-0'}":[],"VehicleId{value='vehicle-12'}":[336.000000000,334.000000000,373.000000000,493.000000000,362.000000000],"VehicleId{value='vehicle-1'}":[427.000000000,591.000000000,590.000000000],"VehicleId{value='vehicle-17'}":[],"VehicleId{value='vehicle-18'}":[396.000000000,282.000000000,372.000000000,325.000000000],"VehicleId{value='vehicle-15'}":[],"VehicleId{value='vehicle-16'}":[276.000000000,355.000000000],"VehicleId{value='vehicle-19'}":[537.000000000,351.000000000,334.000000000]},"meanTravelTimeBetweenStops":{"VehicleId{value='vehicle-6'}":154.000000000,"VehicleId{value='vehicle-7'}":140.000000000,"VehicleId{value='vehicle-8'}":108.000000000,"VehicleId{value='vehicle-9'}":0.0,"VehicleId{value='vehicle-2'}":87.000000000,"VehicleId{value='vehicle-3'}":106.000000000,"VehicleId{value='vehicle-10'}":0.0,"VehicleId{value='vehicle-4'}":0.0,"VehicleId{value='vehicle-5'}":149.000000000,"VehicleId{value='vehicle-13'}":0.0,"VehicleId{value='vehicle-14'}":0.0,"VehicleId{value='vehicle-11'}":0.0,"VehicleId{value='vehicle-0'}":34.000000000,"VehicleId{value='vehicle-12'}":145.000000000,"VehicleId{value='vehicle-1'}":184.000000000,"VehicleId{value='vehicle-17'}":0.0,"VehicleId{value='vehicle-18'}":122.000000000,"VehicleId{value='vehicle-15'}":0.0,"VehicleId{value='vehicle-16'}":112.000000000,"VehicleId{value='vehicle-19'}":127.000000000},"convexHullList":{"VehicleId{value='vehicle-6'}":[{"latitude":50.8810435,"longitude":4.3215907},{"latitude":50.8572845,"longitude":4.3638099},{"latitude":50.8596488,"longitude":4.3693063}],"VehicleId{value='vehicle-7'}":[{"latitude":50.8465905,"longitude":4.3096689},{"latitude":50.8430795,"longitude":4.3483777}],"VehicleId{value='vehicle-8'}":[{"latitude":50.8623193,"longitude":4.2894086},{"latitude":50.8616458,"longitude":4.2904608},{"latitude":50.8617594,"longitude":4.3174906}],"VehicleId{value='vehicle-9'}":[{"latitude":50.8725981,"longitude":4.3352521},{"latitude":50.8725981,"longitude":4.3352521}],"VehicleId{value='vehicle-2'}":[{"latitude":50.806822,"longitude":4.3123146},{"latitude":50.8022306,"longitude":4.3175121},{"latitude":50.8092141,"longitude":4.3400493}],"VehicleId{value='vehicle-3'}":[{"latitude":50.8505765,"longitude":4.3469403},{"latitude":50.8480073,"longitude":4.3734382},{"latitude":50.8480429,"longitude":4.3792175}],"VehicleId{value='vehicle-10'}":[{"latitude":50.8486951,"longitude":4.4007021},{"latitude":50.8486951,"longitude":4.4007021}],"VehicleId{value='vehicle-4'}":[{"latitude":50.8478225,"longitude":4.4417528},{"latitude":50.8478225,"longitude":4.4417528}],"VehicleId{value='vehicle-5'}":[{"latitude":50.8121377,"longitude":4.4173913},{"latitude":50.8111755,"longitude":4.4359916},{"latitude":50.8119119,"longitude":4.4372838}],"VehicleId{value='vehicle-13'}":[{"latitude":50.827357,"longitude":4.2864297},{"latitude":50.827357,"longitude":4.2864297}],"VehicleId{value='vehicle-14'}":[{"latitude":50.8789519,"longitude":4.3297488},{"latitude":50.8789519,"longitude":4.3297488}],"VehicleId{value='vehicle-11'}":[{"latitude":50.83544,"longitude":4.4140655},{"latitude":50.83544,"longitude":4.4140655}],"VehicleId{value='vehicle-0'}":[{"latitude":50.8307113,"longitude":4.4146996},{"latitude":50.8287688,"longitude":4.4166139}],"VehicleId{value='vehicle-12'}":[{"latitude":50.8401954,"longitude":4.3727842},{"latitude":50.8368235,"longitude":4.3831614},{"latitude":50.837129,"longitude":4.4167503}],"VehicleId{value='vehicle-1'}":[{"latitude":50.7748643,"longitude":4.338411},{"latitude":50.7722695,"longitude":4.378916},{"latitude":50.8269559,"longitude":4.4086069}],"VehicleId{value='vehicle-17'}":[{"latitude":50.8511262,"longitude":4.4340186},{"latitude":50.8511262,"longitude":4.4340186}],"VehicleId{value='vehicle-18'}":[{"latitude":50.7953502,"longitude":4.4033033},{"latitude":50.7903359,"longitude":4.4219352}],"VehicleId{value='vehicle-15'}":[{"latitude":50.8454662,"longitude":4.4061949},{"latitude":50.8454662,"longitude":4.4061949}],"VehicleId{value='vehicle-16'}":[{"latitude":50.8319911,"longitude":4.3307523},{"latitude":50.8224861,"longitude":4.3682268},{"latitude":50.8239686,"longitude":4.381738}],"VehicleId{value='vehicle-19'}":[{"latitude":50.8162328,"longitude":4.280702},{"latitude":50.7929912,"longitude":4.3220889},{"latitude":50.7986567,"longitude":4.3277573}]},