{"WorkingShiftAnalysisResult":{"totalWaitingTimeSeconds":0.0,"workingShiftOfEachDriver":{"VehicleId{value='vehicle-6'}":28602.000000000,"VehicleId{value='vehicle-7'}":34521.000000000,"VehicleId{value='vehicle-8'}":27410.000000000,"VehicleId{value='vehicle-9'}":32461.000000000,"VehicleId{value='vehicle-2'}":9615.000000000,"VehicleId{value='vehicle-3'}":33658.000000000,"VehicleId{value='vehicle-10'}":34815.000000000,"VehicleId{value='vehicle-4'}":34793.000000000,"VehicleId{value='vehicle-5'}":34880.000000000,"VehicleId{value='vehicle-13'}":34877.000000000,"VehicleId{value='vehicle-14'}":34654.000000000,"VehicleId{value='vehicle-0'}":34437.000000000,"VehicleId{value='vehicle-11'}":34447.000000000,"VehicleId{value='vehicle-1'}":31821.000000000,"VehicleId{value='vehicle-12'}":32640.000000000,"VehicleId{value='vehicle-17'}":34656.000000000,"VehicleId{value='vehicle-18'}":32212.000000000,"VehicleId{value='vehicle-15'}":31681.000000000,"VehicleId{value='vehicle-16'}":600.000000000,"VehicleId{value='vehicle-19'}":9437.000000000},"stddevWorkingShifts":10078.72867661602,"shortestWorkingShift":{"VehicleId{value='vehicle-16'}":600.000000000},"longestWorkingShift":{"VehicleId{value='vehicle-5'}":34880.000000000},"visitsTimeWindowWrong":null,"meanworkingShift":29110.85},"VisualAttractivenessAnalysisResult":{"meanDistanceToGeographicCenter":{"VehicleId{value='vehicle-6'}":7306.578283155694,"VehicleId{value='vehicle-7'}":17259.95420203373,"VehicleId{value='vehicle-8'}":10213.95733135621,"VehicleId{value='vehicle-9'}":5723.756517876215,"VehicleId{value='vehicle-2'}":4738.565731757591,"VehicleId{value='vehicle-3'}":9463.75221775309,"VehicleId{value='vehicle-10'}":14600.303545706334,"VehicleId{value='vehicle-4'}":14319.017566857376,"VehicleId{value='vehicle-5'}":9830.742616261045,"VehicleId{value='vehicle-13'}":10155.207292518626,"VehicleId{value='vehicle-14'}":12732.225362995892,"VehicleId{value='vehicle-0'}":14840.09218601325,"VehicleId{value='vehicle-11'}":12679.332881371069,"VehicleId{value='vehicle-1'}":20569.636714852997,"VehicleId{value='vehicle-12'}":8603.318068205535,"VehicleId{value='vehicle-17'}":12327.279375480843,"VehicleId{value='vehicle-18'}":12846.809247822586,"VehicleId{value='vehicle-15'}":9929.56764193107,"VehicleId{value='vehicle-16'}":6.247479538929508E-11,"VehicleId{value='vehicle-19'}":4704.257754248789},"outliersTTBetweenStops":{"VehicleId{value='vehicle-6'}":[0.0,1035.000000000],"VehicleId{value='vehicle-7'}":[1932.000000000],"VehicleId{value='vehicle-8'}":[0.0,986.000000000,1136.000000000],"VehicleId{value='vehicle-9'}":[1430.000000000,1657.000000000,1038.000000000],"VehicleId{value='vehicle-2'}":[],"VehicleId{value='vehicle-3'}":[1127.000000000,1185.000000000,1043.000000000],"VehicleId{value='vehicle-10'}":[1223.000000000,1358.000000000,1420.000000000],"VehicleId{value='vehicle-4'}":[1729.000000000,1389.000000000,1605.000000000],"VehicleId{value='vehicle-5'}":[1221.000000000,1177.000000000],"VehicleId{value='vehicle-13'}":[0.0,1066.000000000,1012.000000000],"VehicleId{value='vehicle-14'}":[1562.000000000,1330.000000000],"VehicleId{value='vehicle-0'}":[0.0,1694.000000000],"VehicleId{value='vehicle-11'}":[1201.000000000,1287.000000000,1213.000000000],"VehicleId{value='vehicle-1'}":[3082.000000000],"VehicleId{value='vehicle-12'}":[1581.000000000,1776.000000000,1578.000000000],"VehicleId{value='vehicle-17'}":[0.0,1214.000000000,1211.000000000],"VehicleId{value='vehicle-18'}":[1246.000000000,2106.000000000],"VehicleId{value='vehicle-15'}":[2407.000000000,1723.000000000],"VehicleId{value='vehicle-16'}":[],"VehicleId{value='vehicle-19'}":[]},"meanTravelTimeBetweenStops":{"VehicleId{value='vehicle-6'}":523.000000000,"VehicleId{value='vehicle-7'}":611.000000000,"VehicleId{value='vehicle-8'}":520.000000000,"VehicleId{value='vehicle-9'}":372.000000000,"VehicleId{value='vehicle-2'}":535.000000000,"VehicleId{value='vehicle-3'}":470.000000000,"VehicleId{value='vehicle-10'}":506.000000000,"VehicleId{value='vehicle-4'}":620.000000000,"VehicleId{value='vehicle-5'}":544.000000000,"VehicleId{value='vehicle-13'}":475.000000000,"VehicleId{value='vehicle-14'}":575.000000000,"VehicleId{value='vehicle-0'}":747.000000000,"VehicleId{value='vehicle-11'}":568.000000000,"VehicleId{value='vehicle-1'}":696.000000000,"VehicleId{value='vehicle-12'}":508.000000000,"VehicleId{value='vehicle-17'}":615.000000000,"VehicleId{value='vehicle-18'}":493.000000000,"VehicleId{value='vehicle-15'}":476.000000000,"VehicleId{value='vehicle-16'}":0.0,"VehicleId{value='vehicle-19'}":654.000000000},"convexHullList":{"VehicleId{value='vehicle-6'}":[{"latitude":51.031671,"longitude":4.5028289},{"latitude":51.0238915,"longitude":4.5751832},{"latitude":51.0572369,"longitude":4.6606948}],"VehicleId{value='vehicle-7'}":[{"latitude":51.0687704,"longitude":4.8068083},{"latitude":51.0681939,"longitude":5.1268084},{"latitude":51.0772894,"longitude":5.2280996}],"VehicleId{value='vehicle-8'}":[{"latitude":50.7772784,"longitude":3.0432836},{"latitude":50.7814391,"longitude":3.1968914}],"VehicleId{value='vehicle-9'}":[{"latitude":51.2044809,"longitude":4.3838914},{"latitude":51.1973463,"longitude":4.4213393},{"latitude":51.2020643,"longitude":4.4349095}],"VehicleId{value='vehicle-2'}":[{"latitude":50.8527571,"longitude":2.7329864},{"latitude":50.8533761,"longitude":2.9008175}],"VehicleId{value='vehicle-3'}":[{"latitude":50.961326,"longitude":4.25082},{"latitude":50.9437147,"longitude":4.3278508},{"latitude":50.9767255,"longitude":4.3471065}],"VehicleId{value='vehicle-10'}":[{"latitude":50.9803672,"longitude":3.0887229},{"latitude":50.9583954,"longitude":3.5961775},{"latitude":50.9800915,"longitude":3.6751644}],"VehicleId{value='vehicle-4'}":[{"latitude":50.9115136,"longitude":4.377153},{"latitude":50.7418211,"longitude":4.4954101},{"latitude":50.803468,"longitude":4.9382235}],"VehicleId{value='vehicle-5'}":[{"latitude":50.8337782,"longitude":4.6622769},{"latitude":50.8940219,"longitude":5.1006473}],"VehicleId{value='vehicle-13'}":[{"latitude":51.2004809,"longitude":4.6411438},{"latitude":51.1622611,"longitude":4.8713854},{"latitude":51.1670151,"longitude":4.9094055}],"VehicleId{value='vehicle-14'}":[{"latitude":50.7842535,"longitude":5.4693368},{"latitude":50.7794352,"longitude":5.5209752},{"latitude":50.7921038,"longitude":5.5608204}],"VehicleId{value='vehicle-0'}":[{"latitude":50.8073789,"longitude":3.4679814},{"latitude":50.7405425,"longitude":3.5859873},{"latitude":50.7488748,"longitude":3.8462457}],"VehicleId{value='vehicle-11'}":[{"latitude":51.0000441,"longitude":5.3709263},{"latitude":50.9889138,"longitude":5.5075964},{"latitude":51.0078115,"longitude":5.5883735}],"VehicleId{value='vehicle-1'}":[{"latitude":51.2079066,"longitude":3.2435046},{"latitude":51.1009324,"longitude":3.6605922},{"latitude":51.1045014,"longitude":3.6830553}],"VehicleId{value='vehicle-12'}":[{"latitude":51.038677,"longitude":3.3987722},{"latitude":50.9224527,"longitude":3.7619002},{"latitude":51.0313601,"longitude":3.8513582}],"VehicleId{value='vehicle-17'}":[{"latitude":50.7394304,"longitude":4.1777734},{"latitude":50.7336478,"longitude":4.2723824},{"latitude":50.7418485,"longitude":4.3720178}],"VehicleId{value='vehicle-18'}":[{"latitude":51.0189376,"longitude":4.1155925},{"latitude":51.0174478,"longitude":4.1485088},{"latitude":51.0491463,"longitude":4.2072452}],"VehicleId{value='vehicle-15'}":[{"latitude":51.0945106,"longitude":2.5928658},{"latitude":51.0137834,"longitude":2.7285774},{"latitude":51.0868282,"longitude":2.9775217}],"VehicleId{value='vehicle-16'}":[{"latitude":50.7487447,"longitude":5.8072377},{"latitude":50.7487447,"longitude":5.8072377}],"VehicleId{value='vehicle-19'}":[{"latitude":50.7542036,"longitude":5.0818735},{"latitude":50.7363082,"longitude":5.260606},{"latitude":50.7709688,"longitude":5.2693723}]},