{"WorkingShiftAnalysisResult":{"totalWaitingTimeSeconds":0.0,"workingShiftOfEachDriver":{"VehicleId{value='vehicle-7'}":32967.000000000,"VehicleId{value='vehicle-9'}":32932.000000000,"VehicleId{value='vehicle-2'}":30132.000000000,"VehicleId{value='vehicle-3'}":32437.000000000,"VehicleId{value='vehicle-10'}":31317.000000000,"VehicleId{value='vehicle-5'}":21839.000000000,"VehicleId{value='vehicle-13'}":600.000000000,"VehicleId{value='vehicle-14'}":32478.000000000,"VehicleId{value='vehicle-1'}":15768.000000000,"VehicleId{value='vehicle-12'}":31694.000000000,"VehicleId{value='vehicle-17'}":33609.000000000,"VehicleId{value='vehicle-18'}":33478.000000000,"VehicleId{value='vehicle-15'}":30414.000000000,"VehicleId{value='vehicle-19'}":10028.000000000},"stddevWorkingShifts":10418.234727925545,"shortestWorkingShift":{"VehicleId{value='vehicle-13'}":600.000000000},"longestWorkingShift":{"VehicleId{value='vehicle-17'}":33609.000000000},"visitsTimeWindowWrong":null,"meanworkingShift":26406.64285714286},"VisualAttractivenessAnalysisResult":{"meanDistanceToGeographicCenter":{"VehicleId{value='vehicle-7'}":1586.7045666560446,"VehicleId{value='vehicle-9'}":1092.4041012541625,"VehicleId{value='vehicle-2'}":971.6142938095605,"VehicleId{value='vehicle-3'}":1273.845965017754,"VehicleId{value='vehicle-10'}":1262.2396515775265,"VehicleId{value='vehicle-5'}":985.8347750901947,"VehicleId{value='vehicle-13'}":0.0,"VehicleId{value='vehicle-14'}":2140.3699211709127,"VehicleId{value='vehicle-1'}":1474.2625264745725,"VehicleId{value='vehicle-12'}":1073.0070873055124,"VehicleId{value='vehicle-17'}":1552.0654908463143,"VehicleId{value='vehicle-18'}":1860.7564191827541,"VehicleId{value='vehicle-15'}":1268.83890389188,"VehicleId{value='vehicle-19'}":502.06371991902745},"outliersTTBetweenStops":{"VehicleId{value='vehicle-7'}":[297.000000000,0.0,300.000000000,0.0],"VehicleId{value='vehicle-9'}":[273.000000000,0.0],"VehicleId{value='vehicle-2'}":[260.000000000,237.000000000,216.000000000],"VehicleId{value='vehicle-3'}":[294.000000000,334.000000000,333.000000000,306.000000000,318.000000000],"VehicleId{value='vehicle-10'}":[595.000000000,326.000000000,431.000000000],"VehicleId{value='vehicle-5'}":[372.000000000],"VehicleId{value='vehicle-13'}":[],"VehicleId{value='vehicle-14'}":[434.000000000,803.000000000,458.000000000],"VehicleId{value='vehicle-1'}":[485.000000000,508.000000000,0.0],"VehicleId{value='vehicle-12'}":[340.000000000,413.000000000],"VehicleId{value='vehicle-17'}":[303.000000000,321.000000000,316.000000000,308.000000000,0.0],"VehicleId{value='vehicle-18'}":[290.000000000,356.000000000,337.000000000,277.000000000],"VehicleId{value='vehicle-15'}":[253.000000000,269.000000000,289.000000000],"VehicleId{value='vehicle-19'}":[409.000000000]},"meanTravelTimeBetweenStops":{"VehicleId{value='vehicle-7'}":145.000000000,"VehicleId{value='vehicle-9'}":113.000000000,"VehicleId{value='vehicle-2'}":98.000000000,"VehicleId{value='vehicle-3'}":134.000000000,"VehicleId{value='vehicle-10'}":125.000000000,"VehicleId{value='vehicle-5'}":147.000000000,"VehicleId{value='vehicle-13'}":0.0,"VehicleId{value='vehicle-14'}":187.000000000,"VehicleId{value='vehicle-1'}":218.000000000,"VehicleId{value='vehicle-12'}":133.000000000,"VehicleId{value='vehicle-17'}":143.000000000,"VehicleId{value='vehicle-18'}":125.000000000,"VehicleId{value='vehicle-15'}":121.000000000,"VehicleId{value='vehicle-19'}":108.000000000},"convexHullList":{"VehicleId{value='vehicle-7'}":[{"latitude":50.8356494,"longitude":4.2795728},{"latitude":50.8124919,"longitude":4.3071714},{"latitude":50.8512666,"longitude":4.3374823}],"VehicleId{value='vehicle-9'}":[{"latitude":50.8616458,"longitude":4.2904608},{"latitude":50.8599862,"longitude":4.3366102},{"latitude":50.8603284,"longitude":4.3388116}],"VehicleId{value='vehicle-2'}":[{"latitude":50.8142837,"longitude":4.3377476},{"latitude":50.8118957,"longitude":4.3557548},{"latitude":50.8155012,"longitude":4.3647928}],"VehicleId{value='vehicle-3'}":[{"latitude":50.8319911,"longitude":4.3307523},{"latitude":50.8279865,"longitude":4.351095},{"latitude":50.8480429,"longitude":4.3792175}],"VehicleId{value='vehicle-10'}":[{"latitude":50.828953,"longitude":4.331947},{"latitude":50.8261495,"longitude":4.3361503},{"latitude":50.8278709,"longitude":4.3692771}],"VehicleId{value='vehicle-5'}":[{"latitude":50.7953502,"longitude":4.4033033},{"latitude":50.7903359,"longitude":4.4219352},{"latitude":50.8119119,"longitude":4.4372838}],"VehicleId{value='vehicle-13'}":[{"latitude":50.827357,"longitude":4.2864297},{"latitude":50.827357,"longitude":4.2864297}],"VehicleId{value='vehicle-14'}":[{"latitude":50.8732398,"longitude":4.3524},{"latitude":50.8730695,"longitude":4.3565628},{"latitude":50.875519,"longitude":4.4029514}],"VehicleId{value='vehicle-1'}":[{"latitude":50.7748643,"longitude":4.338411},{"latitude":50.7722695,"longitude":4.378916},{"latitude":50.7807107,"longitude":4.3808463}],"VehicleId{value='vehicle-12'}":[{"latitude":50.8572845,"longitude":4.3638099},{"latitude":50.8556477,"longitude":4.381804},{"latitude":50.8621833,"longitude":4.4153132}],"VehicleId{value='vehicle-17'}":[{"latitude":50.8307178,"longitude":4.393635},{"latitude":50.8253045,"longitude":4.3999053},{"latitude":50.8274877,"longitude":4.4424448}],"VehicleId{value='vehicle-18'}":[{"latitude":50.8022306,"longitude":4.3175121},{"latitude":50.7986567,"longitude":4.3277573},{"latitude":50.7987085,"longitude":4.3625102}],"VehicleId{value='vehicle-15'}":[{"latitude":50.8239686,"longitude":4.381738},{"latitude":50.8239227,"longitude":4.3882381},{"latitude":50.8467848,"longitude":4.4140198}],"VehicleId{value='vehicle-19'}":[{"latitude":50.8162328,"longitude":4.280702},{"latitude":50.8234454,"longitude":4.2986702}]},