{"WorkingShiftAnalysisResult":{"totalWaitingTimeSeconds":0.0,"workingShiftOfEachDriver":{"VehicleId{value='vehicle-6'}":34289.000000000,"VehicleId{value='vehicle-7'}":20067.000000000,"VehicleId{value='vehicle-8'}":33815.000000000,"VehicleId{value='vehicle-9'}":1798.000000000,"VehicleId{value='vehicle-2'}":3036.000000000,"VehicleId{value='vehicle-10'}":7898.000000000,"VehicleId{value='vehicle-3'}":18512.000000000,"VehicleId{value='vehicle-4'}":3902.000000000,"VehicleId{value='vehicle-5'}":600.000000000,"VehicleId{value='vehicle-13'}":600.000000000,"VehicleId{value='vehicle-14'}":33450.000000000,"VehicleId{value='vehicle-11'}":2492.000000000,"VehicleId{value='vehicle-0'}":600.000000000,"VehicleId{value='vehicle-1'}":600.000000000,"VehicleId{value='vehicle-12'}":26988.000000000,"VehicleId{value='vehicle-17'}":600.000000000,"VehicleId{value='vehicle-18'}":6635.000000000,"VehicleId{value='vehicle-15'}":33545.000000000,"VehicleId{value='vehicle-16'}":5352.000000000,"VehicleId{value='vehicle-19'}":34671.000000000},"stddevWorkingShifts":14104.374965162218,"shortestWorkingShift":{"VehicleId{value='vehicle-5'}":600.000000000},"longestWorkingShift":{"VehicleId{value='vehicle-19'}":34671.000000000},"visitsTimeWindowWrong":null,"meanworkingShift":13472.5},"VisualAttractivenessAnalysisResult":{"meanDistanceToGeographicCenter":{"VehicleId{value='vehicle-6'}":14628.916502295628,"VehicleId{value='vehicle-7'}":5058.404512248931,"VehicleId{value='vehicle-8'}":16493.410681271886,"VehicleId{value='vehicle-9'}":291.30804213579796,"VehicleId{value='vehicle-2'}":2694.1077288804318,"VehicleId{value='vehicle-10'}":5866.1920017109705,"VehicleId{value='vehicle-3'}":6846.448906970845,"VehicleId{value='vehicle-4'}":2798.344111090575,"VehicleId{value='vehicle-5'}":0.0,"VehicleId{value='vehicle-13'}":7.89917420840359E-10,"VehicleId{value='vehicle-14'}":13041.386777555022,"VehicleId{value='vehicle-11'}":256.2983945241399,"VehicleId{value='vehicle-0'}":6.224864292266507E-11,"VehicleId{value='vehicle-1'}":0.0,"VehicleId{value='vehicle-12'}":12003.10972497391,"VehicleId{value='vehicle-17'}":0.0,"VehicleId{value='vehicle-18'}":7474.862051726277,"VehicleId{value='vehicle-15'}":16813.704745453335,"VehicleId{value='vehicle-16'}":3345.1165479453553,"VehicleId{value='vehicle-19'}":22836.99339397879},"outliersTTBetweenStops":{"VehicleId{value='vehicle-6'}":[1944.000000000,1504.000000000],"VehicleId{value='vehicle-7'}":[1330.000000000],"VehicleId{value='vehicle-8'}":[0.0,1800.000000000],"VehicleId{value='vehicle-9'}":[],"VehicleId{value='vehicle-2'}":[],"VehicleId{value='vehicle-10'}":[],"VehicleId{value='vehicle-3'}":[],"VehicleId{value='vehicle-4'}":[],"VehicleId{value='vehicle-5'}":[],"VehicleId{value='vehicle-13'}":[],"VehicleId{value='vehicle-14'}":[1617.000000000,1674.000000000,0.0],"VehicleId{value='vehicle-11'}":[],"VehicleId{value='vehicle-0'}":[],"VehicleId{value='vehicle-1'}":[],"VehicleId{value='vehicle-12'}":[2137.000000000,1611.000000000],"VehicleId{value='vehicle-17'}":[],"VehicleId{value='vehicle-18'}":[],"VehicleId{value='vehicle-15'}":[2285.000000000],"VehicleId{value='vehicle-16'}":[],"VehicleId{value='vehicle-19'}":[2441.000000000]},"meanTravelTimeBetweenStops":{"VehicleId{value='vehicle-6'}":692.000000000,"VehicleId{value='vehicle-7'}":384.000000000,"VehicleId{value='vehicle-8'}":896.000000000,"VehicleId{value='vehicle-9'}":199.000000000,"VehicleId{value='vehicle-2'}":612.000000000,"VehicleId{value='vehicle-10'}":614.000000000,"VehicleId{value='vehicle-3'}":674.000000000,"VehicleId{value='vehicle-4'}":525.000000000,"VehicleId{value='vehicle-5'}":0.0,"VehicleId{value='vehicle-13'}":0.0,"VehicleId{value='vehicle-14'}":818.000000000,"VehicleId{value='vehicle-11'}":173.000000000,"VehicleId{value='vehicle-0'}":0.0,"VehicleId{value='vehicle-1'}":0.0,"VehicleId{value='vehicle-12'}":654.000000000,"VehicleId{value='vehicle-17'}":0.0,"VehicleId{value='vehicle-18'}":1208.000000000,"VehicleId{value='vehicle-15'}":765.000000000,"VehicleId{value='vehicle-16'}":590.000000000,"VehicleId{value='vehicle-19'}":933.000000000},"convexHullList":{"VehicleId{value='vehicle-6'}":[{"latitude":50.7638391,"longitude":3.8678068},{"latitude":50.7514611,"longitude":3.9176204},{"latitude":50.8790014,"longitude":4.1604134}],"VehicleId{value='vehicle-7'}":[{"latitude":51.1372399,"longitude":4.3496285},{"latitude":51.2111743,"longitude":4.5967359}],"VehicleId{value='vehicle-8'}":[{"latitude":50.8177901,"longitude":5.1986553},{"latitude":50.8084813,"longitude":5.6012305},{"latitude":51.1521987,"longitude":5.8152782}],"VehicleId{value='vehicle-9'}":[{"latitude":50.8712909,"longitude":4.2540933},{"latitude":50.8653052,"longitude":4.2598061}],"VehicleId{value='vehicle-2'}":[{"latitude":50.8055489,"longitude":4.232577},{"latitude":50.740927,"longitude":4.2333518}],"VehicleId{value='vehicle-10'}":[{"latitude":50.9774725,"longitude":3.5351461},{"latitude":50.9243802,"longitude":3.5909021},{"latitude":50.9577439,"longitude":3.6956755}],"VehicleId{value='vehicle-3'}":[{"latitude":51.1670558,"longitude":3.8467917},{"latitude":51.0690042,"longitude":4.0174216},{"latitude":51.1400248,"longitude":4.2970877}],"VehicleId{value='vehicle-4'}":[{"latitude":50.9955702,"longitude":5.3694582},{"latitude":51.0255821,"longitude":5.4693051}],"VehicleId{value='vehicle-5'}":[{"latitude":51.2074901,"longitude":2.8930702},{"latitude":51.2074901,"longitude":2.8930702}],"VehicleId{value='vehicle-13'}":[{"latitude":51.3032793,"longitude":4.7422546},{"latitude":51.3032793,"longitude":4.7422546}],"VehicleId{value='vehicle-14'}":[{"latitude":50.9514362,"longitude":4.3040552},{"latitude":50.7313765,"longitude":4.3813963},{"latitude":50.8524106,"longitude":4.758586}],"VehicleId{value='vehicle-11'}":[{"latitude":51.3177306,"longitude":4.9530293},{"latitude":51.3172009,"longitude":4.9574588}],"VehicleId{value='vehicle-0'}":[{"latitude":50.9180052,"longitude":5.6947718},{"latitude":50.9180052,"longitude":5.6947718}],"VehicleId{value='vehicle-1'}":[{"latitude":51.0876692,"longitude":3.8568361},{"latitude":51.0876692,"longitude":3.8568361}],"VehicleId{value='vehicle-12'}":[{"latitude":51.2271528,"longitude":2.908467},{"latitude":51.1178849,"longitude":3.012546},{"latitude":51.1341768,"longitude":3.2550602}],"VehicleId{value='vehicle-17'}":[{"latitude":51.2945527,"longitude":4.4964416},{"latitude":51.2945527,"longitude":4.4964416}],"VehicleId{value='vehicle-18'}":[{"latitude":50.8665467,"longitude":4.9849979},{"latitude":50.9880181,"longitude":5.1977791}],"VehicleId{value='vehicle-15'}":[{"latitude":51.0729576,"longitude":4.7043309},{"latitude":51.0405082,"longitude":4.776281},{"latitude":51.1638742,"longitude":4.9841284}],"VehicleId{value='vehicle-16'}":[{"latitude":51.0197376,"longitude":4.1108184},{"latitude":51.013907,"longitude":4.1779696}],"VehicleId{value='vehicle-19'}":[{"latitude":50.8380999,"longitude":2.9242534},{"latitude":50.7731016,"longitude":3.4365628},{"latitude":50.8310251,"longitude":3.6002998}]},