{"WorkingShiftAnalysisResult":{"totalWaitingTimeSeconds":0.0,"workingShiftOfEachDriver":{"VehicleId{value='vehicle-6'}":29146.000000000,"VehicleId{value='vehicle-7'}":35100.000000000,"VehicleId{value='vehicle-8'}":30694.000000000,"VehicleId{value='vehicle-9'}":682.000000000,"VehicleId{value='vehicle-2'}":32019.000000000,"VehicleId{value='vehicle-10'}":600.000000000,"VehicleId{value='vehicle-3'}":31775.000000000,"VehicleId{value='vehicle-4'}":17848.000000000,"VehicleId{value='vehicle-13'}":31178.000000000,"VehicleId{value='vehicle-11'}":25185.000000000,"VehicleId{value='vehicle-0'}":24728.000000000,"VehicleId{value='vehicle-12'}":34523.000000000,"VehicleId{value='vehicle-1'}":600.000000000,"VehicleId{value='vehicle-17'}":600.000000000,"VehicleId{value='vehicle-15'}":4894.000000000,"VehicleId{value='vehicle-16'}":32439.000000000,"VehicleId{value='vehicle-19'}":33003.000000000},"stddevWorkingShifts":13956.001538316768,"shortestWorkingShift":{"VehicleId{value='vehicle-10'}":600.000000000},"longestWorkingShift":{"VehicleId{value='vehicle-7'}":35100.000000000},"visitsTimeWindowWrong":null,"meanworkingShift":21471.41176470588},"VisualAttractivenessAnalysisResult":{"meanDistanceToGeographicCenter":{"VehicleId{value='vehicle-6'}":1813.0186689399661,"VehicleId{value='vehicle-7'}":1762.3806834126435,"VehicleId{value='vehicle-8'}":1203.7906081095023,"VehicleId{value='vehicle-9'}":0.11445648623436837,"VehicleId{value='vehicle-2'}":1070.4905149888743,"VehicleId{value='vehicle-10'}":0.25081235307715505,"VehicleId{value='vehicle-3'}":1348.9213539698428,"VehicleId{value='vehicle-4'}":941.8256109185261,"VehicleId{value='vehicle-13'}":1729.1850652205258,"VehicleId{value='vehicle-11'}":1309.9463338520666,"VehicleId{value='vehicle-0'}":1119.5123080910291,"VehicleId{value='vehicle-12'}":1274.1318823656409,"VehicleId{value='vehicle-1'}":0.09972992764245853,"VehicleId{value='vehicle-17'}":0.19276751705291698,"VehicleId{value='vehicle-15'}":307.99858605006375,"VehicleId{value='vehicle-16'}":1336.5642755361987,"VehicleId{value='vehicle-19'}":2297.980477990546},"outliersTTBetweenStops":{"VehicleId{value='vehicle-6'}":[403.000000000,341.000000000,410.000000000],"VehicleId{value='vehicle-7'}":[337.000000000,358.000000000,363.000000000,373.000000000],"VehicleId{value='vehicle-8'}":[0.0,298.000000000],"VehicleId{value='vehicle-9'}":[],"VehicleId{value='vehicle-2'}":[213.000000000,385.000000000,227.000000000],"VehicleId{value='vehicle-10'}":[],"VehicleId{value='vehicle-3'}":[401.000000000,615.000000000,333.000000000],"VehicleId{value='vehicle-4'}":[0.0,321.000000000,325.000000000],"VehicleId{value='vehicle-13'}":[475.000000000,298.000000000,286.000000000],"VehicleId{value='vehicle-11'}":[252.000000000,200.000000000],"VehicleId{value='vehicle-0'}":[372.000000000],"VehicleId{value='vehicle-12'}":[334.000000000,373.000000000,493.000000000,362.000000000],"VehicleId{value='vehicle-1'}":[],"VehicleId{value='vehicle-17'}":[],"VehicleId{value='vehicle-15'}":[],"VehicleId{value='vehicle-16'}":[249.000000000,310.000000000,416.000000000],"VehicleId{value='vehicle-19'}":[437.000000000,485.000000000,436.000000000,418.000000000,430.000000000]},"meanTravelTimeBetweenStops":{"VehicleId{value='vehicle-6'}":143.000000000,"VehicleId{value='vehicle-7'}":128.000000000,"VehicleId{value='vehicle-8'}":127.000000000,"VehicleId{value='vehicle-9'}":41.000000000,"VehicleId{value='vehicle-2'}":94.000000000,"VehicleId{value='vehicle-10'}":0.0,"VehicleId{value='vehicle-3'}":135.000000000,"VehicleId{value='vehicle-4'}":168.000000000,"VehicleId{value='vehicle-13'}":106.000000000,"VehicleId{value='vehicle-11'}":96.000000000,"VehicleId{value='vehicle-0'}":144.000000000,"VehicleId{value='vehicle-12'}":131.000000000,"VehicleId{value='vehicle-1'}":0.0,"VehicleId{value='vehicle-17'}":0.0,"VehicleId{value='vehicle-15'}":86.000000000,"VehicleId{value='vehicle-16'}":102.000000000,"VehicleId{value='vehicle-19'}":181.000000000},"convexHullList":{"VehicleId{value='vehicle-6'}":[{"latitude":50.8505765,"longitude":4.3469403},{"latitude":50.8494637,"longitude":4.3657418},{"latitude":50.8544169,"longitude":4.3685393}],"VehicleId{value='vehicle-7'}":[{"latitude":50.8289483,"longitude":4.3007344},{"latitude":50.8257958,"longitude":4.3059336},{"latitude":50.8402086,"longitude":4.3342667}],"VehicleId{value='vehicle-8'}":[{"latitude":50.8646456,"longitude":4.3006407},{"latitude":50.8636113,"longitude":4.3174744},{"latitude":50.8670513,"longitude":4.3343042}],"VehicleId{value='vehicle-9'}":[{"latitude":50.8726,"longitude":4.33525},{"latitude":50.8725981,"longitude":4.3352521}],"VehicleId{value='vehicle-2'}":[{"latitude":50.8092141,"longitude":4.3400493},{"latitude":50.80786,"longitude":4.3705535}],"VehicleId{value='vehicle-10'}":[{"latitude":50.8487,"longitude":4.4007},{"latitude":50.8486951,"longitude":4.4007021}],"VehicleId{value='vehicle-3'}":[{"latitude":50.8189255,"longitude":4.3546176},{"latitude":50.8187464,"longitude":4.3664387},{"latitude":50.8206432,"longitude":4.3716327}],"VehicleId{value='vehicle-4'}":[{"latitude":50.845486,"longitude":4.4240856},{"latitude":50.8274877,"longitude":4.4424448},{"latitude":50.8450148,"longitude":4.4587444}],"VehicleId{value='vehicle-13'}":[{"latitude":50.827357,"longitude":4.2864297},{"latitude":50.8184522,"longitude":4.3287763},{"latitude":50.8221929,"longitude":4.3320657}],"VehicleId{value='vehicle-11'}":[{"latitude":50.8070856,"longitude":4.3860603},{"latitude":50.8034978,"longitude":4.3912936},{"latitude":50.837129,"longitude":4.4167503}],"VehicleId{value='vehicle-0'}":[{"latitude":50.7953502,"longitude":4.4033033},{"latitude":50.7903359,"longitude":4.4219352},{"latitude":50.8119119,"longitude":4.4372838}],"VehicleId{value='vehicle-12'}":[{"latitude":50.8655819,"longitude":4.3703577},{"latitude":50.8401954,"longitude":4.3727842},{"latitude":50.84724,"longitude":4.3957597}],"VehicleId{value='vehicle-1'}":[{"latitude":50.7893414,"longitude":4.3669077},{"latitude":50.78934,"longitude":4.36691}],"VehicleId{value='vehicle-17'}":[{"latitude":50.8511262,"longitude":4.4340186},{"latitude":50.85113,"longitude":4.43402}],"VehicleId{value='vehicle-15'}":[{"latitude":50.84547,"longitude":4.40619},{"latitude":50.8454662,"longitude":4.4061949},{"latitude":50.8467848,"longitude":4.4140198}],"VehicleId{value='vehicle-16'}":[{"latitude":50.8278709,"longitude":4.3692771},{"latitude":50.8219465,"longitude":4.3752376},{"latitude":50.8239686,"longitude":4.381738}],"VehicleId{value='vehicle-19'}":[{"latitude":50.7748643,"longitude":4.338411},{"latitude":50.7722695,"longitude":4.378916},{"latitude":50.7807107,"longitude":4.3808463}]},