{"WorkingShiftAnalysisResult":{"totalWaitingTimeSeconds":0.0,"workingShiftOfEachDriver":{"VehicleId{value='vehicle-6'}":8359.000000000,"VehicleId{value='vehicle-7'}":600.000000000,"VehicleId{value='vehicle-8'}":27399.000000000,"VehicleId{value='vehicle-9'}":1798.000000000,"VehicleId{value='vehicle-2'}":3036.000000000,"VehicleId{value='vehicle-10'}":600.000000000,"VehicleId{value='vehicle-3'}":23350.000000000,"VehicleId{value='vehicle-5'}":35868.000000000,"VehicleId{value='vehicle-13'}":600.000000000,"VehicleId{value='vehicle-14'}":17863.000000000,"VehicleId{value='vehicle-11'}":36589.000000000,"VehicleId{value='vehicle-0'}":2360.000000000,"VehicleId{value='vehicle-1'}":600.000000000,"VehicleId{value='vehicle-12'}":27301.000000000,"VehicleId{value='vehicle-17'}":21075.000000000,"VehicleId{value='vehicle-18'}":15293.000000000,"VehicleId{value='vehicle-15'}":15092.000000000,"VehicleId{value='vehicle-16'}":600.000000000,"VehicleId{value='vehicle-19'}":34775.000000000},"stddevWorkingShifts":13464.562310829944,"shortestWorkingShift":{"VehicleId{value='vehicle-7'}":600.000000000},"longestWorkingShift":{"VehicleId{value='vehicle-11'}":36589.000000000},"visitsTimeWindowWrong":null,"meanworkingShift":14376.736842105263},"VisualAttractivenessAnalysisResult":{"meanDistanceToGeographicCenter":{"VehicleId{value='vehicle-6'}":3124.0149872796555,"VehicleId{value='vehicle-7'}":0.0,"VehicleId{value='vehicle-8'}":11725.697286188277,"VehicleId{value='vehicle-9'}":291.30804213579796,"VehicleId{value='vehicle-2'}":2694.1077288804318,"VehicleId{value='vehicle-10'}":3.112005726241298E-11,"VehicleId{value='vehicle-3'}":8319.2697106326,"VehicleId{value='vehicle-5'}":21086.516035433702,"VehicleId{value='vehicle-13'}":7.89917420840359E-10,"VehicleId{value='vehicle-14'}":10272.071403006983,"VehicleId{value='vehicle-11'}":21457.77523568138,"VehicleId{value='vehicle-0'}":1180.2092333491585,"VehicleId{value='vehicle-1'}":0.0,"VehicleId{value='vehicle-12'}":12543.506725834206,"VehicleId{value='vehicle-17'}":7702.302883682627,"VehicleId{value='vehicle-18'}":11422.640217657356,"VehicleId{value='vehicle-15'}":2488.749488766387,"VehicleId{value='vehicle-16'}":0.0,"VehicleId{value='vehicle-19'}":14257.29409208228},"outliersTTBetweenStops":{"VehicleId{value='vehicle-6'}":[],"VehicleId{value='vehicle-7'}":[],"VehicleId{value='vehicle-8'}":[2070.000000000],"VehicleId{value='vehicle-9'}":[],"VehicleId{value='vehicle-2'}":[],"VehicleId{value='vehicle-10'}":[],"VehicleId{value='vehicle-3'}":[1656.000000000],"VehicleId{value='vehicle-5'}":[2105.000000000],"VehicleId{value='vehicle-13'}":[],"VehicleId{value='vehicle-14'}":[2102.000000000],"VehicleId{value='vehicle-11'}":[0.0],"VehicleId{value='vehicle-0'}":[],"VehicleId{value='vehicle-1'}":[],"VehicleId{value='vehicle-12'}":[2195.000000000,1789.000000000],"VehicleId{value='vehicle-17'}":[2285.000000000],"VehicleId{value='vehicle-18'}":[],"VehicleId{value='vehicle-15'}":[823.000000000,774.000000000],"VehicleId{value='vehicle-16'}":[],"VehicleId{value='vehicle-19'}":[2353.000000000,1937.000000000]},"meanTravelTimeBetweenStops":{"VehicleId{value='vehicle-6'}":519.000000000,"VehicleId{value='vehicle-7'}":0.0,"VehicleId{value='vehicle-8'}":873.000000000,"VehicleId{value='vehicle-9'}":199.000000000,"VehicleId{value='vehicle-2'}":612.000000000,"VehicleId{value='vehicle-10'}":0.0,"VehicleId{value='vehicle-3'}":730.000000000,"VehicleId{value='vehicle-5'}":985.000000000,"VehicleId{value='vehicle-13'}":0.0,"VehicleId{value='vehicle-14'}":820.000000000,"VehicleId{value='vehicle-11'}":777.000000000,"VehicleId{value='vehicle-0'}":386.000000000,"VehicleId{value='vehicle-1'}":0.0,"VehicleId{value='vehicle-12'}":668.000000000,"VehicleId{value='vehicle-17'}":675.000000000,"VehicleId{value='vehicle-18'}":989.000000000,"VehicleId{value='vehicle-15'}":323.000000000,"VehicleId{value='vehicle-16'}":0.0,"VehicleId{value='vehicle-19'}":760.000000000},"convexHullList":{"VehicleId{value='vehicle-6'}":[{"latitude":51.0798284,"longitude":3.5734975},{"latitude":51.0471793,"longitude":3.7171803},{"latitude":51.0658032,"longitude":3.7323211}],"VehicleId{value='vehicle-7'}":[{"latitude":51.1718404,"longitude":4.3578015},{"latitude":51.1718404,"longitude":4.3578015}],"VehicleId{value='vehicle-8'}":[{"latitude":50.9955702,"longitude":5.3694582},{"latitude":50.9664248,"longitude":5.5028479},{"latitude":51.0605467,"longitude":5.7478064}],"VehicleId{value='vehicle-9'}":[{"latitude":50.8712909,"longitude":4.2540933},{"latitude":50.8653052,"longitude":4.2598061}],"VehicleId{value='vehicle-2'}":[{"latitude":50.8055489,"longitude":4.232577},{"latitude":50.740927,"longitude":4.2333518}],"VehicleId{value='vehicle-10'}":[{"latitude":50.9243802,"longitude":3.5909021},{"latitude":50.9243802,"longitude":3.5909021}],"VehicleId{value='vehicle-3'}":[{"latitude":51.0197376,"longitude":4.1108184},{"latitude":51.013907,"longitude":4.1779696},{"latitude":51.1400248,"longitude":4.2970877}],"VehicleId{value='vehicle-5'}":[{"latitude":50.8380999,"longitude":2.9242534},{"latitude":50.7731016,"longitude":3.4365628},{"latitude":50.7774617,"longitude":3.4411949}],"VehicleId{value='vehicle-13'}":[{"latitude":51.3032793,"longitude":4.7422546},{"latitude":51.3032793,"longitude":4.7422546}],"VehicleId{value='vehicle-14'}":[{"latitude":50.7313765,"longitude":4.3813963},{"latitude":50.8524106,"longitude":4.758586}],"VehicleId{value='vehicle-11'}":[{"latitude":50.9514362,"longitude":4.3040552},{"latitude":50.9163254,"longitude":4.4023657},{"latitude":50.9221964,"longitude":4.5179199}],"VehicleId{value='vehicle-0'}":[{"latitude":50.9436503,"longitude":5.6757484},{"latitude":50.9180052,"longitude":5.6947718}],"VehicleId{value='vehicle-1'}":[{"latitude":51.0876692,"longitude":3.8568361},{"latitude":51.0876692,"longitude":3.8568361}],"VehicleId{value='vehicle-12'}":[{"latitude":51.1341768,"longitude":3.2550602},{"latitude":51.134091,"longitude":3.4294398}],"VehicleId{value='vehicle-17'}":[{"latitude":51.251946,"longitude":4.4337589},{"latitude":51.2200387,"longitude":4.48105},{"latitude":51.2381613,"longitude":4.5834281}],"VehicleId{value='vehicle-18'}":[{"latitude":50.8177901,"longitude":5.1986553},{"latitude":50.8084813,"longitude":5.6012305}],"VehicleId{value='vehicle-15'}":[{"latitude":51.1372399,"longitude":4.3496285},{"latitude":51.1722922,"longitude":4.431144}],"VehicleId{value='vehicle-16'}":[{"latitude":51.0763642,"longitude":4.126962},{"latitude":51.0763642,"longitude":4.126962}],"VehicleId{value='vehicle-19'}":[{"latitude":50.7638391,"longitude":3.8678068},{"latitude":50.7514611,"longitude":3.9176204},{"latitude":50.8790014,"longitude":4.1604134}]},