{"WorkingShiftAnalysisResult":{"totalWaitingTimeSeconds":0.0,"workingShiftOfEachDriver":{"VehicleId{value='vehicle-6'}":600.000000000,"VehicleId{value='vehicle-7'}":600.000000000,"VehicleId{value='vehicle-8'}":600.000000000,"VehicleId{value='vehicle-9'}":33873.000000000,"VehicleId{value='vehicle-2'}":662.000000000,"VehicleId{value='vehicle-3'}":704.000000000,"VehicleId{value='vehicle-10'}":600.000000000,"VehicleId{value='vehicle-4'}":9963.000000000,"VehicleId{value='vehicle-5'}":3435.000000000,"VehicleId{value='vehicle-13'}":704.000000000,"VehicleId{value='vehicle-14'}":600.000000000,"VehicleId{value='vehicle-0'}":771.000000000,"VehicleId{value='vehicle-11'}":1582.000000000,"VehicleId{value='vehicle-1'}":20134.000000000,"VehicleId{value='vehicle-12'}":600.000000000,"VehicleId{value='vehicle-17'}":769.000000000,"VehicleId{value='vehicle-18'}":5085.000000000,"VehicleId{value='vehicle-15'}":600.000000000,"VehicleId{value='vehicle-16'}":600.000000000,"VehicleId{value='vehicle-19'}":600.000000000},"stddevWorkingShifts":8438.330372395016,"shortestWorkingShift":{"VehicleId{value='vehicle-6'}":600.000000000},"longestWorkingShift":{"VehicleId{value='vehicle-9'}":33873.000000000},"visitsTimeWindowWrong":null,"meanworkingShift":4154.1},"VisualAttractivenessAnalysisResult":{"meanDistanceToGeographicCenter":{"VehicleId{value='vehicle-6'}":0.17767815306100535,"VehicleId{value='vehicle-7'}":0.19510199673156137,"VehicleId{value='vehicle-8'}":0.14555870615496866,"VehicleId{value='vehicle-9'}":2430.8210006338777,"VehicleId{value='vehicle-2'}":0.21607343114515135,"VehicleId{value='vehicle-3'}":0.19421789294746836,"VehicleId{value='vehicle-10'}":0.22316346149468988,"VehicleId{value='vehicle-4'}":1422.423229371228,"VehicleId{value='vehicle-5'}":1002.4953259935413,"VehicleId{value='vehicle-13'}":0.20159631568582137,"VehicleId{value='vehicle-14'}":0.09864659928310937,"VehicleId{value='vehicle-0'}":0.09064757002674377,"VehicleId{value='vehicle-11'}":156.2925450250533,"VehicleId{value='vehicle-1'}":2468.1374346645102,"VehicleId{value='vehicle-12'}":0.13838134194951,"VehicleId{value='vehicle-17'}":0.15066079016784378,"VehicleId{value='vehicle-18'}":336.5388629366266,"VehicleId{value='vehicle-15'}":0.24193335754412892,"VehicleId{value='vehicle-16'}":0.16112335570322728,"VehicleId{value='vehicle-19'}":0.2289280562691566},"outliersTTBetweenStops":{"VehicleId{value='vehicle-6'}":[],"VehicleId{value='vehicle-7'}":[],"VehicleId{value='vehicle-8'}":[],"VehicleId{value='vehicle-9'}":[593.000000000,687.000000000,962.000000000],"VehicleId{value='vehicle-2'}":[],"VehicleId{value='vehicle-3'}":[],"VehicleId{value='vehicle-10'}":[],"VehicleId{value='vehicle-4'}":[466.000000000],"VehicleId{value='vehicle-5'}":[],"VehicleId{value='vehicle-13'}":[],"VehicleId{value='vehicle-14'}":[],"VehicleId{value='vehicle-0'}":[],"VehicleId{value='vehicle-11'}":[],"VehicleId{value='vehicle-1'}":[0.0,657.000000000],"VehicleId{value='vehicle-12'}":[],"VehicleId{value='vehicle-17'}":[],"VehicleId{value='vehicle-18'}":[],"VehicleId{value='vehicle-15'}":[],"VehicleId{value='vehicle-16'}":[],"VehicleId{value='vehicle-19'}":[]},"meanTravelTimeBetweenStops":{"VehicleId{value='vehicle-6'}":0.0,"VehicleId{value='vehicle-7'}":0.0,"VehicleId{value='vehicle-8'}":0.0,"VehicleId{value='vehicle-9'}":261.000000000,"VehicleId{value='vehicle-2'}":31.000000000,"VehicleId{value='vehicle-3'}":52.000000000,"VehicleId{value='vehicle-10'}":0.0,"VehicleId{value='vehicle-4'}":212.000000000,"VehicleId{value='vehicle-5'}":207.000000000,"VehicleId{value='vehicle-13'}":52.000000000,"VehicleId{value='vehicle-14'}":0.0,"VehicleId{value='vehicle-0'}":85.000000000,"VehicleId{value='vehicle-11'}":127.000000000,"VehicleId{value='vehicle-1'}":301.000000000,"VehicleId{value='vehicle-12'}":0.0,"VehicleId{value='vehicle-17'}":84.000000000,"VehicleId{value='vehicle-18'}":110.000000000,"VehicleId{value='vehicle-15'}":0.0,"VehicleId{value='vehicle-16'}":0.0,"VehicleId{value='vehicle-19'}":0.0},"convexHullList":{"VehicleId{value='vehicle-6'}":[{"latitude":50.87634,"longitude":4.33232},{"latitude":50.8763368,"longitude":4.3323226}],"VehicleId{value='vehicle-7'}":[{"latitude":50.8467762,"longitude":4.3228883},{"latitude":50.84678,"longitude":4.32289}],"VehicleId{value='vehicle-8'}":[{"latitude":50.8658605,"longitude":4.3652154},{"latitude":50.86586,"longitude":4.36522}],"VehicleId{value='vehicle-9'}":[{"latitude":50.8515551,"longitude":4.3407909},{"latitude":50.8378387,"longitude":4.3875059},{"latitude":50.8407207,"longitude":4.4029398}],"VehicleId{value='vehicle-2'}":[{"latitude":50.85602,"longitude":4.31721},{"latitude":50.856024,"longitude":4.3172128}],"VehicleId{value='vehicle-3'}":[{"latitude":50.8513964,"longitude":4.3650175},{"latitude":50.8514,"longitude":4.36502}],"VehicleId{value='vehicle-10'}":[{"latitude":50.8340559,"longitude":4.322787},{"latitude":50.83406,"longitude":4.32279}],"VehicleId{value='vehicle-4'}":[{"latitude":50.8183393,"longitude":4.3926633},{"latitude":50.8129116,"longitude":4.4341069},{"latitude":50.8401344,"longitude":4.4448358}],"VehicleId{value='vehicle-5'}":[{"latitude":50.7866527,"longitude":4.3816421},{"latitude":50.7779327,"longitude":4.3822209},{"latitude":50.7981219,"longitude":4.3917874}],"VehicleId{value='vehicle-13'}":[{"latitude":50.8749161,"longitude":4.3312581},{"latitude":50.87492,"longitude":4.33126}],"VehicleId{value='vehicle-14'}":[{"latitude":50.8775504,"longitude":4.3324069},{"latitude":50.87755,"longitude":4.33241}],"VehicleId{value='vehicle-0'}":[{"latitude":50.82518,"longitude":4.34218},{"latitude":50.8251801,"longitude":4.3421829}],"VehicleId{value='vehicle-11'}":[{"latitude":50.8138458,"longitude":4.3502629},{"latitude":50.8138106,"longitude":4.3561941}],"VehicleId{value='vehicle-1'}":[{"latitude":50.8233816,"longitude":4.2971801},{"latitude":50.7996695,"longitude":4.3196709},{"latitude":50.8017336,"longitude":4.3353157}],"VehicleId{value='vehicle-12'}":[{"latitude":50.8158428,"longitude":4.3220099},{"latitude":50.81584,"longitude":4.32201}],"VehicleId{value='vehicle-17'}":[{"latitude":50.82649,"longitude":4.33978},{"latitude":50.8264921,"longitude":4.3397835}],"VehicleId{value='vehicle-18'}":[{"latitude":50.8252819,"longitude":4.3703841},{"latitude":50.8209486,"longitude":4.3767133},{"latitude":50.82276,"longitude":4.3791}],"VehicleId{value='vehicle-15'}":[{"latitude":50.8098356,"longitude":4.4191766},{"latitude":50.80984,"longitude":4.41918}],"VehicleId{value='vehicle-16'}":[{"latitude":50.8923676,"longitude":4.3423165},{"latitude":50.89237,"longitude":4.34232}],"VehicleId{value='vehicle-19'}":[{"latitude":50.86322,"longitude":4.3451},{"latitude":50.8632244,"longitude":4.3451023}]},