{"WorkingShiftAnalysisResult":{"totalWaitingTimeSeconds":0.0,"workingShiftOfEachDriver":{"VehicleId{value='vehicle-6'}":33558.000000000,"VehicleId{value='vehicle-8'}":18242.000000000,"VehicleId{value='vehicle-9'}":23480.000000000,"VehicleId{value='vehicle-10'}":33525.000000000,"VehicleId{value='vehicle-3'}":600.000000000,"VehicleId{value='vehicle-4'}":600.000000000,"VehicleId{value='vehicle-13'}":600.000000000,"VehicleId{value='vehicle-14'}":3083.000000000,"VehicleId{value='vehicle-12'}":1482.000000000,"VehicleId{value='vehicle-1'}":16651.000000000,"VehicleId{value='vehicle-18'}":600.000000000,"VehicleId{value='vehicle-15'}":20169.000000000,"VehicleId{value='vehicle-16'}":5837.000000000},"stddevWorkingShifts":12697.443971786868,"shortestWorkingShift":{"VehicleId{value='vehicle-3'}":600.000000000},"longestWorkingShift":{"VehicleId{value='vehicle-6'}":33558.000000000},"visitsTimeWindowWrong":null,"meanworkingShift":12186.692307692309},"VisualAttractivenessAnalysisResult":{"meanDistanceToGeographicCenter":{"VehicleId{value='vehicle-6'}":1686.5195981899035,"VehicleId{value='vehicle-8'}":1218.2253832801678,"VehicleId{value='vehicle-9'}":1624.174438019141,"VehicleId{value='vehicle-10'}":2016.821432185204,"VehicleId{value='vehicle-3'}":0.0,"VehicleId{value='vehicle-4'}":0.0,"VehicleId{value='vehicle-13'}":0.0,"VehicleId{value='vehicle-14'}":378.661891585916,"VehicleId{value='vehicle-12'}":134.49077310635826,"VehicleId{value='vehicle-1'}":1508.7855580801306,"VehicleId{value='vehicle-18'}":7.89917420840359E-10,"VehicleId{value='vehicle-15'}":1205.9111196670526,"VehicleId{value='vehicle-16'}":544.3260758596158},"outliersTTBetweenStops":{"VehicleId{value='vehicle-6'}":[494.000000000,635.000000000,410.000000000],"VehicleId{value='vehicle-8'}":[610.000000000,640.000000000],"VehicleId{value='vehicle-9'}":[480.000000000],"VehicleId{value='vehicle-10'}":[474.000000000,460.000000000,483.000000000,0.0],"VehicleId{value='vehicle-3'}":[],"VehicleId{value='vehicle-4'}":[],"VehicleId{value='vehicle-13'}":[],"VehicleId{value='vehicle-14'}":[],"VehicleId{value='vehicle-12'}":[],"VehicleId{value='vehicle-1'}":[617.000000000,535.000000000],"VehicleId{value='vehicle-18'}":[],"VehicleId{value='vehicle-15'}":[0.0],"VehicleId{value='vehicle-16'}":[]},"meanTravelTimeBetweenStops":{"VehicleId{value='vehicle-6'}":194.000000000,"VehicleId{value='vehicle-8'}":219.000000000,"VehicleId{value='vehicle-9'}":176.000000000,"VehicleId{value='vehicle-10'}":212.000000000,"VehicleId{value='vehicle-3'}":0.0,"VehicleId{value='vehicle-4'}":0.0,"VehicleId{value='vehicle-13'}":0.0,"VehicleId{value='vehicle-14'}":136.000000000,"VehicleId{value='vehicle-12'}":94.000000000,"VehicleId{value='vehicle-1'}":221.000000000,"VehicleId{value='vehicle-18'}":0.0,"VehicleId{value='vehicle-15'}":141.000000000,"VehicleId{value='vehicle-16'}":115.000000000},"convexHullList":{"VehicleId{value='vehicle-6'}":[{"latitude":50.8099164,"longitude":4.3166667},{"latitude":50.7823844,"longitude":4.3247651},{"latitude":50.7839019,"longitude":4.381854}],"VehicleId{value='vehicle-8'}":[{"latitude":50.8698532,"longitude":4.3256221},{"latitude":50.8668134,"longitude":4.3661245},{"latitude":50.8921726,"longitude":4.3694778}],"VehicleId{value='vehicle-9'}":[{"latitude":50.8407463,"longitude":4.2920996},{"latitude":50.8207497,"longitude":4.3006468},{"latitude":50.8351625,"longitude":4.3251708}],"VehicleId{value='vehicle-10'}":[{"latitude":50.8383245,"longitude":4.3509209},{"latitude":50.8333595,"longitude":4.4532709}],"VehicleId{value='vehicle-3'}":[{"latitude":50.8458393,"longitude":4.3485043},{"latitude":50.8458393,"longitude":4.3485043}],"VehicleId{value='vehicle-4'}":[{"latitude":50.8261425,"longitude":4.285126},{"latitude":50.8261425,"longitude":4.285126}],"VehicleId{value='vehicle-13'}":[{"latitude":50.8377126,"longitude":4.3885138},{"latitude":50.8377126,"longitude":4.3885138}],"VehicleId{value='vehicle-14'}":[{"latitude":50.8425025,"longitude":4.4218671},{"latitude":50.8363322,"longitude":4.4290008},{"latitude":50.8384529,"longitude":4.430622}],"VehicleId{value='vehicle-12'}":[{"latitude":50.8224043,"longitude":4.287233},{"latitude":50.8191863,"longitude":4.2875933}],"VehicleId{value='vehicle-1'}":[{"latitude":50.812386,"longitude":4.4015708},{"latitude":50.7880157,"longitude":4.4237619},{"latitude":50.8124337,"longitude":4.4366744}],"VehicleId{value='vehicle-18'}":[{"latitude":50.8635311,"longitude":4.3517214},{"latitude":50.8635311,"longitude":4.3517214}],"VehicleId{value='vehicle-15'}":[{"latitude":50.8142067,"longitude":4.3659139},{"latitude":50.7972397,"longitude":4.3970352}],"VehicleId{value='vehicle-16'}":[{"latitude":50.8672109,"longitude":4.2914744},{"latitude":50.8634216,"longitude":4.2981567},{"latitude":50.8668719,"longitude":4.3118882}]},"visitsCloserToOtherCenterOfGravity":[[["START","START","START","Visit46","Visit46","Visit100","Visit100","Visit38","Visit38","Visit54","Visit54","Visit129","Visit5","Visit84","Visit84","Visit177","Visit177","Visit177","Visit189","Visit189","Visit110","Visit110","Visit127","Visit146","Visit146","Visit9","Visit9","Visit9","END","END","END"],["vehicle-18","vehicle-8","vehicle-3","vehicle-18","vehicle-3","vehicle-18","vehicle-3","vehicle-18","vehicle-3","vehicle-18","vehicle-3","vehicle-3","vehicle-4","vehicle-12","vehicle-4","vehicle-12","vehicle-4","vehicle-6","vehicle-12","vehicle-4","vehicle-12","vehicle-4","vehicle-18","vehicle-18","vehicle-8","vehicle-18","vehicle-8","vehicle-3","vehicle-18","vehicle-8","vehicle-3"]],[[],[]],[["START","Visit128","Visit128","Visit161","Visit161","Visit30","Visit30","Visit152","Visit152","Visit152","Visit154","Visit154","Visit154","Visit154","Visit154","Visit94","Visit94","Visit94","Visit94","Visit94","Visit58","Visit58","Visit58","Visit130","Visit60","Visit33","Visit34","Visit93","Visit93","Visit93","Visit87","Visit87","Visit87","Visit179","Visit179","Visit179","Visit95","Visit40","Visit48","Visit36","Visit138","Visit10","END"],["vehicle-18","vehicle-18","vehicle-3","vehicle-18","vehicle-3","vehicle-18","vehicle-3","vehicle-18","vehicle-13","vehicle-3","vehicle-18","vehicle-6","vehicle-15","vehicle-13","vehicle-3","vehicle-18","vehicle-6","vehicle-15","vehicle-13","vehicle-3","vehicle-15","vehicle-13","vehicle-3","vehicle-13","vehicle-14","vehicle-14","vehicle-14","vehicle-1","vehicle-13","vehicle-14","vehicle-1","vehicle-13","vehicle-14","vehicle-1","vehicle-13","vehicle-14","vehicle-14","vehicle-14","vehicle-14","vehicle-14","vehicle-18","vehicle-18","vehicle-18"]],[[],[]],[[],[]],[["START","Visit163","Visit21","Visit21","Visit188","Visit81","Visit165","Visit6","END"],["vehicle-3","vehicle-3","vehicle-15","vehicle-3","vehicle-15","vehicle-15","vehicle-3","vehicle-3","vehicle-3"]],[[],[]],[["Visit0","Visit159","Visit101","Visit120","Visit39","Visit96","Visit148","Visit74"],["vehicle-13","vehicle-13","vehicle-13","vehicle-13","vehicle-1","vehicle-1","vehicle-1","vehicle-1"]],[[],[]],[["START","Visit134","Visit62","Visit11","Visit2","Visit70","Visit1","END"],["vehicle-13","vehicle-13","vehicle-13","vehicle-13","vehicle-13","vehicle-13","vehicle-13","vehicle-13"]],[[],[]],[[],[]],[[],[]]],"meanDistanceToConvexHull":{"VehicleId{value='vehicle-6'}":1937.306027105166,"VehicleId{value='vehicle-8'}":2060.1702741796844,"VehicleId{value='vehicle-9'}":2282.7929356767486,"VehicleId{value='vehicle-10'}":5592.6160689874605,"VehicleId{value='vehicle-3'}":0.0,"VehicleId{value='vehicle-4'}":0.0,"VehicleId{value='vehicle-13'}":0.0,"VehicleId{value='vehicle-14'}":107.53638063591772,"VehicleId{value='vehicle-12'}":0.0,"VehicleId{value='vehicle-1'}":822.6032558549916,"VehicleId{value='vehicle-18'}":0.0,"VehicleId{value='vehicle-15'}":1987.026376213859,"VehicleId{value='vehicle-16'}":435.70315678856093}},"CargoAnalysisResult":{"totalLoadKgs":null,"totalLoadVolume":null,"biggestLoad":null,"biggestLoadVolume":null,"smallestLoad":null,"smallestLoadVolume":null,"meanLoad":0.0,"meanLoadVolume":0.0,"stdDevLoad":null,"maxRelativeLoad":null},