{"WorkingShiftAnalysisResult":{"totalWaitingTimeSeconds":0.0,"workingShiftOfEachDriver":{"VehicleId{value='vehicle-6'}":8128.000000000,"VehicleId{value='vehicle-7'}":600.000000000,"VehicleId{value='vehicle-8'}":3079.000000000,"VehicleId{value='vehicle-9'}":29999.000000000,"VehicleId{value='vehicle-10'}":13860.000000000,"VehicleId{value='vehicle-3'}":1200.000000000,"VehicleId{value='vehicle-4'}":37955.000000000,"VehicleId{value='vehicle-5'}":27203.000000000,"VehicleId{value='vehicle-13'}":36070.000000000,"VehicleId{value='vehicle-14'}":34788.000000000,"VehicleId{value='vehicle-0'}":2360.000000000,"VehicleId{value='vehicle-1'}":600.000000000,"VehicleId{value='vehicle-12'}":27150.000000000,"VehicleId{value='vehicle-18'}":737.000000000,"VehicleId{value='vehicle-15'}":24820.000000000,"VehicleId{value='vehicle-16'}":22725.000000000,"VehicleId{value='vehicle-19'}":600.000000000},"stddevWorkingShifts":14555.204545969114,"shortestWorkingShift":{"VehicleId{value='vehicle-7'}":600.000000000},"longestWorkingShift":{"VehicleId{value='vehicle-4'}":37955.000000000},"visitsTimeWindowWrong":null,"meanworkingShift":15992.588235294117},"VisualAttractivenessAnalysisResult":{"meanDistanceToGeographicCenter":{"VehicleId{value='vehicle-6'}":3123.9577156367022,"VehicleId{value='vehicle-7'}":0.05049679299671996,"VehicleId{value='vehicle-8'}":1304.3632852763353,"VehicleId{value='vehicle-9'}":12897.000628007989,"VehicleId{value='vehicle-10'}":10998.38831759106,"VehicleId{value='vehicle-3'}":12.543758999078246,"VehicleId{value='vehicle-4'}":17308.584486497486,"VehicleId{value='vehicle-5'}":17380.72885040056,"VehicleId{value='vehicle-13'}":14528.312750957199,"VehicleId{value='vehicle-14'}":14290.142365869548,"VehicleId{value='vehicle-0'}":1180.0750222374982,"VehicleId{value='vehicle-1'}":0.12732923896606205,"VehicleId{value='vehicle-12'}":12543.530797625155,"VehicleId{value='vehicle-18'}":0.09796216230715954,"VehicleId{value='vehicle-15'}":6552.955808271781,"VehicleId{value='vehicle-16'}":9308.161093553404,"VehicleId{value='vehicle-19'}":0.24218615915798744},"outliersTTBetweenStops":{"VehicleId{value='vehicle-6'}":[],"VehicleId{value='vehicle-7'}":[],"VehicleId{value='vehicle-8'}":[],"VehicleId{value='vehicle-9'}":[1555.000000000,1669.000000000,1504.000000000],"VehicleId{value='vehicle-10'}":[],"VehicleId{value='vehicle-3'}":[],"VehicleId{value='vehicle-4'}":[0.0,2070.000000000,2264.000000000],"VehicleId{value='vehicle-5'}":[2441.000000000],"VehicleId{value='vehicle-13'}":[1629.000000000,2253.000000000],"VehicleId{value='vehicle-14'}":[0.0,1937.000000000],"VehicleId{value='vehicle-0'}":[],"VehicleId{value='vehicle-1'}":[],"VehicleId{value='vehicle-12'}":[1751.000000000,2239.000000000],"VehicleId{value='vehicle-18'}":[],"VehicleId{value='vehicle-15'}":[1424.000000000,1411.000000000,1386.000000000],"VehicleId{value='vehicle-16'}":[],"VehicleId{value='vehicle-19'}":[]},"meanTravelTimeBetweenStops":{"VehicleId{value='vehicle-6'}":491.000000000,"VehicleId{value='vehicle-7'}":0.0,"VehicleId{value='vehicle-8'}":319.000000000,"VehicleId{value='vehicle-9'}":674.000000000,"VehicleId{value='vehicle-10'}":846.000000000,"VehicleId{value='vehicle-3'}":0.0,"VehicleId{value='vehicle-4'}":1006.000000000,"VehicleId{value='vehicle-5'}":944.000000000,"VehicleId{value='vehicle-13'}":664.000000000,"VehicleId{value='vehicle-14'}":874.000000000,"VehicleId{value='vehicle-0'}":386.000000000,"VehicleId{value='vehicle-1'}":0.0,"VehicleId{value='vehicle-12'}":661.000000000,"VehicleId{value='vehicle-18'}":68.000000000,"VehicleId{value='vehicle-15'}":505.000000000,"VehicleId{value='vehicle-16'}":772.000000000,"VehicleId{value='vehicle-19'}":0.0},"convexHullList":{"VehicleId{value='vehicle-6'}":[{"latitude":51.0798284,"longitude":3.5734975},{"latitude":51.0471793,"longitude":3.7171803},{"latitude":51.0658032,"longitude":3.7323211}],"VehicleId{value='vehicle-7'}":[{"latitude":51.17184,"longitude":4.3578},{"latitude":51.1718404,"longitude":4.3578015}],"VehicleId{value='vehicle-8'}":[{"latitude":51.1017486,"longitude":5.5381651},{"latitude":51.0939082,"longitude":5.5872722}],"VehicleId{value='vehicle-9'}":[{"latitude":50.7638391,"longitude":3.8678068},{"latitude":50.7514611,"longitude":3.9176204},{"latitude":50.8653052,"longitude":4.2598061}],"VehicleId{value='vehicle-10'}":[{"latitude":50.8217342,"longitude":3.2785053},{"latitude":50.7731016,"longitude":3.4365628},{"latitude":50.7774617,"longitude":3.4411949}],"VehicleId{value='vehicle-3'}":[{"latitude":51.1652036,"longitude":4.1245016},{"latitude":51.1653494,"longitude":4.1249229}],"VehicleId{value='vehicle-4'}":[{"latitude":50.8177901,"longitude":5.1986553},{"latitude":50.8084813,"longitude":5.6012305},{"latitude":51.1521987,"longitude":5.8152782}],"VehicleId{value='vehicle-5'}":[{"latitude":50.9002449,"longitude":2.6424116},{"latitude":50.8380999,"longitude":2.9242534},{"latitude":50.9070954,"longitude":3.1718399}],"VehicleId{value='vehicle-13'}":[{"latitude":51.2200387,"longitude":4.48105},{"latitude":51.1349035,"longitude":4.837958},{"latitude":51.1638742,"longitude":4.9841284}],"VehicleId{value='vehicle-14'}":[{"latitude":50.740927,"longitude":4.2333518},{"latitude":50.7313765,"longitude":4.3813963},{"latitude":50.8524106,"longitude":4.758586}],"VehicleId{value='vehicle-0'}":[{"latitude":50.9436503,"longitude":5.6757484},{"latitude":50.9180052,"longitude":5.6947718}],"VehicleId{value='vehicle-1'}":[{"latitude":51.0876692,"longitude":3.8568361},{"latitude":51.08767,"longitude":3.85684}],"VehicleId{value='vehicle-12'}":[{"latitude":51.1341768,"longitude":3.2550602},{"latitude":51.134091,"longitude":3.4294398}],"VehicleId{value='vehicle-18'}":[{"latitude":50.9880181,"longitude":5.1977791},{"latitude":50.98802,"longitude":5.19778}],"VehicleId{value='vehicle-15'}":[{"latitude":51.0378125,"longitude":4.3677873},{"latitude":51.0269918,"longitude":4.4843543},{"latitude":51.1442946,"longitude":4.5724426}],"VehicleId{value='vehicle-16'}":[{"latitude":51.0197376,"longitude":4.1108184},{"latitude":51.013907,"longitude":4.1779696},{"latitude":51.1400248,"longitude":4.2970877}],"VehicleId{value='vehicle-19'}":[{"latitude":50.8310251,"longitude":3.6002998},{"latitude":50.83103,"longitude":3.6003}]},"visitsCloserToOtherCenterOfGravity":[[["Route start for vehicle-5","Visit5","Visit32","Route end for vehicle-5"],["vehicle-12","vehicle-12","vehicle-10","vehicle-12"]],[["Visit69","Visit198","Visit82","Visit139","Visit62"],["vehicle-14","vehicle-7","vehicle-7","vehicle-7","vehicle-7"]],[["Visit124","Visit113","Visit87","Visit87","Visit77","Visit77","Visit42","Visit42","Visit68","Visit68","Visit68","Visit68","Visit46"],["vehicle-1","vehicle-1","vehicle-6","vehicle-1","vehicle-6","vehicle-1","vehicle-6","vehicle-1","vehicle-10","vehicle-6","vehicle-1","vehicle-19","vehicle-14"]],[[],[]],[["Visit144","Visit40","Visit40","Visit58","Visit58","Visit72","Visit72","Visit177","Visit162","Visit31","Visit193","Visit130","Visit147","Visit41","Visit119","Visit119","Visit75","Visit21","Visit95","Visit112","Visit170","Visit96"],["vehicle-8","vehicle-8","vehicle-0","vehicle-8","vehicle-0","vehicle-8","vehicle-0","vehicle-8","vehicle-8","vehicle-8","vehicle-8","vehicle-8","vehicle-8","vehicle-18","vehicle-14","vehicle-18","vehicle-18","vehicle-18","vehicle-0","vehicle-0","vehicle-18","vehicle-18"]],[["Visit132","Visit65","Visit110","Visit20","Visit150"],["vehicle-7","vehicle-7","vehicle-7","vehicle-7","vehicle-7"]],[[],[]],[[],[]],[[],[]],[[],[]],[[],[]],[["Visit149","Visit195","Visit79","Visit116","Visit131"],["vehicle-1","vehicle-1","vehicle-7","vehicle-7","vehicle-7"]],[[],[]],[[],[]],[[],[]],[[],[]],[[],[]]],"meanDistanceToConvexHull":{"VehicleId{value='vehicle-6'}":2028.590435562524,"VehicleId{value='vehicle-7'}":0.0,"VehicleId{value='vehicle-8'}":1732.4441217449191,"VehicleId{value='vehicle-9'}":4303.886267955318,"VehicleId{value='vehicle-10'}":2587.473700930322,"VehicleId{value='vehicle-3'}":1.8173060204872071,"VehicleId{value='vehicle-4'}":22146.545747942346,