{"WorkingShiftAnalysisResult":{"totalWaitingTimeSeconds":0.0,"workingShiftOfEachDriver":{"VehicleId{value='vehicle-0'}":35258.000000000,"VehicleId{value='vehicle-1'}":34772.000000000,"VehicleId{value='vehicle-6'}":35181.000000000,"VehicleId{value='vehicle-7'}":34874.000000000,"VehicleId{value='vehicle-8'}":34975.000000000,"VehicleId{value='vehicle-9'}":34892.000000000,"VehicleId{value='vehicle-2'}":34525.000000000,"VehicleId{value='vehicle-3'}":34890.000000000,"VehicleId{value='vehicle-4'}":34796.000000000,"VehicleId{value='vehicle-5'}":35229.000000000},"stddevWorkingShifts":229.56238561421358,"shortestWorkingShift":{"VehicleId{value='vehicle-2'}":34525.000000000},"longestWorkingShift":{"VehicleId{value='vehicle-0'}":35258.000000000},"visitsTimeWindowWrong":null,"meanworkingShift":34939.2},"VisualAttractivenessAnalysisResult":{"meanDistanceToGeographicCenter":{"VehicleId{value='vehicle-0'}":2881.5113979419407,"VehicleId{value='vehicle-1'}":3156.138090282595,"VehicleId{value='vehicle-6'}":2892.784192714509,"VehicleId{value='vehicle-7'}":1781.8691904382424,"VehicleId{value='vehicle-8'}":2504.2008360349973,"VehicleId{value='vehicle-9'}":1915.5675923606016,"VehicleId{value='vehicle-2'}":2562.4047325103306,"VehicleId{value='vehicle-3'}":2853.6902649563954,"VehicleId{value='vehicle-4'}":2037.2667490715205,"VehicleId{value='vehicle-5'}":2951.9979858830525},"outliersTTBetweenStops":{"VehicleId{value='vehicle-0'}":[597.000000000,423.000000000,396.000000000,535.000000000,452.000000000],"VehicleId{value='vehicle-1'}":[674.000000000],"VehicleId{value='vehicle-6'}":[520.000000000,540.000000000,541.000000000,519.000000000,672.000000000],"VehicleId{value='vehicle-7'}":[536.000000000,363.000000000,350.000000000],"VehicleId{value='vehicle-8'}":[436.000000000,645.000000000],"VehicleId{value='vehicle-9'}":[0.0,333.000000000,293.000000000],"VehicleId{value='vehicle-2'}":[511.000000000,645.000000000],"VehicleId{value='vehicle-3'}":[449.000000000,795.000000000],"VehicleId{value='vehicle-4'}":[412.000000000,371.000000000,411.000000000],"VehicleId{value='vehicle-5'}":[539.000000000,637.000000000,1118.000000000]},"meanTravelTimeBetweenStops":{"VehicleId{value='vehicle-0'}":147.000000000,"VehicleId{value='vehicle-1'}":152.000000000,"VehicleId{value='vehicle-6'}":213.000000000,"VehicleId{value='vehicle-7'}":109.000000000,"VehicleId{value='vehicle-8'}":126.000000000,"VehicleId{value='vehicle-9'}":139.000000000,"VehicleId{value='vehicle-2'}":131.000000000,"VehicleId{value='vehicle-3'}":171.000000000,"VehicleId{value='vehicle-4'}":153.000000000,"VehicleId{value='vehicle-5'}":178.000000000},"convexHullList":{"VehicleId{value='vehicle-0'}":[{"latitude":50.8057617,"longitude":4.3132522},{"latitude":50.8049872,"longitude":4.3332138},{"latitude":50.8138021,"longitude":4.3636719}],"VehicleId{value='vehicle-1'}":[{"latitude":50.8355326,"longitude":4.2925339},{"latitude":50.8253083,"longitude":4.3563048},{"latitude":50.8258661,"longitude":4.3637844}],"VehicleId{value='vehicle-6'}":[{"latitude":50.8367435,"longitude":4.3637692},{"latitude":50.8354129,"longitude":4.3756939},{"latitude":50.8505868,"longitude":4.434174}],"VehicleId{value='vehicle-7'}":[{"latitude":50.8159682,"longitude":4.3785429},{"latitude":50.8156169,"longitude":4.3849851},{"latitude":50.8323513,"longitude":4.403473}],"VehicleId{value='vehicle-8'}":[{"latitude":50.8132089,"longitude":4.366822},{"latitude":50.807966,"longitude":4.3891109},{"latitude":50.8199551,"longitude":4.4021865}],"VehicleId{value='vehicle-9'}":[{"latitude":50.8419954,"longitude":4.2914445},{"latitude":50.840541,"longitude":4.2944284},{"latitude":50.8407229,"longitude":4.2979633}],"VehicleId{value='vehicle-2'}":[{"latitude":50.8192348,"longitude":4.2929575},{"latitude":50.8162262,"longitude":4.2975741},{"latitude":50.8173161,"longitude":4.3524895}],"VehicleId{value='vehicle-3'}":[{"latitude":50.8026983,"longitude":4.3481392},{"latitude":50.8017619,"longitude":4.395435},{"latitude":50.8052338,"longitude":4.4171003}],"VehicleId{value='vehicle-4'}":[{"latitude":50.82401,"longitude":4.32288},{"latitude":50.8240056,"longitude":4.3228818},{"latitude":50.8313828,"longitude":4.3945012}],"VehicleId{value='vehicle-5'}":[{"latitude":50.8030403,"longitude":4.3189724},{"latitude":50.7891443,"longitude":4.3238654},{"latitude":50.7903177,"longitude":4.4224741}]},