{"WorkingShiftAnalysisResult":{"totalWaitingTimeSeconds":0.0,"workingShiftOfEachDriver":{"VehicleId{value='vehicle-0'}":34718.000000000,"VehicleId{value='vehicle-1'}":35002.000000000,"VehicleId{value='vehicle-6'}":35052.000000000,"VehicleId{value='vehicle-7'}":35044.000000000,"VehicleId{value='vehicle-8'}":34989.000000000,"VehicleId{value='vehicle-9'}":34873.000000000,"VehicleId{value='vehicle-2'}":34772.000000000,"VehicleId{value='vehicle-3'}":35061.000000000,"VehicleId{value='vehicle-4'}":34610.000000000,"VehicleId{value='vehicle-5'}":34954.000000000},"stddevWorkingShifts":158.036212446529,"shortestWorkingShift":{"VehicleId{value='vehicle-4'}":34610.000000000},"longestWorkingShift":{"VehicleId{value='vehicle-3'}":35061.000000000},"visitsTimeWindowWrong":null,"meanworkingShift":34907.5},"VisualAttractivenessAnalysisResult":{"meanDistanceToGeographicCenter":{"VehicleId{value='vehicle-0'}":1615.6735546050777,"VehicleId{value='vehicle-1'}":1375.5556901880334,"VehicleId{value='vehicle-6'}":1483.1993520943072,"VehicleId{value='vehicle-7'}":1413.6693085563118,"VehicleId{value='vehicle-8'}":1173.0457332722683,"VehicleId{value='vehicle-9'}":1857.2972897535099,"VehicleId{value='vehicle-2'}":1335.992458141435,"VehicleId{value='vehicle-3'}":1372.4027167309348,"VehicleId{value='vehicle-4'}":1326.04066284302,"VehicleId{value='vehicle-5'}":1800.536984484604},"outliersTTBetweenStops":{"VehicleId{value='vehicle-0'}":[488.000000000,626.000000000],"VehicleId{value='vehicle-1'}":[533.000000000,305.000000000,308.000000000],"VehicleId{value='vehicle-6'}":[563.000000000,593.000000000],"VehicleId{value='vehicle-7'}":[293.000000000,262.000000000,252.000000000,278.000000000,250.000000000,271.000000000],"VehicleId{value='vehicle-8'}":[293.000000000,366.000000000,392.000000000,294.000000000,298.000000000],"VehicleId{value='vehicle-9'}":[587.000000000,499.000000000],"VehicleId{value='vehicle-2'}":[382.000000000,379.000000000,381.000000000,440.000000000,309.000000000],"VehicleId{value='vehicle-3'}":[279.000000000,518.000000000],"VehicleId{value='vehicle-4'}":[524.000000000,585.000000000],"VehicleId{value='vehicle-5'}":[293.000000000,325.000000000,313.000000000]},"meanTravelTimeBetweenStops":{"VehicleId{value='vehicle-0'}":135.000000000,"VehicleId{value='vehicle-1'}":141.000000000,"VehicleId{value='vehicle-6'}":158.000000000,"VehicleId{value='vehicle-7'}":112.000000000,"VehicleId{value='vehicle-8'}":126.000000000,"VehicleId{value='vehicle-9'}":154.000000000,"VehicleId{value='vehicle-2'}":121.000000000,"VehicleId{value='vehicle-3'}":99.000000000,"VehicleId{value='vehicle-4'}":118.000000000,"VehicleId{value='vehicle-5'}":140.000000000},"convexHullList":{"VehicleId{value='vehicle-0'}":[{"latitude":50.8017619,"longitude":4.395435},{"latitude":50.7888959,"longitude":4.4254506},{"latitude":50.8162193,"longitude":4.4348636}],"VehicleId{value='vehicle-1'}":[{"latitude":50.8403021,"longitude":4.3503949},{"latitude":50.8337855,"longitude":4.3568847},{"latitude":50.8350533,"longitude":4.3612567}],"VehicleId{value='vehicle-6'}":[{"latitude":50.8692686,"longitude":4.3050095},{"latitude":50.8624552,"longitude":4.306226},{"latitude":50.8723942,"longitude":4.347996}],"VehicleId{value='vehicle-7'}":[{"latitude":50.8355326,"longitude":4.2925339},{"latitude":50.8351758,"longitude":4.2969352},{"latitude":50.8455491,"longitude":4.3367619}],"VehicleId{value='vehicle-8'}":[{"latitude":50.8379553,"longitude":4.3887694},{"latitude":50.8363672,"longitude":4.4107729},{"latitude":50.8404355,"longitude":4.4205586}],"VehicleId{value='vehicle-9'}":[{"latitude":50.8148677,"longitude":4.2824782},{"latitude":50.813853,"longitude":4.2840693},{"latitude":50.8162262,"longitude":4.2975741}],"VehicleId{value='vehicle-2'}":[{"latitude":50.7779057,"longitude":4.3536794},{"latitude":50.7756231,"longitude":4.3737276}],"VehicleId{value='vehicle-3'}":[{"latitude":50.8257215,"longitude":4.3542183},{"latitude":50.8159682,"longitude":4.3785429},{"latitude":50.8171905,"longitude":4.3814097}],"VehicleId{value='vehicle-4'}":[{"latitude":50.8062466,"longitude":4.3123011},{"latitude":50.7891443,"longitude":4.3238654},{"latitude":50.8263773,"longitude":4.3504711}],"VehicleId{value='vehicle-5'}":[{"latitude":50.8230808,"longitude":4.4102783},{"latitude":50.8225214,"longitude":4.4486247},{"latitude":50.8230079,"longitude":4.4593832}]},"visitsCloserToOtherCenterOfGravity":[[["Visit80","Visit78","Visit455","Visit475","Visit454","Visit372","Visit456","Visit456","Visit36","Visit250","Visit64","Visit196","Visit235","Visit315","Visit315","Visit315","Visit315","Visit246","Visit246","Visit32","Visit32","Visit316"],["vehicle-7","vehicle-7","vehicle-7","vehicle-7","vehicle-7","vehicle-7","vehicle-7","vehicle-6","vehicle-7","vehicle-4","vehicle-4","vehicle-4","vehicle-4","vehicle-3","vehicle-1","vehicle-7","vehicle-6","vehicle-3","vehicle-7","vehicle-3","vehicle-7","vehicle-7"]],[["Visit97","Visit262","Visit301","Visit44","Visit51","Visit295","Visit253"],["vehicle-4","vehicle-4","vehicle-4","vehicle-4","vehicle-4","vehicle-4","vehicle-4"]],[["Visit342","Visit452","Visit226","Visit491","Visit282","Visit324","Visit421","Visit318","Visit276","Visit406","Visit406","Visit378","Visit437","Visit430"],["vehicle-0","vehicle-0","vehicle-0","vehicle-0","vehicle-0","vehicle-0","vehicle-0","vehicle-7","vehicle-1","vehicle-1","vehicle-7","vehicle-7","vehicle-7","vehicle-7"]],[["fb7cd010-9332-4682-8d1b-5aa8b8bd1183","Visit8","Visit61","Visit11","Visit99","Visit348","Visit19","Visit111","Visit198","Visit291","Visit163","Visit447","Visit171","Visit212","Visit308","Visit312","Visit405","d8a3f791-cfde-4b7f-8fc1-fd0641cd6ef0"],["vehicle-1","vehicle-1","vehicle-1","vehicle-1","vehicle-1","vehicle-1","vehicle-5","vehicle-5","vehicle-5","vehicle-5","vehicle-5","vehicle-5","vehicle-5","vehicle-5","vehicle-1","vehicle-1","vehicle-1","vehicle-1"]],[["Visit215","Visit215","Visit39","Visit39","Visit39","Visit205","Visit205","Visit150"],["vehicle-4","vehicle-7","vehicle-4","vehicle-0","vehicle-7","vehicle-4","vehicle-0","vehicle-4"]],[["Visit257"],["vehicle-7"]],[["Visit67","Visit402","Visit440","Visit412","Visit244"],["vehicle-5","vehicle-5","vehicle-5","vehicle-5","vehicle-5"]],[["Visit422","Visit101"],["vehicle-6","vehicle-6"]],[[],[]],[[],[]]],"meanDistanceToConvexHull":{"VehicleId{value='vehicle-0'}":1011.5353781154107,"VehicleId{value='vehicle-1'}":438.0242791130748,"VehicleId{value='vehicle-6'}":1419.5808085375404,"VehicleId{value='vehicle-7'}":777.5238636337783,"VehicleId{value='vehicle-8'}":559.27750926422,"VehicleId{value='vehicle-9'}":400.543925293573,"VehicleId{value='vehicle-2'}":1101.7237781876554,"VehicleId{value='vehicle-3'}":349.86347263213366,"VehicleId{value='vehicle-4'}":1877.0834546275642,"VehicleId{value='vehicle-5'}":1702.2514810873602}},"CargoAnalysisResult":{"totalLoadKgs":null,"totalLoadVolume":null,"biggestLoad":null,"biggestLoadVolume":null,"smallestLoad":null,"smallestLoadVolume":null,"meanLoad":0.0,"meanLoadVolume":0.0,"stdDevLoad":null,"maxRelativeLoad":null},"RouteCompositionAnalysisResult":{"numberOfRoutes":10,"stopsLongestRoute":51,"stopsShortestRoute":47,"meanStops":48.6,"stdDevStops":1.2,"totalDistanceMeters":343466,"unassignedJobs":[{"value":"Visit483"},{"value":"Visit16"},{"value":"Visit132"},{"value":"Visit457"},{"value":"Visit230"},{"value":"Visit490"},{"value":"Visit260"},{"value":"Visit363"},{"value":"Visit369"},{"value":"Visit201"},{"value":"Visit370"},{"value":"Visit40"},{"value":"Visit441"},{"value":"Visit446"},{"value":"Visit102"},{"value":"Visit58"},{"value":"Visit495"},{"value":"Visit30"},{"value":"Visit94"},{"value":"Visit189"},{"value":"Visit115"},{"value":"Visit91"},{"value":"Visit261"},{"value":"Visit494"}],"failureRate":0.047058823529411764,"runTime":49517}}