{"WorkingShiftAnalysisResult":{"totalWaitingTimeSeconds":0.0,"workingShiftOfEachDriver":{"VehicleId{value='vehicle-13'}":34506.000000000,"VehicleId{value='vehicle-11'}":33988.000000000,"VehicleId{value='vehicle-12'}":31822.000000000,"VehicleId{value='vehicle-18'}":26175.000000000,"VehicleId{value='vehicle-15'}":29350.000000000,"VehicleId{value='vehicle-16'}":30064.000000000,"VehicleId{value='vehicle-7'}":27001.000000000,"VehicleId{value='vehicle-19'}":34113.000000000,"VehicleId{value='vehicle-9'}":30040.000000000,"VehicleId{value='vehicle-10'}":34461.000000000,"VehicleId{value='vehicle-4'}":28440.000000000},"stddevWorkingShifts":3062.894888826582,"shortestWorkingShift":{"VehicleId{value='vehicle-18'}":26175.000000000},"longestWorkingShift":{"VehicleId{value='vehicle-13'}":34506.000000000},"visitsTimeWindowWrong":null,"meanworkingShift":30905.454545454544},"VisualAttractivenessAnalysisResult":{"meanDistanceToGeographicCenter":{"VehicleId{value='vehicle-13'}":65557.51234818148,"VehicleId{value='vehicle-11'}":57984.05431815654,"VehicleId{value='vehicle-12'}":60369.29806808172,"VehicleId{value='vehicle-18'}":25413.245633070692,"VehicleId{value='vehicle-15'}":38837.150739237746,"VehicleId{value='vehicle-16'}":31706.274325915914,"VehicleId{value='vehicle-7'}":41460.06365598877,"VehicleId{value='vehicle-19'}":26817.722977096266,"VehicleId{value='vehicle-9'}":55290.82254330978,"VehicleId{value='vehicle-10'}":57207.700958866095,"VehicleId{value='vehicle-4'}":41094.35677834073},"outliersTTBetweenStops":{"VehicleId{value='vehicle-13'}":[3333.000000000,3460.000000000],"VehicleId{value='vehicle-11'}":[3918.000000000],"VehicleId{value='vehicle-12'}":[],"VehicleId{value='vehicle-18'}":[2302.000000000],"VehicleId{value='vehicle-15'}":[3067.000000000],"VehicleId{value='vehicle-16'}":[2769.000000000],"VehicleId{value='vehicle-7'}":[3569.000000000],"VehicleId{value='vehicle-19'}":[1966.000000000,1984.000000000],"VehicleId{value='vehicle-9'}":[3778.000000000],"VehicleId{value='vehicle-10'}":[3040.000000000,3872.000000000],"VehicleId{value='vehicle-4'}":[2818.000000000,2754.000000000]},"meanTravelTimeBetweenStops":{"VehicleId{value='vehicle-13'}":1071.000000000,"VehicleId{value='vehicle-11'}":1434.000000000,"VehicleId{value='vehicle-12'}":1561.000000000,"VehicleId{value='vehicle-18'}":975.000000000,"VehicleId{value='vehicle-15'}":976.000000000,"VehicleId{value='vehicle-16'}":1013.000000000,"VehicleId{value='vehicle-7'}":1023.000000000,"VehicleId{value='vehicle-19'}":685.000000000,"VehicleId{value='vehicle-9'}":1012.000000000,"VehicleId{value='vehicle-10'}":1069.000000000,"VehicleId{value='vehicle-4'}":928.000000000},"convexHullList":{"VehicleId{value='vehicle-13'}":[{"latitude":50.8709568,"longitude":3.186651},{"latitude":50.8405784,"longitude":3.2410731},{"latitude":50.8694366,"longitude":5.5173103}],"VehicleId{value='vehicle-11'}":[{"latitude":50.938308,"longitude":3.7860527},{"latitude":50.9273468,"longitude":4.3666622},{"latitude":51.1672955,"longitude":5.3997892}],"VehicleId{value='vehicle-12'}":[{"latitude":50.8524092,"longitude":4.0438597},{"latitude":50.7694732,"longitude":4.3407039},{"latitude":50.828302,"longitude":5.5051452}],"VehicleId{value='vehicle-18'}":[{"latitude":50.938308,"longitude":3.7860527},{"latitude":50.9354599,"longitude":4.4275386},{"latitude":50.9367517,"longitude":4.4398329}],"VehicleId{value='vehicle-15'}":[{"latitude":50.9309769,"longitude":3.6587129},{"latitude":50.7712341,"longitude":4.1066078},{"latitude":50.8635586,"longitude":5.172059}],"VehicleId{value='vehicle-16'}":[{"latitude":50.7900612,"longitude":4.4965959},{"latitude":50.7489503,"longitude":5.0920525},{"latitude":50.9498307,"longitude":5.2724765}],"VehicleId{value='vehicle-7'}":[{"latitude":50.9273468,"longitude":4.3666622},{"latitude":50.7900612,"longitude":4.4965959},{"latitude":50.9402015,"longitude":5.7053448}],"VehicleId{value='vehicle-19'}":[{"latitude":50.7712341,"longitude":4.1066078},{"latitude":50.7694732,"longitude":4.3407039},{"latitude":51.169689,"longitude":4.8931069}],"VehicleId{value='vehicle-9'}":[{"latitude":50.8709568,"longitude":3.186651},{"latitude":50.8527501,"longitude":3.3133293},{"latitude":50.8635586,"longitude":5.172059}],"VehicleId{value='vehicle-10'}":[{"latitude":51.0586109,"longitude":2.883803},{"latitude":50.9989226,"longitude":3.8768564},{"latitude":51.2069529,"longitude":5.4133381}],"VehicleId{value='vehicle-4'}":[{"latitude":51.23184,"longitude":2.9487815},{"latitude":51.018491,"longitude":3.7247307},{"latitude":51.0536906,"longitude":4.5277169}]},