{"WorkingShiftAnalysisResult":{"totalWaitingTimeSeconds":0.0,"workingShiftOfEachDriver":{"VehicleId{value='vehicle-6'}":2036.000000000,"VehicleId{value='vehicle-7'}":1933.000000000,"VehicleId{value='vehicle-8'}":1149.000000000,"VehicleId{value='vehicle-9'}":1590.000000000,"VehicleId{value='vehicle-2'}":1639.000000000,"VehicleId{value='vehicle-10'}":1381.000000000,"VehicleId{value='vehicle-3'}":1382.000000000,"VehicleId{value='vehicle-4'}":1675.000000000,"VehicleId{value='vehicle-5'}":2084.000000000,"VehicleId{value='vehicle-13'}":1387.000000000,"VehicleId{value='vehicle-14'}":2274.000000000,"VehicleId{value='vehicle-0'}":2144.000000000,"VehicleId{value='vehicle-11'}":2195.000000000,"VehicleId{value='vehicle-12'}":2304.000000000,"VehicleId{value='vehicle-1'}":2245.000000000,"VehicleId{value='vehicle-17'}":1990.000000000,"VehicleId{value='vehicle-18'}":1641.000000000,"VehicleId{value='vehicle-15'}":1990.000000000,"VehicleId{value='vehicle-16'}":1915.000000000,"VehicleId{value='vehicle-19'}":2053.000000000},"stddevWorkingShifts":344.84435848502346,"shortestWorkingShift":{"VehicleId{value='vehicle-8'}":1149.000000000},"longestWorkingShift":{"VehicleId{value='vehicle-12'}":2304.000000000},"visitsTimeWindowWrong":null,"meanworkingShift":1850.35},"VisualAttractivenessAnalysisResult":{"meanDistanceToGeographicCenter":{"VehicleId{value='vehicle-6'}":3328.0202187782197,"VehicleId{value='vehicle-7'}":1869.2532487129508,"VehicleId{value='vehicle-8'}":879.7908725115986,"VehicleId{value='vehicle-9'}":2618.3807203605547,"VehicleId{value='vehicle-2'}":1497.655657827141,"VehicleId{value='vehicle-10'}":1153.4479057078004,"VehicleId{value='vehicle-3'}":1493.5003092210143,"VehicleId{value='vehicle-4'}":1363.012323207228,"VehicleId{value='vehicle-5'}":2620.188551005651,"VehicleId{value='vehicle-13'}":1020.9425899069416,"VehicleId{value='vehicle-14'}":3801.5574776337585,"VehicleId{value='vehicle-0'}":2705.6007396966393,"VehicleId{value='vehicle-11'}":2608.0738728504066,"VehicleId{value='vehicle-12'}":3090.0994836338955,"VehicleId{value='vehicle-1'}":3262.8981405397535,"VehicleId{value='vehicle-17'}":2657.1758713194376,"VehicleId{value='vehicle-18'}":1085.9886279315613,"VehicleId{value='vehicle-15'}":2119.1876228321958,"VehicleId{value='vehicle-16'}":2226.776905797069,"VehicleId{value='vehicle-19'}":1946.9616009354984},"outliersTTBetweenStops":{"VehicleId{value='vehicle-6'}":[],"VehicleId{value='vehicle-7'}":[],"VehicleId{value='vehicle-8'}":[],"VehicleId{value='vehicle-9'}":[],"VehicleId{value='vehicle-2'}":[],"VehicleId{value='vehicle-10'}":[],"VehicleId{value='vehicle-3'}":[],"VehicleId{value='vehicle-4'}":[],"VehicleId{value='vehicle-5'}":[],"VehicleId{value='vehicle-13'}":[],"VehicleId{value='vehicle-14'}":[],"VehicleId{value='vehicle-0'}":[],"VehicleId{value='vehicle-11'}":[],"VehicleId{value='vehicle-12'}":[],"VehicleId{value='vehicle-1'}":[],"VehicleId{value='vehicle-17'}":[],"VehicleId{value='vehicle-18'}":[],"VehicleId{value='vehicle-15'}":[],"VehicleId{value='vehicle-16'}":[],"VehicleId{value='vehicle-19'}":[]},"meanTravelTimeBetweenStops":{"VehicleId{value='vehicle-6'}":718.000000000,"VehicleId{value='vehicle-7'}":666.000000000,"VehicleId{value='vehicle-8'}":274.000000000,"VehicleId{value='vehicle-9'}":495.000000000,"VehicleId{value='vehicle-2'}":519.000000000,"VehicleId{value='vehicle-10'}":390.000000000,"VehicleId{value='vehicle-3'}":391.000000000,"VehicleId{value='vehicle-4'}":537.000000000,"VehicleId{value='vehicle-5'}":742.000000000,"VehicleId{value='vehicle-13'}":393.000000000,"VehicleId{value='vehicle-14'}":837.000000000,"VehicleId{value='vehicle-0'}":772.000000000,"VehicleId{value='vehicle-11'}":797.000000000,"VehicleId{value='vehicle-12'}":852.000000000,"VehicleId{value='vehicle-1'}":822.000000000,"VehicleId{value='vehicle-17'}":695.000000000,"VehicleId{value='vehicle-18'}":520.000000000,"VehicleId{value='vehicle-15'}":695.000000000,"VehicleId{value='vehicle-16'}":657.000000000,"VehicleId{value='vehicle-19'}":726.000000000},"convexHullList":{"VehicleId{value='vehicle-6'}":[{"latitude":50.8080126,"longitude":4.3214216},{"latitude":50.8584316,"longitude":4.3971582}],"VehicleId{value='vehicle-7'}":[{"latitude":50.8207503,"longitude":4.301697},{"latitude":50.8375685,"longitude":4.3457394}],"VehicleId{value='vehicle-8'}":[{"latitude":50.8254431,"longitude":4.3558648},{"latitude":50.8214782,"longitude":4.383937}],"VehicleId{value='vehicle-9'}":[{"latitude":50.8370959,"longitude":4.2912253},{"latitude":50.8840606,"longitude":4.3389957}],"VehicleId{value='vehicle-2'}":[{"latitude":50.8391527,"longitude":4.3653164},{"latitude":50.8462719,"longitude":4.4153966}],"VehicleId{value='vehicle-10'}":[{"latitude":50.83941,"longitude":4.421963},{"latitude":50.8237733,"longitude":4.4298786},{"latitude":50.8509754,"longitude":4.4304114}],"VehicleId{value='vehicle-3'}":[{"latitude":50.7961909,"longitude":4.3206532},{"latitude":50.8269312,"longitude":4.3346453}],"VehicleId{value='vehicle-4'}":[{"latitude":50.8794139,"longitude":4.3155107},{"latitude":50.8596612,"longitude":4.3319234}],"VehicleId{value='vehicle-5'}":[{"latitude":50.8372917,"longitude":4.2882296},{"latitude":50.8048193,"longitude":4.3167432}],"VehicleId{value='vehicle-13'}":[{"latitude":50.8375685,"longitude":4.3457394},{"latitude":50.8258932,"longitude":4.3675455}],"VehicleId{value='vehicle-14'}":[{"latitude":50.8604566,"longitude":4.3190402},{"latitude":50.8454664,"longitude":4.4273797}],"VehicleId{value='vehicle-0'}":[{"latitude":50.8020021,"longitude":4.3315137},{"latitude":50.8590452,"longitude":4.3507003}],"VehicleId{value='vehicle-11'}":[{"latitude":50.8594514,"longitude":4.3037586},{"latitude":50.8325543,"longitude":4.3636134}],"VehicleId{value='vehicle-12'}":[{"latitude":50.850418,"longitude":4.3258243},{"latitude":50.7954353,"longitude":4.3522131}],"VehicleId{value='vehicle-1'}":[{"latitude":50.8617154,"longitude":4.3831268},{"latitude":50.8025898,"longitude":4.4195517}],"VehicleId{value='vehicle-17'}":[{"latitude":50.7961909,"longitude":4.3206532},{"latitude":50.7827449,"longitude":4.3272605},{"latitude":50.8341096,"longitude":4.36773}],"VehicleId{value='vehicle-18'}":[{"latitude":50.8055896,"longitude":4.333568},{"latitude":50.8254431,"longitude":4.3558648}],"VehicleId{value='vehicle-15'}":[{"latitude":50.8355601,"longitude":4.3090722},{"latitude":50.7954353,"longitude":4.3522131}],"VehicleId{value='vehicle-16'}":[{"latitude":50.8391527,"longitude":4.3653164},{"latitude":50.821047,"longitude":4.3812972},{"latitude":50.8682659,"longitude":4.3978603}],"VehicleId{value='vehicle-19'}":[{"latitude":50.8532236,"longitude":4.3283638},{"latitude":50.8325543,"longitude":4.3636134},{"latitude":50.8631367,"longitude":4.3724456}]},