{"WorkingShiftAnalysisResult":{"totalWaitingTimeSeconds":0.0,"workingShiftOfEachDriver":{"VehicleId{value='vehicle-6'}":34230.000000000,"VehicleId{value='vehicle-9'}":32983.000000000,"VehicleId{value='vehicle-2'}":26307.000000000,"VehicleId{value='vehicle-3'}":34972.000000000,"VehicleId{value='vehicle-10'}":33797.000000000,"VehicleId{value='vehicle-4'}":34876.000000000,"VehicleId{value='vehicle-5'}":32925.000000000,"VehicleId{value='vehicle-13'}":1649.000000000,"VehicleId{value='vehicle-14'}":29317.000000000,"VehicleId{value='vehicle-11'}":29808.000000000,"VehicleId{value='vehicle-12'}":2085.000000000,"VehicleId{value='vehicle-1'}":35024.000000000,"VehicleId{value='vehicle-17'}":34140.000000000,"VehicleId{value='vehicle-16'}":5203.000000000},"stddevWorkingShifts":12873.473585394353,"shortestWorkingShift":{"VehicleId{value='vehicle-13'}":1649.000000000},"longestWorkingShift":{"VehicleId{value='vehicle-1'}":35024.000000000},"visitsTimeWindowWrong":null,"meanworkingShift":26236.85714285714},"VisualAttractivenessAnalysisResult":{"meanDistanceToGeographicCenter":{"VehicleId{value='vehicle-6'}":1105.7371122286802,"VehicleId{value='vehicle-9'}":1794.1337513869307,"VehicleId{value='vehicle-2'}":3079.667573088477,"VehicleId{value='vehicle-3'}":3055.2316571633355,"VehicleId{value='vehicle-10'}":1036.3261365336957,"VehicleId{value='vehicle-4'}":1115.954932360917,"VehicleId{value='vehicle-5'}":909.9428716702533,"VehicleId{value='vehicle-13'}":231.85928375320682,"VehicleId{value='vehicle-14'}":1067.483809988609,"VehicleId{value='vehicle-11'}":1280.3126626393578,"VehicleId{value='vehicle-12'}":135.13755937504453,"VehicleId{value='vehicle-1'}":824.1325136361916,"VehicleId{value='vehicle-17'}":1786.230927006491,"VehicleId{value='vehicle-16'}":212.4651435186263},"outliersTTBetweenStops":{"VehicleId{value='vehicle-6'}":[254.000000000,242.000000000],"VehicleId{value='vehicle-9'}":[615.000000000],"VehicleId{value='vehicle-2'}":[806.000000000,700.000000000],"VehicleId{value='vehicle-3'}":[604.000000000,478.000000000,476.000000000,446.000000000],"VehicleId{value='vehicle-10'}":[233.000000000,346.000000000,258.000000000],"VehicleId{value='vehicle-4'}":[293.000000000,284.000000000,347.000000000],"VehicleId{value='vehicle-5'}":[258.000000000,0.0,0.0,232.000000000],"VehicleId{value='vehicle-13'}":[],"VehicleId{value='vehicle-14'}":[229.000000000,217.000000000,202.000000000,200.000000000,205.000000000],"VehicleId{value='vehicle-11'}":[327.000000000,492.000000000],"VehicleId{value='vehicle-12'}":[],"VehicleId{value='vehicle-1'}":[255.000000000,257.000000000,290.000000000,254.000000000,271.000000000,263.000000000],"VehicleId{value='vehicle-17'}":[315.000000000,336.000000000,341.000000000],"VehicleId{value='vehicle-16'}":[]},"meanTravelTimeBetweenStops":{"VehicleId{value='vehicle-6'}":110.000000000,"VehicleId{value='vehicle-9'}":163.000000000,"VehicleId{value='vehicle-2'}":191.000000000,"VehicleId{value='vehicle-3'}":208.000000000,"VehicleId{value='vehicle-10'}":101.000000000,"VehicleId{value='vehicle-4'}":109.000000000,"VehicleId{value='vehicle-5'}":113.000000000,"VehicleId{value='vehicle-13'}":149.000000000,"VehicleId{value='vehicle-14'}":95.000000000,"VehicleId{value='vehicle-11'}":124.000000000,"VehicleId{value='vehicle-12'}":71.000000000,"VehicleId{value='vehicle-1'}":112.000000000,"VehicleId{value='vehicle-17'}":139.000000000,"VehicleId{value='vehicle-16'}":125.000000000},"convexHullList":{"VehicleId{value='vehicle-6'}":[{"latitude":50.8438807,"longitude":4.3022039},{"latitude":50.8423833,"longitude":4.3093192},{"latitude":50.8514285,"longitude":4.3376952}],"VehicleId{value='vehicle-9'}":[{"latitude":50.8118823,"longitude":4.4025779},{"latitude":50.8072943,"longitude":4.4319993},{"latitude":50.8263778,"longitude":4.4487874}],"VehicleId{value='vehicle-2'}":[{"latitude":50.8891656,"longitude":4.3116483},{"latitude":50.8565876,"longitude":4.4014887},{"latitude":50.8594326,"longitude":4.4153105}],"VehicleId{value='vehicle-3'}":[{"latitude":50.8100532,"longitude":4.2880913},{"latitude":50.7823935,"longitude":4.3249636},{"latitude":50.7917981,"longitude":4.3290539}],"VehicleId{value='vehicle-10'}":[{"latitude":50.8023651,"longitude":4.3446922},{"latitude":50.8006054,"longitude":4.3668933},{"latitude":50.8016661,"longitude":4.3727378}],"VehicleId{value='vehicle-4'}":[{"latitude":50.8007049,"longitude":4.323656},{"latitude":50.7803408,"longitude":4.3463479},{"latitude":50.780504,"longitude":4.3564861}],"VehicleId{value='vehicle-5'}":[{"latitude":50.8722318,"longitude":4.3167122},{"latitude":50.8618188,"longitude":4.3323478},{"latitude":50.8622704,"longitude":4.3399751}],"VehicleId{value='vehicle-13'}":[{"latitude":50.8268933,"longitude":4.4569069},{"latitude":50.8258191,"longitude":4.4626247},{"latitude":50.8286596,"longitude":4.4628291}],"VehicleId{value='vehicle-14'}":[{"latitude":50.8302696,"longitude":4.3005338},{"latitude":50.8195483,"longitude":4.3268738},{"latitude":50.8241833,"longitude":4.3471225}],"VehicleId{value='vehicle-11'}":[{"latitude":50.8027326,"longitude":4.3963435},{"latitude":50.7911092,"longitude":4.421468}],"VehicleId{value='vehicle-12'}":[{"latitude":50.833352,"longitude":4.3922311},{"latitude":50.8300978,"longitude":4.3922862},{"latitude":50.8318864,"longitude":4.3935362}],"VehicleId{value='vehicle-1'}":[{"latitude":50.8383068,"longitude":4.3830625},{"latitude":50.8380716,"longitude":4.3917366},{"latitude":50.852769,"longitude":4.3940162}],"VehicleId{value='vehicle-17'}":[{"latitude":50.8398254,"longitude":4.3489754},{"latitude":50.8395921,"longitude":4.3516871},{"latitude":50.8674478,"longitude":4.3981155}],"VehicleId{value='vehicle-16'}":[{"latitude":50.8322126,"longitude":4.3611719},{"latitude":50.8308734,"longitude":4.3672332},{"latitude":50.8312869,"longitude":4.37152}]},