{"WorkingShiftAnalysisResult":{"totalWaitingTimeSeconds":0.0,"workingShiftOfEachDriver":{"VehicleId{value='vehicle-6'}":30836.000000000,"VehicleId{value='vehicle-7'}":33791.000000000,"VehicleId{value='vehicle-9'}":19914.000000000,"VehicleId{value='vehicle-2'}":2371.000000000,"VehicleId{value='vehicle-3'}":32027.000000000,"VehicleId{value='vehicle-4'}":13274.000000000,"VehicleId{value='vehicle-0'}":2685.000000000,"VehicleId{value='vehicle-12'}":34002.000000000,"VehicleId{value='vehicle-17'}":18881.000000000,"VehicleId{value='vehicle-18'}":36738.000000000,"VehicleId{value='vehicle-15'}":26544.000000000,"VehicleId{value='vehicle-16'}":8321.000000000,"VehicleId{value='vehicle-19'}":17589.000000000},"stddevWorkingShifts":12070.767532900853,"shortestWorkingShift":{"VehicleId{value='vehicle-2'}":2371.000000000},"longestWorkingShift":{"VehicleId{value='vehicle-18'}":36738.000000000},"visitsTimeWindowWrong":null,"meanworkingShift":21305.615384615383},"VisualAttractivenessAnalysisResult":{"meanDistanceToGeographicCenter":{"VehicleId{value='vehicle-6'}":6264.304571880541,"VehicleId{value='vehicle-7'}":14462.870478014322,"VehicleId{value='vehicle-9'}":13692.6652862214,"VehicleId{value='vehicle-2'}":1937.3822346258066,"VehicleId{value='vehicle-3'}":13549.033648205395,"VehicleId{value='vehicle-4'}":6135.571522583496,"VehicleId{value='vehicle-0'}":1632.2088219473712,"VehicleId{value='vehicle-12'}":14386.31026977634,"VehicleId{value='vehicle-17'}":11084.465943866815,"VehicleId{value='vehicle-18'}":16094.122570755702,"VehicleId{value='vehicle-15'}":12795.146110034986,"VehicleId{value='vehicle-16'}":6934.198170541987,"VehicleId{value='vehicle-19'}":5794.581482990604},"outliersTTBetweenStops":{"VehicleId{value='vehicle-6'}":[1144.000000000,24.000000000,983.000000000],"VehicleId{value='vehicle-7'}":[1870.000000000],"VehicleId{value='vehicle-9'}":[1973.000000000],"VehicleId{value='vehicle-2'}":[],"VehicleId{value='vehicle-3'}":[2012.000000000],"VehicleId{value='vehicle-4'}":[],"VehicleId{value='vehicle-0'}":[],"VehicleId{value='vehicle-12'}":[1565.000000000,1509.000000000,1583.000000000],"VehicleId{value='vehicle-17'}":[],"VehicleId{value='vehicle-18'}":[1937.000000000,1799.000000000,1953.000000000],"VehicleId{value='vehicle-15'}":[1868.000000000],"VehicleId{value='vehicle-16'}":[],"VehicleId{value='vehicle-19'}":[1691.000000000]},"meanTravelTimeBetweenStops":{"VehicleId{value='vehicle-6'}":447.000000000,"VehicleId{value='vehicle-7'}":673.000000000,"VehicleId{value='vehicle-9'}":767.000000000,"VehicleId{value='vehicle-2'}":390.000000000,"VehicleId{value='vehicle-3'}":883.000000000,"VehicleId{value='vehicle-4'}":787.000000000,"VehicleId{value='vehicle-0'}":495.000000000,"VehicleId{value='vehicle-12'}":841.000000000,"VehicleId{value='vehicle-17'}":791.000000000,"VehicleId{value='vehicle-18'}":836.000000000,"VehicleId{value='vehicle-15'}":908.000000000,"VehicleId{value='vehicle-16'}":886.000000000,"VehicleId{value='vehicle-19'}":612.000000000},"convexHullList":{"VehicleId{value='vehicle-6'}":[{"latitude":51.2075986,"longitude":4.2446202},{"latitude":51.1725372,"longitude":4.3042046},{"latitude":51.1852434,"longitude":4.3875049}],"VehicleId{value='vehicle-7'}":[{"latitude":50.8535116,"longitude":2.8851279},{"latitude":50.7874973,"longitude":3.1321896},{"latitude":50.8002888,"longitude":3.2339158}],"VehicleId{value='vehicle-9'}":[{"latitude":51.2241132,"longitude":2.8961098},{"latitude":51.0839646,"longitude":3.0689941},{"latitude":51.1283716,"longitude":3.3185365}],"VehicleId{value='vehicle-2'}":[{"latitude":51.1387766,"longitude":3.4178701},{"latitude":51.0902941,"longitude":3.4487881}],"VehicleId{value='vehicle-3'}":[{"latitude":50.8056674,"longitude":3.7700477},{"latitude":50.7825855,"longitude":3.9118191},{"latitude":50.8291911,"longitude":4.0494882}],"VehicleId{value='vehicle-4'}":[{"latitude":51.1829032,"longitude":3.5789943},{"latitude":51.0103086,"longitude":3.7021146},{"latitude":51.0737634,"longitude":3.7820176}],"VehicleId{value='vehicle-0'}":[{"latitude":51.0973675,"longitude":2.5754305},{"latitude":51.1075404,"longitude":2.61822}],"VehicleId{value='vehicle-12'}":[{"latitude":50.9737417,"longitude":4.3024072},{"latitude":50.8604151,"longitude":4.4469469},{"latitude":50.8605698,"longitude":4.4656843}],"VehicleId{value='vehicle-17'}":[{"latitude":51.0454331,"longitude":5.1562575},{"latitude":51.0438115,"longitude":5.1729346},{"latitude":51.1442137,"longitude":5.6148991}],"VehicleId{value='vehicle-18'}":[{"latitude":51.1173055,"longitude":4.5245776},{"latitude":51.0486647,"longitude":4.8716455},{"latitude":51.1078369,"longitude":5.0038096}],"VehicleId{value='vehicle-15'}":[{"latitude":50.8286707,"longitude":5.1049119},{"latitude":50.7061494,"longitude":5.1509601},{"latitude":50.7944803,"longitude":5.613238}],"VehicleId{value='vehicle-16'}":[{"latitude":50.8045304,"longitude":4.2856866},{"latitude":50.7363353,"longitude":4.3423415}],"VehicleId{value='vehicle-19'}":[{"latitude":50.8456929,"longitude":4.5401722},{"latitude":50.8380675,"longitude":4.8624215}]},"visitsCloserToOtherCenterOfGravity":[[["Visit84"],["vehicle-2"]],[[],[]],[[],[]],[["START","END"],["vehicle-2","vehicle-2"]],[[],[]],[["Visit50","Visit16"],["vehicle-2","vehicle-2"]],[["Visit34","Visit34","Visit19","Visit19","Visit197","Visit197","Visit40","Visit40","Visit104","Visit104","Visit126","Visit6","Visit47"],["vehicle-6","vehicle-12","vehicle-6","vehicle-12","vehicle-6","vehicle-12","vehicle-6","vehicle-12","vehicle-6","vehicle-12","vehicle-6","vehicle-6","vehicle-6"]],[[],[]],[[],[]],[[],[]],[["Visit185","Visit140"],["vehicle-12","vehicle-12"]],[[],[]],[[],[]]],"meanDistanceToConvexHull":{"VehicleId{value='vehicle-6'}":3436.650905556499,"VehicleId{value='vehicle-7'}":14526.781527010902,"VehicleId{value='vehicle-9'}":5325.33162916193,"VehicleId{value='vehicle-2'}":2356.3475602090125,"VehicleId{value='vehicle-3'}":4953.203588475694,"VehicleId{value='vehicle-4'}":6054.027772151463,"VehicleId{value='vehicle-0'}":2193.418665144242,"VehicleId{value='vehicle-12'}":3814.6108238845973,"VehicleId{value='vehicle-17'}":4063.4562898364093,"VehicleId{value='vehicle-18'}":10287.98898331256,"VehicleId{value='vehicle-15'}":12776.381149699362,"VehicleId{value='vehicle-16'}":8465.567708203067,"VehicleId{value='vehicle-19'}":19525.1664116875}},"RouteCompositionAnalysisResult":{"numberOfRoutes":13,"stopsLongestRoute":30,"stopsShortestRoute":3,"meanStops":16.384615384615383,"stdDevStops":8.766531298405155,"totalDistanceMeters":1702407,"unassignedJobs":[],"failureRate":0.0,"runTime":45883},"CargoAnalysisResult":{"totalLoadKgs":null,"totalLoadVolume":null,"biggestLoad":null,"biggestLoadVolume":null,"smallestLoad":null,"smallestLoadVolume":null,"meanLoad":0.0,"meanLoadVolume":0.0,"stdDevLoad":null,"maxRelativeLoad":null}}