{"WorkingShiftAnalysisResult":{"totalWaitingTimeSeconds":0.0,"workingShiftOfEachDriver":{"VehicleId{value='vehicle-0'}":33949.000000000,"VehicleId{value='vehicle-1'}":33460.000000000,"VehicleId{value='vehicle-6'}":34152.000000000,"VehicleId{value='vehicle-7'}":33896.000000000,"VehicleId{value='vehicle-8'}":33993.000000000,"VehicleId{value='vehicle-9'}":33845.000000000,"VehicleId{value='vehicle-2'}":33658.000000000,"VehicleId{value='vehicle-3'}":33840.000000000,"VehicleId{value='vehicle-4'}":33699.000000000,"VehicleId{value='vehicle-5'}":33723.000000000},"stddevWorkingShifts":195.3540944598352,"shortestWorkingShift":{"VehicleId{value='vehicle-1'}":33460.000000000},"longestWorkingShift":{"VehicleId{value='vehicle-6'}":34152.000000000},"visitsTimeWindowWrong":null,"meanworkingShift":33821.5},"VisualAttractivenessAnalysisResult":{"meanDistanceToGeographicCenter":{"VehicleId{value='vehicle-0'}":1390.538267384681,"VehicleId{value='vehicle-1'}":2555.2984602903844,"VehicleId{value='vehicle-6'}":2305.4502186842924,"VehicleId{value='vehicle-7'}":1813.9018606634536,"VehicleId{value='vehicle-8'}":1047.226944209959,"VehicleId{value='vehicle-9'}":1404.7636794206192,"VehicleId{value='vehicle-2'}":1409.2381788028906,"VehicleId{value='vehicle-3'}":1519.9756161252817,"VehicleId{value='vehicle-4'}":1023.0288047429669,"VehicleId{value='vehicle-5'}":2138.858346261111},"outliersTTBetweenStops":{"VehicleId{value='vehicle-0'}":[355.000000000,424.000000000,307.000000000,497.000000000],"VehicleId{value='vehicle-1'}":[535.000000000,397.000000000,358.000000000],"VehicleId{value='vehicle-6'}":[367.000000000,421.000000000,420.000000000],"VehicleId{value='vehicle-7'}":[523.000000000,588.000000000],"VehicleId{value='vehicle-8'}":[334.000000000,391.000000000,291.000000000,413.000000000],"VehicleId{value='vehicle-9'}":[391.000000000,415.000000000,368.000000000],"VehicleId{value='vehicle-2'}":[306.000000000,351.000000000,343.000000000],"VehicleId{value='vehicle-3'}":[476.000000000,352.000000000,412.000000000],"VehicleId{value='vehicle-4'}":[384.000000000,519.000000000,350.000000000],"VehicleId{value='vehicle-5'}":[350.000000000,280.000000000,294.000000000,321.000000000]},"meanTravelTimeBetweenStops":{"VehicleId{value='vehicle-0'}":119.000000000,"VehicleId{value='vehicle-1'}":156.000000000,"VehicleId{value='vehicle-6'}":172.000000000,"VehicleId{value='vehicle-7'}":184.000000000,"VehicleId{value='vehicle-8'}":136.000000000,"VehicleId{value='vehicle-9'}":132.000000000,"VehicleId{value='vehicle-2'}":128.000000000,"VehicleId{value='vehicle-3'}":182.000000000,"VehicleId{value='vehicle-4'}":145.000000000,"VehicleId{value='vehicle-5'}":115.000000000},"convexHullList":{"VehicleId{value='vehicle-0'}":[{"latitude":50.8169258,"longitude":4.2817791},{"latitude":50.8155802,"longitude":4.2857406},{"latitude":50.8202383,"longitude":4.3211966}],"VehicleId{value='vehicle-1'}":[{"latitude":50.8366357,"longitude":4.3222592},{"latitude":50.8308443,"longitude":4.3457568},{"latitude":50.8360343,"longitude":4.411525}],"VehicleId{value='vehicle-6'}":[{"latitude":50.8157124,"longitude":4.335235},{"latitude":50.8064255,"longitude":4.4257274},{"latitude":50.8085263,"longitude":4.4311071}],"VehicleId{value='vehicle-7'}":[{"latitude":50.8750251,"longitude":4.3348242},{"latitude":50.8702833,"longitude":4.3707557},{"latitude":50.8709124,"longitude":4.3751882}],"VehicleId{value='vehicle-8'}":[{"latitude":50.8532033,"longitude":4.3729701},{"latitude":50.8523842,"longitude":4.3844161},{"latitude":50.8564825,"longitude":4.3896297}],"VehicleId{value='vehicle-9'}":[{"latitude":50.846037,"longitude":4.388205},{"latitude":50.843444,"longitude":4.4047734},{"latitude":50.8543747,"longitude":4.4435809}],"VehicleId{value='vehicle-2'}":[{"latitude":50.7992527,"longitude":4.3362395},{"latitude":50.7988489,"longitude":4.3391477},{"latitude":50.8276813,"longitude":4.3818668}],"VehicleId{value='vehicle-3'}":[{"latitude":50.8424607,"longitude":4.3027596},{"latitude":50.8400824,"longitude":4.3330032},{"latitude":50.8403024,"longitude":4.3525813}],"VehicleId{value='vehicle-4'}":[{"latitude":50.8608794,"longitude":4.2871384},{"latitude":50.8511607,"longitude":4.2995382},{"latitude":50.8535807,"longitude":4.321561}],"VehicleId{value='vehicle-5'}":[{"latitude":50.7981303,"longitude":4.3415169},{"latitude":50.7945903,"longitude":4.3522276},{"latitude":50.8121117,"longitude":4.4338362}]},