{"WorkingShiftAnalysisResult":{"totalWaitingTimeSeconds":0.0,"workingShiftOfEachDriver":{"VehicleId{value='vehicle-6'}":37089.000000000,"VehicleId{value='vehicle-7'}":35094.000000000,"VehicleId{value='vehicle-8'}":31420.000000000,"VehicleId{value='vehicle-2'}":36450.000000000,"VehicleId{value='vehicle-10'}":34420.000000000,"VehicleId{value='vehicle-3'}":35604.000000000,"VehicleId{value='vehicle-4'}":34129.000000000,"VehicleId{value='vehicle-5'}":35709.000000000,"VehicleId{value='vehicle-13'}":29252.000000000,"VehicleId{value='vehicle-14'}":36712.000000000,"VehicleId{value='vehicle-0'}":33400.000000000,"VehicleId{value='vehicle-11'}":35528.000000000,"VehicleId{value='vehicle-12'}":34599.000000000,"VehicleId{value='vehicle-17'}":12932.000000000,"VehicleId{value='vehicle-18'}":32994.000000000,"VehicleId{value='vehicle-15'}":35081.000000000,"VehicleId{value='vehicle-16'}":37393.000000000,"VehicleId{value='vehicle-19'}":35144.000000000},"stddevWorkingShifts":5511.210478758407,"shortestWorkingShift":{"VehicleId{value='vehicle-17'}":12932.000000000},"longestWorkingShift":{"VehicleId{value='vehicle-16'}":37393.000000000},"visitsTimeWindowWrong":null,"meanworkingShift":33497.22222222222},"VisualAttractivenessAnalysisResult":{"meanDistanceToGeographicCenter":{"VehicleId{value='vehicle-6'}":13304.304484122214,"VehicleId{value='vehicle-7'}":11218.005175456648,"VehicleId{value='vehicle-8'}":12841.548367321871,"VehicleId{value='vehicle-2'}":14783.4994648327,"VehicleId{value='vehicle-10'}":8533.408893707587,"VehicleId{value='vehicle-3'}":11634.175433742215,"VehicleId{value='vehicle-4'}":11028.479745084174,"VehicleId{value='vehicle-5'}":15661.088374004237,"VehicleId{value='vehicle-13'}":15594.825153553651,"VehicleId{value='vehicle-14'}":21706.313132211875,"VehicleId{value='vehicle-0'}":11977.692203188672,"VehicleId{value='vehicle-11'}":16876.185739741304,"VehicleId{value='vehicle-12'}":10637.109286876354,"VehicleId{value='vehicle-17'}":7182.500152904563,"VehicleId{value='vehicle-18'}":10883.918932450542,"VehicleId{value='vehicle-15'}":14690.039896807388,"VehicleId{value='vehicle-16'}":29692.796731105354,"VehicleId{value='vehicle-19'}":24363.99783315081},"outliersTTBetweenStops":{"VehicleId{value='vehicle-6'}":[1184.000000000,1191.000000000,11.000000000],"VehicleId{value='vehicle-7'}":[1202.000000000,1042.000000000,1051.000000000],"VehicleId{value='vehicle-8'}":[1412.000000000,1218.000000000,1553.000000000],"VehicleId{value='vehicle-2'}":[138.000000000,1692.000000000,1233.000000000],"VehicleId{value='vehicle-10'}":[1373.000000000,1389.000000000,1721.000000000,1343.000000000],"VehicleId{value='vehicle-3'}":[1796.000000000,2296.000000000],"VehicleId{value='vehicle-4'}":[1483.000000000,1505.000000000,1668.000000000,1793.000000000],"VehicleId{value='vehicle-5'}":[1466.000000000],"VehicleId{value='vehicle-13'}":[1296.000000000],"VehicleId{value='vehicle-14'}":[1903.000000000,1699.000000000,1505.000000000],"VehicleId{value='vehicle-0'}":[1950.000000000],"VehicleId{value='vehicle-11'}":[2047.000000000,1760.000000000,2194.000000000],"VehicleId{value='vehicle-12'}":[1185.000000000,1277.000000000],"VehicleId{value='vehicle-17'}":[187.000000000],"VehicleId{value='vehicle-18'}":[1906.000000000],"VehicleId{value='vehicle-15'}":[1453.000000000,1194.000000000],"VehicleId{value='vehicle-16'}":[4719.000000000,3745.000000000],"VehicleId{value='vehicle-19'}":[2170.000000000,2893.000000000]},"meanTravelTimeBetweenStops":{"VehicleId{value='vehicle-6'}":577.000000000,"VehicleId{value='vehicle-7'}":419.000000000,"VehicleId{value='vehicle-8'}":543.000000000,"VehicleId{value='vehicle-2'}":677.000000000,"VehicleId{value='vehicle-10'}":461.000000000,"VehicleId{value='vehicle-3'}":464.000000000,"VehicleId{value='vehicle-4'}":557.000000000,"VehicleId{value='vehicle-5'}":652.000000000,"VehicleId{value='vehicle-13'}":594.000000000,"VehicleId{value='vehicle-14'}":643.000000000,"VehicleId{value='vehicle-0'}":400.000000000,"VehicleId{value='vehicle-11'}":738.000000000,"VehicleId{value='vehicle-12'}":535.000000000,"VehicleId{value='vehicle-17'}":753.000000000,"VehicleId{value='vehicle-18'}":519.000000000,"VehicleId{value='vehicle-15'}":551.000000000,"VehicleId{value='vehicle-16'}":983.000000000,"VehicleId{value='vehicle-19'}":774.000000000},"convexHullList":{"VehicleId{value='vehicle-6'}":[{"latitude":50.8173307,"longitude":5.2184316},{"latitude":50.7531478,"longitude":5.29282},{"latitude":50.7680655,"longitude":5.4358699}],"VehicleId{value='vehicle-7'}":[{"latitude":51.0235937,"longitude":4.6709148},{"latitude":51.0185244,"longitude":4.7814262}],"VehicleId{value='vehicle-8'}":[{"latitude":50.7447885,"longitude":3.6026014},{"latitude":50.7418517,"longitude":3.9181638}],"VehicleId{value='vehicle-2'}":[{"latitude":51.1560013,"longitude":4.6744082},{"latitude":50.912097,"longitude":5.047836},{"latitude":50.9561428,"longitude":5.3199382}],"VehicleId{value='vehicle-10'}":[{"latitude":51.2055203,"longitude":4.4186858},{"latitude":51.1956832,"longitude":4.4540149},{"latitude":51.2364576,"longitude":4.5824321}],"VehicleId{value='vehicle-3'}":[{"latitude":51.0344463,"longitude":3.721636},{"latitude":51.0249185,"longitude":3.7832994},{"latitude":51.2015553,"longitude":4.3346189}],"VehicleId{value='vehicle-4'}":[{"latitude":51.1424954,"longitude":3.9671658},{"latitude":51.101967,"longitude":3.9904249},{"latitude":51.1227278,"longitude":4.488742}],"VehicleId{value='vehicle-5'}":[{"latitude":50.8250035,"longitude":4.7016278},{"latitude":50.7567803,"longitude":5.0789297},{"latitude":50.7985641,"longitude":5.1784692}],"VehicleId{value='vehicle-13'}":[{"latitude":51.1599203,"longitude":4.9906821},{"latitude":51.10336,"longitude":5.52266},{"latitude":51.2027031,"longitude":5.5600751}],"VehicleId{value='vehicle-14'}":[{"latitude":50.7895102,"longitude":2.7649954},{"latitude":50.7729818,"longitude":2.9277912},{"latitude":50.7811177,"longitude":3.0388474}],"VehicleId{value='vehicle-0'}":[{"latitude":51.1867453,"longitude":2.8120921},{"latitude":51.1886439,"longitude":2.8306834}],"VehicleId{value='vehicle-11'}":[{"latitude":50.8713167,"longitude":3.1788582},{"latitude":50.7390255,"longitude":3.3306433},{"latitude":50.7756176,"longitude":3.48034}],"VehicleId{value='vehicle-12'}":[{"latitude":50.8771505,"longitude":4.2260386},{"latitude":50.7340808,"longitude":4.231391},{"latitude":50.7367695,"longitude":4.3382339}],"VehicleId{value='vehicle-17'}":[{"latitude":51.3116797,"longitude":4.7856807},{"latitude":51.3084945,"longitude":4.9629034},{"latitude":51.4113585,"longitude":5.0009588}],"VehicleId{value='vehicle-18'}":[{"latitude":50.8829962,"longitude":4.0258564},{"latitude":50.864062,"longitude":4.0737251},{"latitude":50.8650708,"longitude":4.1016241}],"VehicleId{value='vehicle-15'}":[{"latitude":50.8994715,"longitude":4.3170413},{"latitude":50.8783281,"longitude":4.5854249},{"latitude":50.88267,"longitude":4.69668}],"VehicleId{value='vehicle-16'}":[{"latitude":50.9364663,"longitude":3.1045607},{"latitude":50.9319682,"longitude":3.1243584},{"latitude":51.19562,"longitude":4.49209}],"VehicleId{value='vehicle-19'}":[{"latitude":51.1079623,"longitude":3.3833375},{"latitude":51.0962539,"longitude":3.4482372},{"latitude":51.1098451,"longitude":3.6240756}]},