{"WorkingShiftAnalysisResult":{"totalWaitingTimeSeconds":0.0,"workingShiftOfEachDriver":{"VehicleId{value='vehicle-0'}":28806.000000000,"VehicleId{value='vehicle-1'}":30681.000000000,"VehicleId{value='vehicle-6'}":21799.000000000,"VehicleId{value='vehicle-7'}":31632.000000000,"VehicleId{value='vehicle-8'}":34856.000000000,"VehicleId{value='vehicle-9'}":11216.000000000,"VehicleId{value='vehicle-2'}":33869.000000000,"VehicleId{value='vehicle-3'}":36581.000000000,"VehicleId{value='vehicle-4'}":34011.000000000,"VehicleId{value='vehicle-5'}":35322.000000000},"stddevWorkingShifts":7822.819816977053,"shortestWorkingShift":{"VehicleId{value='vehicle-9'}":11216.000000000},"longestWorkingShift":{"VehicleId{value='vehicle-3'}":36581.000000000},"visitsTimeWindowWrong":null,"meanworkingShift":29877.3},"VisualAttractivenessAnalysisResult":{"meanDistanceToGeographicCenter":{"VehicleId{value='vehicle-0'}":17666.97517725274,"VehicleId{value='vehicle-1'}":17613.322448472194,"VehicleId{value='vehicle-6'}":21252.5808995575,"VehicleId{value='vehicle-7'}":16583.0476465421,"VehicleId{value='vehicle-8'}":28163.713308461327,"VehicleId{value='vehicle-9'}":5326.972533271523,"VehicleId{value='vehicle-2'}":16927.31018287098,"VehicleId{value='vehicle-3'}":18525.382826333414,"VehicleId{value='vehicle-4'}":13064.484811793736,"VehicleId{value='vehicle-5'}":30038.27628725683},"outliersTTBetweenStops":{"VehicleId{value='vehicle-0'}":[1956.000000000],"VehicleId{value='vehicle-1'}":[1973.000000000,2402.000000000],"VehicleId{value='vehicle-6'}":[1897.000000000],"VehicleId{value='vehicle-7'}":[1841.000000000,2284.000000000],"VehicleId{value='vehicle-8'}":[2563.000000000,2289.000000000],"VehicleId{value='vehicle-9'}":[1247.000000000],"VehicleId{value='vehicle-2'}":[2223.000000000,2742.000000000],"VehicleId{value='vehicle-3'}":[1525.000000000,31.000000000],"VehicleId{value='vehicle-4'}":[2330.000000000,1625.000000000],"VehicleId{value='vehicle-5'}":[2412.000000000]},"meanTravelTimeBetweenStops":{"VehicleId{value='vehicle-0'}":870.000000000,"VehicleId{value='vehicle-1'}":760.000000000,"VehicleId{value='vehicle-6'}":799.000000000,"VehicleId{value='vehicle-7'}":865.000000000,"VehicleId{value='vehicle-8'}":1172.000000000,"VehicleId{value='vehicle-9'}":712.000000000,"VehicleId{value='vehicle-2'}":631.000000000,"VehicleId{value='vehicle-3'}":949.000000000,"VehicleId{value='vehicle-4'}":731.000000000,"VehicleId{value='vehicle-5'}":1032.000000000},"convexHullList":{"VehicleId{value='vehicle-0'}":[{"latitude":50.9555979,"longitude":5.3193837},{"latitude":50.9439966,"longitude":5.3909927},{"latitude":50.9484997,"longitude":5.7440179}],"VehicleId{value='vehicle-1'}":[{"latitude":50.8248453,"longitude":4.0423325},{"latitude":50.7188447,"longitude":4.2237091},{"latitude":50.7234946,"longitude":5.0816887}],"VehicleId{value='vehicle-6'}":[{"latitude":50.9793519,"longitude":4.6082585},{"latitude":50.9774495,"longitude":4.9345358},{"latitude":50.9841633,"longitude":5.1949635}],"VehicleId{value='vehicle-7'}":[{"latitude":51.246793,"longitude":4.4927039},{"latitude":51.2281947,"longitude":4.9767635},{"latitude":51.3669564,"longitude":4.989746}],"VehicleId{value='vehicle-8'}":[{"latitude":50.7808695,"longitude":3.0667972},{"latitude":50.7530147,"longitude":3.3144906},{"latitude":50.9169783,"longitude":3.5784787}],"VehicleId{value='vehicle-9'}":[{"latitude":50.7836237,"longitude":5.4706408},{"latitude":50.7806419,"longitude":5.5552768},{"latitude":50.8690196,"longitude":5.6270189}],"VehicleId{value='vehicle-2'}":[{"latitude":50.923746,"longitude":4.4099134},{"latitude":50.8564755,"longitude":4.4484748},{"latitude":50.9271674,"longitude":5.3574681}],"VehicleId{value='vehicle-3'}":[{"latitude":51.0041147,"longitude":3.8890156},{"latitude":50.9389642,"longitude":4.0324877},{"latitude":50.9401403,"longitude":4.3357083}],"VehicleId{value='vehicle-4'}":[{"latitude":51.1268926,"longitude":2.7445578},{"latitude":51.0845727,"longitude":3.0986682},{"latitude":51.1560049,"longitude":3.2367884}],"VehicleId{value='vehicle-5'}":[{"latitude":50.7880202,"longitude":3.1325973},{"latitude":50.7459787,"longitude":3.5842243},{"latitude":50.904191,"longitude":3.8841447}]},"visitsCloserToOtherCenterOfGravity":[[["START","Visit165","Visit107","Visit84","Visit167","Visit168","END"],["vehicle-9","vehicle-9","vehicle-6","vehicle-6","vehicle-9","vehicle-9","vehicle-9"]],[["START","Visit102","Visit91","Visit7","Visit124","Visit40","Visit67","Visit177","Visit111","Visit32","END"],["vehicle-5","vehicle-5","vehicle-5","vehicle-5","vehicle-5","vehicle-5","vehicle-4","vehicle-4","vehicle-4","vehicle-5","vehicle-5"]],[["START","Visit112","Visit127","Visit39","Visit39","Visit132","Visit132","Visit73","Visit73","Visit8","Visit8","Visit118","Visit118","Visit48","Visit47","Visit170","END"],["vehicle-9","vehicle-9","vehicle-2","vehicle-2","vehicle-1","vehicle-2","vehicle-1","vehicle-2","vehicle-1","vehicle-2","vehicle-1","vehicle-2","vehicle-1","vehicle-2","vehicle-9","vehicle-9","vehicle-9"]],[["START","START","Visit134","Visit100","Visit44","Visit151","Visit70","Visit1","Visit10","Visit154","Visit81","Visit89","Visit156","Visit85","Visit45","Visit36","END","END"],["vehicle-1","vehicle-9","vehicle-1","vehicle-1","vehicle-1","vehicle-1","vehicle-1","vehicle-3","vehicle-3","vehicle-3","vehicle-3","vehicle-3","vehicle-3","vehicle-3","vehicle-3","vehicle-3","vehicle-1","vehicle-9"]],[[],[]],[["Visit143","Visit185"],["vehicle-9","vehicle-5"]],[[],[]],[["START","START","Visit138","Visit138","Visit82","Visit104","Visit189","Visit119","Visit119","END","END"],["vehicle-7","vehicle-3","vehicle-7","vehicle-3","vehicle-3","vehicle-3","vehicle-3","vehicle-7","vehicle-3","vehicle-7","vehicle-3"]],[[],[]],[[],[]]],"meanDistanceToConvexHull":{"VehicleId{value='vehicle-0'}":8613.126179707064,"VehicleId{value='vehicle-1'}":14501.596489990792,"VehicleId{value='vehicle-6'}":18972.4148971455,"VehicleId{value='vehicle-7'}":9633.904188558936,"VehicleId{value='vehicle-8'}":16225.808448009166,"VehicleId{value='vehicle-9'}":2462.099208477877,"VehicleId{value='vehicle-2'}":12086.514141936132,"VehicleId{value='vehicle-3'}":7981.362040675124,"VehicleId{value='vehicle-4'}":10304.788888599209,"VehicleId{value='vehicle-5'}":33544.26403979431}},"CargoAnalysisResult":{"totalLoadKgs":null,"totalLoadVolume":null,"biggestLoad":null,"biggestLoadVolume":null,"smallestLoad":null,"smallestLoadVolume":null,"meanLoad":0.0,"meanLoadVolume":0.0,"stdDevLoad":null,"maxRelativeLoad":null},"RouteCompositionAnalysisResult":{"numberOfRoutes":10,"stopsLongestRoute":28,"stopsShortestRoute":9,"meanStops":21.0,"stdDevStops":5.0990195135927845,"totalDistanceMeters":2189142,"unassignedJobs":[],"failureRate":0.0,"runTime":37324}}