{"WorkingShiftAnalysisResult":{"totalWaitingTimeSeconds":0.0,"workingShiftOfEachDriver":{"VehicleId{value='vehicle-0'}":34622.000000000,"VehicleId{value='vehicle-1'}":35662.000000000,"VehicleId{value='vehicle-6'}":35622.000000000,"VehicleId{value='vehicle-7'}":34741.000000000,"VehicleId{value='vehicle-8'}":37262.000000000,"VehicleId{value='vehicle-9'}":34028.000000000,"VehicleId{value='vehicle-2'}":35095.000000000,"VehicleId{value='vehicle-3'}":35682.000000000,"VehicleId{value='vehicle-4'}":35183.000000000,"VehicleId{value='vehicle-5'}":34170.000000000},"stddevWorkingShifts":934.8686776464621,"shortestWorkingShift":{"VehicleId{value='vehicle-9'}":34028.000000000},"longestWorkingShift":{"VehicleId{value='vehicle-8'}":37262.000000000},"visitsTimeWindowWrong":null,"meanworkingShift":35206.7},"VisualAttractivenessAnalysisResult":{"meanDistanceToGeographicCenter":{"VehicleId{value='vehicle-0'}":8353.712668991366,"VehicleId{value='vehicle-1'}":12103.4004187391,"VehicleId{value='vehicle-6'}":12499.77754822115,"VehicleId{value='vehicle-7'}":10376.901149832334,"VehicleId{value='vehicle-8'}":18456.515913678122,"VehicleId{value='vehicle-9'}":10175.870392547868,"VehicleId{value='vehicle-2'}":27499.46455571715,"VehicleId{value='vehicle-3'}":21967.1125687936,"VehicleId{value='vehicle-4'}":21463.727219531684,"VehicleId{value='vehicle-5'}":19677.601814836467},"outliersTTBetweenStops":{"VehicleId{value='vehicle-0'}":[1244.000000000,1775.000000000],"VehicleId{value='vehicle-1'}":[1157.000000000,1536.000000000,1127.000000000,1312.000000000,1526.000000000],"VehicleId{value='vehicle-6'}":[1491.000000000,1331.000000000,1280.000000000],"VehicleId{value='vehicle-7'}":[1611.000000000,1648.000000000,1308.000000000],"VehicleId{value='vehicle-8'}":[1403.000000000,1594.000000000],"VehicleId{value='vehicle-9'}":[1137.000000000,1599.000000000],"VehicleId{value='vehicle-2'}":[1754.000000000,1576.000000000,1533.000000000],"VehicleId{value='vehicle-3'}":[2062.000000000,3275.000000000],"VehicleId{value='vehicle-4'}":[3713.000000000],"VehicleId{value='vehicle-5'}":[1567.000000000,1575.000000000]},"meanTravelTimeBetweenStops":{"VehicleId{value='vehicle-0'}":467.000000000,"VehicleId{value='vehicle-1'}":329.000000000,"VehicleId{value='vehicle-6'}":568.000000000,"VehicleId{value='vehicle-7'}":470.000000000,"VehicleId{value='vehicle-8'}":621.000000000,"VehicleId{value='vehicle-9'}":449.000000000,"VehicleId{value='vehicle-2'}":630.000000000,"VehicleId{value='vehicle-3'}":695.000000000,"VehicleId{value='vehicle-4'}":554.000000000,"VehicleId{value='vehicle-5'}":521.000000000},"convexHullList":{"VehicleId{value='vehicle-0'}":[{"latitude":51.2202471,"longitude":4.3984006},{"latitude":51.2175996,"longitude":4.4346484},{"latitude":51.2229361,"longitude":4.4657539}],"VehicleId{value='vehicle-1'}":[{"latitude":51.2078539,"longitude":2.8911572},{"latitude":51.202219,"longitude":3.1949392},{"latitude":51.2083567,"longitude":3.2270895}],"VehicleId{value='vehicle-6'}":[{"latitude":50.9368747,"longitude":3.9615365},{"latitude":50.9332565,"longitude":4.0335759},{"latitude":51.009154,"longitude":4.1959788}],"VehicleId{value='vehicle-7'}":[{"latitude":51.0302924,"longitude":4.4860304},{"latitude":51.022613,"longitude":4.5353515},{"latitude":51.0512859,"longitude":4.6253234}],"VehicleId{value='vehicle-8'}":[{"latitude":50.810845,"longitude":5.1950282},{"latitude":50.7979636,"longitude":5.3571757},{"latitude":50.8592762,"longitude":5.4913769}],"VehicleId{value='vehicle-9'}":[{"latitude":50.905218,"longitude":4.3601573},{"latitude":50.8984932,"longitude":4.4324474},{"latitude":50.910055,"longitude":4.4410137}],"VehicleId{value='vehicle-2'}":[{"latitude":51.0841834,"longitude":2.6017411},{"latitude":51.0163207,"longitude":3.6750054},{"latitude":51.0214493,"longitude":3.6946926}],"VehicleId{value='vehicle-3'}":[{"latitude":50.7334171,"longitude":4.2331224},{"latitude":50.7323984,"longitude":4.2417697},{"latitude":50.885439,"longitude":4.6648228}],"VehicleId{value='vehicle-4'}":[{"latitude":51.1656342,"longitude":4.6680189},{"latitude":51.1610371,"longitude":4.8935802},{"latitude":51.1716163,"longitude":5.1650696}],"VehicleId{value='vehicle-5'}":[{"latitude":51.0452784,"longitude":3.7355685},{"latitude":51.0298076,"longitude":3.8011513},{"latitude":51.0867907,"longitude":4.3631489}]},"visitsCloserToOtherCenterOfGravity":[[["START","START","Visit203","Visit444","Visit398","Visit212","Visit20","Visit158","Visit494","Visit280","Visit452","Visit28","Visit152","Visit47","Visit192","Visit183","Visit306","Visit322","Visit322","Visit137","Visit137","Visit271","Visit271","END","END"],["vehicle-5","vehicle-6","vehicle-1","vehicle-1","vehicle-1","vehicle-1","vehicle-1","vehicle-1","vehicle-1","vehicle-1","vehicle-1","vehicle-1","vehicle-1","vehicle-6","vehicle-6","vehicle-6","vehicle-6","vehicle-5","vehicle-6","vehicle-5","vehicle-6","vehicle-5","vehicle-6","vehicle-5","vehicle-6"]],[["START","Visit373","Visit473","END"],["vehicle-4","vehicle-7","vehicle-7","vehicle-4"]],[["START","Visit481","Visit493","Visit23","Visit23","Visit255","Visit255","Visit345","Visit345","Visit423","Visit423","Visit273","Visit273","Visit273","Visit461","Visit461","Visit461","Visit363","Visit363","Visit133","Visit133","Visit303","Visit296","Visit284","Visit19","Visit321","Visit343","Visit24","Visit119","Visit380","Visit234","Visit495","Visit53","END"],["vehicle-6","vehicle-6","vehicle-7","vehicle-7","vehicle-9","vehicle-7","vehicle-9","vehicle-7","vehicle-9","vehicle-7","vehicle-9","vehicle-3","vehicle-7","vehicle-9","vehicle-3","vehicle-7","vehicle-9","vehicle-7","vehicle-9","vehicle-7","vehicle-9","vehicle-7","vehicle-7","vehicle-7","vehicle-7","vehicle-7","vehicle-6","vehicle-6","vehicle-6","vehicle-6","vehicle-6","vehicle-6","vehicle-6","vehicle-6"]],[[],[]],[["Visit17","Visit231","Visit361","Visit61","Visit11","Visit334","Visit266","Visit266","Visit266","Visit68","Visit68","Visit68","Visit278","Visit278","Visit278","Visit102","Visit102","Visit102","Visit27","Visit27","Visit27","Visit246","Visit246","Visit246","Visit121","Visit121","Visit121","Visit87","Visit87","Visit87"],["vehicle-9","vehicle-9","vehicle-9","vehicle-9","vehicle-9","vehicle-9","vehicle-7","vehicle-9","vehicle-4","vehicle-7","vehicle-9","vehicle-6","vehicle-7","vehicle-9","vehicle-6","vehicle-7","vehicle-9","vehicle-6","vehicle-7","vehicle-9","vehicle-6","vehicle-7","vehicle-9","vehicle-6","vehicle-7","vehicle-9","vehicle-6","vehicle-7","vehicle-9","vehicle-6"]],[["START","Visit287","Visit130","Visit359","Visit480","Visit196","Visit492","Visit99","Visit458","Visit64","END"],["vehicle-9","vehicle-9","vehicle-9","vehicle-9","vehicle-6","vehicle-6","vehicle-4","vehicle-4","vehicle-4","vehicle-4","vehicle-9"]],[["Visit352","Visit198","Visit38","Visit339"],["vehicle-4","vehicle-4","vehicle-4","vehicle-4"]],[["Visit129","Visit238","Visit76","Visit291","Visit80","Visit320","Visit431","Visit400"],["vehicle-8","vehicle-8","vehicle-8","vehicle-8","vehicle-8","vehicle-8","vehicle-8","vehicle-8"]],[[],[]],[[],[]]],"meanDistanceToConvexHull":{"VehicleId{value='vehicle-0'}":2855.5440854663943,"VehicleId{value='vehicle-1'}":4852.677912758929,"VehicleId{value='vehicle-6'}":9226.56434456809,"VehicleId{value='vehicle-7'}":6140.133123391883,"VehicleId{value='vehicle-8'}":9901.169601108093,"VehicleId{value='vehicle-9'}":1931.6114106800276,"VehicleId{value='vehicle-2'}":8071.629130348202,"VehicleId{value='vehicle-3'}":3259.1461106532406,"VehicleId{value='vehicle-4'}":29149.854707664254,"VehicleId{value='vehicle-5'}":9547.617492399948}},"CargoAnalysisResult":{"totalLoadKgs":null,"totalLoadVolume":null,"biggestLoad":null,"biggestLoadVolume":null,"smallestLoad":null,"smallestLoadVolume":null,"meanLoad":0.0,"meanLoadVolume":0.0,"stdDevLoad":null,"maxRelativeLoad":null},"RouteCompositionAnalysisResult":{"numberOfRoutes":10,"stopsLongestRoute":39,"stopsShortestRoute":28,"meanStops":31.9,"stdDevStops":2.844292530665579,"totalDistanceMeters":1834524,