{"WorkingShiftAnalysisResult":{"totalWaitingTimeSeconds":0.0,"workingShiftOfEachDriver":{"VehicleId{value='vehicle-6'}":814.000000000,"VehicleId{value='vehicle-7'}":34170.000000000,"VehicleId{value='vehicle-8'}":34206.000000000,"VehicleId{value='vehicle-9'}":29454.000000000,"VehicleId{value='vehicle-2'}":32116.000000000,"VehicleId{value='vehicle-3'}":34702.000000000,"VehicleId{value='vehicle-10'}":33076.000000000,"VehicleId{value='vehicle-4'}":34968.000000000,"VehicleId{value='vehicle-5'}":34886.000000000,"VehicleId{value='vehicle-13'}":28931.000000000,"VehicleId{value='vehicle-14'}":34759.000000000,"VehicleId{value='vehicle-11'}":34852.000000000,"VehicleId{value='vehicle-0'}":32684.000000000,"VehicleId{value='vehicle-1'}":27330.000000000,"VehicleId{value='vehicle-12'}":34542.000000000,"VehicleId{value='vehicle-17'}":10071.000000000,"VehicleId{value='vehicle-18'}":34622.000000000,"VehicleId{value='vehicle-15'}":35015.000000000,"VehicleId{value='vehicle-16'}":27708.000000000,"VehicleId{value='vehicle-19'}":34155.000000000},"stddevWorkingShifts":8943.755019123973,"shortestWorkingShift":{"VehicleId{value='vehicle-6'}":814.000000000},"longestWorkingShift":{"VehicleId{value='vehicle-15'}":35015.000000000},"visitsTimeWindowWrong":null,"meanworkingShift":30153.05},"VisualAttractivenessAnalysisResult":{"meanDistanceToGeographicCenter":{"VehicleId{value='vehicle-6'}":21.46984799768966,"VehicleId{value='vehicle-7'}":12622.89386593935,"VehicleId{value='vehicle-8'}":15975.586875839255,"VehicleId{value='vehicle-9'}":10178.430885757147,"VehicleId{value='vehicle-2'}":15172.56975646975,"VehicleId{value='vehicle-3'}":16142.397658348373,"VehicleId{value='vehicle-10'}":9876.132878227378,"VehicleId{value='vehicle-4'}":11563.485719323953,"VehicleId{value='vehicle-5'}":12742.620259033149,"VehicleId{value='vehicle-13'}":12194.282772355447,"VehicleId{value='vehicle-14'}":21666.76308030047,"VehicleId{value='vehicle-11'}":20072.913408478948,"VehicleId{value='vehicle-0'}":11977.698032232534,"VehicleId{value='vehicle-1'}":11052.242691396963,"VehicleId{value='vehicle-12'}":17553.542463637623,"VehicleId{value='vehicle-17'}":6479.075142686058,"VehicleId{value='vehicle-18'}":13116.237970740463,"VehicleId{value='vehicle-15'}":13019.875535768075,"VehicleId{value='vehicle-16'}":5294.835425124457,"VehicleId{value='vehicle-19'}":16272.938582203757},"outliersTTBetweenStops":{"VehicleId{value='vehicle-6'}":[],"VehicleId{value='vehicle-7'}":[1755.000000000],"VehicleId{value='vehicle-8'}":[1794.000000000],"VehicleId{value='vehicle-9'}":[1174.000000000,1215.000000000],"VehicleId{value='vehicle-2'}":[1291.000000000,1293.000000000],"VehicleId{value='vehicle-3'}":[2228.000000000,1437.000000000],"VehicleId{value='vehicle-10'}":[1576.000000000,1290.000000000,1680.000000000],"VehicleId{value='vehicle-4'}":[1742.000000000,1368.000000000],"VehicleId{value='vehicle-5'}":[59.000000000,1218.000000000],"VehicleId{value='vehicle-13'}":[1403.000000000],"VehicleId{value='vehicle-14'}":[2260.000000000,3335.000000000],"VehicleId{value='vehicle-11'}":[2821.000000000,2695.000000000],"VehicleId{value='vehicle-0'}":[2560.000000000],"VehicleId{value='vehicle-1'}":[1724.000000000],"VehicleId{value='vehicle-12'}":[1884.000000000,1595.000000000],"VehicleId{value='vehicle-17'}":[],"VehicleId{value='vehicle-18'}":[2374.000000000,1492.000000000],"VehicleId{value='vehicle-15'}":[1730.000000000,2486.000000000],"VehicleId{value='vehicle-16'}":[1390.000000000,1181.000000000],"VehicleId{value='vehicle-19'}":[1749.000000000]},"meanTravelTimeBetweenStops":{"VehicleId{value='vehicle-6'}":107.000000000,"VehicleId{value='vehicle-7'}":687.000000000,"VehicleId{value='vehicle-8'}":600.000000000,"VehicleId{value='vehicle-9'}":555.000000000,"VehicleId{value='vehicle-2'}":658.000000000,"VehicleId{value='vehicle-3'}":617.000000000,"VehicleId{value='vehicle-10'}":486.000000000,"VehicleId{value='vehicle-4'}":547.000000000,"VehicleId{value='vehicle-5'}":623.000000000,"VehicleId{value='vehicle-13'}":630.000000000,"VehicleId{value='vehicle-14'}":759.000000000,"VehicleId{value='vehicle-11'}":713.000000000,"VehicleId{value='vehicle-0'}":378.000000000,"VehicleId{value='vehicle-1'}":614.000000000,"VehicleId{value='vehicle-12'}":655.000000000,"VehicleId{value='vehicle-17'}":733.000000000,"VehicleId{value='vehicle-18'}":574.000000000,"VehicleId{value='vehicle-15'}":479.000000000,"VehicleId{value='vehicle-16'}":343.000000000,"VehicleId{value='vehicle-19'}":687.000000000},"convexHullList":{"VehicleId{value='vehicle-6'}":[{"latitude":50.8864128,"longitude":5.6426589},{"latitude":50.8865896,"longitude":5.6432881}],"VehicleId{value='vehicle-7'}":[{"latitude":51.0516072,"longitude":4.4155709},{"latitude":50.7634917,"longitude":4.4837987},{"latitude":50.8210768,"longitude":4.7610785}],"VehicleId{value='vehicle-8'}":[{"latitude":50.7886714,"longitude":3.1266147},{"latitude":50.7390255,"longitude":3.3306433},{"latitude":50.7447952,"longitude":3.6039694}],"VehicleId{value='vehicle-9'}":[{"latitude":50.8173307,"longitude":5.2184316},{"latitude":50.7531478,"longitude":5.29282},{"latitude":50.7680655,"longitude":5.4358699}],"VehicleId{value='vehicle-2'}":[{"latitude":50.8744189,"longitude":4.7012686},{"latitude":50.7567803,"longitude":5.0789297},{"latitude":50.7985641,"longitude":5.1784692}],"VehicleId{value='vehicle-3'}":[{"latitude":51.0419534,"longitude":3.6129505},{"latitude":51.0344463,"longitude":3.721636},{"latitude":51.2195689,"longitude":4.37428}],"VehicleId{value='vehicle-10'}":[{"latitude":51.0715628,"longitude":4.3005556},{"latitude":51.0629598,"longitude":4.3608789},{"latitude":51.3021636,"longitude":4.7098521}],"VehicleId{value='vehicle-4'}":[{"latitude":50.8771505,"longitude":4.2260386},{"latitude":50.7363583,"longitude":4.295645},{"latitude":50.7367695,"longitude":4.3382339}],"VehicleId{value='vehicle-5'}":[{"latitude":51.0273769,"longitude":4.8328595},{"latitude":51.0224623,"longitude":4.9820184},{"latitude":51.0584667,"longitude":5.2760307}],"VehicleId{value='vehicle-13'}":[{"latitude":51.13153,"longitude":5.4546361},{"latitude":50.9512922,"longitude":5.6853698},{"latitude":51.0221776,"longitude":5.7444307}],"VehicleId{value='vehicle-14'}":[{"latitude":50.7895102,"longitude":2.7649954},{"latitude":50.7729818,"longitude":2.9277912},{"latitude":50.7811177,"longitude":3.0388474}],"VehicleId{value='vehicle-11'}":[{"latitude":50.9319682,"longitude":3.1243584},{"latitude":50.919384,"longitude":3.92756},{"latitude":50.9371409,"longitude":4.0303202}],"VehicleId{value='vehicle-0'}":[{"latitude":51.1867453,"longitude":2.8120921},{"latitude":51.1886439,"longitude":2.8306834}],"VehicleId{value='vehicle-1'}":[{"latitude":51.2446934,"longitude":4.4423063},{"latitude":51.2364576,"longitude":4.5824321},{"latitude":51.3116797,"longitude":4.7856807}],"VehicleId{value='vehicle-12'}":[{"latitude":50.7418517,"longitude":3.9181638},{"latitude":50.7340808,"longitude":4.231391},{"latitude":50.7362339,"longitude":4.2363361}],"VehicleId{value='vehicle-17'}":[{"latitude":51.2402001,"longitude":4.8820099},{"latitude":51.2242634,"longitude":4.9214524},{"latitude":51.2426116,"longitude":4.9657549}],"VehicleId{value='vehicle-18'}":[{"latitude":50.9049366,"longitude":3.370847},{"latitude":50.89088,"longitude":3.4043315},{"latitude":51.1325175,"longitude":4.1440125}],"VehicleId{value='vehicle-15'}":[{"latitude":50.8829962,"longitude":4.0258564},{"latitude":50.864062,"longitude":4.0737251},{"latitude":50.8715513,"longitude":4.6772706}],"VehicleId{value='vehicle-16'}":[{"latitude":51.170774,"longitude":4.4434323},{"latitude":51.1007008,"longitude":4.6060609},{"latitude":51.1560013,"longitude":4.6744082}],"VehicleId{value='vehicle-19'}":[{"latitude":50.960393,"longitude":3.7463144},{"latitude":50.9592954,"longitude":3.7802886},{"latitude":51.098189,"longitude":4.1352936}]},