{"WorkingShiftAnalysisResult":{"totalWaitingTimeSeconds":0.0,"workingShiftOfEachDriver":{"VehicleId{value='vehicle-0'}":34457.000000000,"VehicleId{value='vehicle-1'}":35018.000000000,"VehicleId{value='vehicle-6'}":34985.000000000,"VehicleId{value='vehicle-7'}":34718.000000000,"VehicleId{value='vehicle-8'}":34600.000000000,"VehicleId{value='vehicle-9'}":35005.000000000,"VehicleId{value='vehicle-2'}":35063.000000000,"VehicleId{value='vehicle-3'}":35020.000000000,"VehicleId{value='vehicle-4'}":34810.000000000,"VehicleId{value='vehicle-5'}":34931.000000000},"stddevWorkingShifts":207.1330758500706,"shortestWorkingShift":{"VehicleId{value='vehicle-0'}":34457.000000000},"longestWorkingShift":{"VehicleId{value='vehicle-2'}":35063.000000000},"visitsTimeWindowWrong":null,"meanworkingShift":34860.7},"VisualAttractivenessAnalysisResult":{"meanDistanceToGeographicCenter":{"VehicleId{value='vehicle-0'}":1240.933210293977,"VehicleId{value='vehicle-1'}":2108.0894105354664,"VehicleId{value='vehicle-6'}":2275.1236596669637,"VehicleId{value='vehicle-7'}":1186.2259476157383,"VehicleId{value='vehicle-8'}":1545.9472628614458,"VehicleId{value='vehicle-9'}":1756.444169789487,"VehicleId{value='vehicle-2'}":1141.3162671804685,"VehicleId{value='vehicle-3'}":1446.4649469495648,"VehicleId{value='vehicle-4'}":1458.3543291599312,"VehicleId{value='vehicle-5'}":1623.0300479332209},"outliersTTBetweenStops":{"VehicleId{value='vehicle-0'}":[240.000000000,228.000000000,298.000000000,270.000000000],"VehicleId{value='vehicle-1'}":[297.000000000,432.000000000,298.000000000],"VehicleId{value='vehicle-6'}":[387.000000000,410.000000000,359.000000000,371.000000000,401.000000000],"VehicleId{value='vehicle-7'}":[191.000000000,256.000000000,205.000000000,187.000000000],"VehicleId{value='vehicle-8'}":[470.000000000,304.000000000,439.000000000],"VehicleId{value='vehicle-9'}":[632.000000000,383.000000000,590.000000000],"VehicleId{value='vehicle-2'}":[299.000000000,258.000000000,333.000000000,330.000000000,398.000000000],"VehicleId{value='vehicle-3'}":[265.000000000,242.000000000,16.000000000,238.000000000],"VehicleId{value='vehicle-4'}":[566.000000000,304.000000000,327.000000000],"VehicleId{value='vehicle-5'}":[399.000000000,289.000000000,255.000000000]},"meanTravelTimeBetweenStops":{"VehicleId{value='vehicle-0'}":101.000000000,"VehicleId{value='vehicle-1'}":142.000000000,"VehicleId{value='vehicle-6'}":157.000000000,"VehicleId{value='vehicle-7'}":92.000000000,"VehicleId{value='vehicle-8'}":133.000000000,"VehicleId{value='vehicle-9'}":141.000000000,"VehicleId{value='vehicle-2'}":99.000000000,"VehicleId{value='vehicle-3'}":126.000000000,"VehicleId{value='vehicle-4'}":137.000000000,"VehicleId{value='vehicle-5'}":110.000000000},"convexHullList":{"VehicleId{value='vehicle-0'}":[{"latitude":50.822428,"longitude":4.2959753},{"latitude":50.7949418,"longitude":4.3216048},{"latitude":50.824067,"longitude":4.3504294}],"VehicleId{value='vehicle-1'}":[{"latitude":50.8283,"longitude":4.3914336},{"latitude":50.8281639,"longitude":4.3971536},{"latitude":50.8410234,"longitude":4.4315766}],"VehicleId{value='vehicle-6'}":[{"latitude":50.8035358,"longitude":4.3603249},{"latitude":50.7983128,"longitude":4.3758013},{"latitude":50.8026176,"longitude":4.4175941}],"VehicleId{value='vehicle-7'}":[{"latitude":50.8438163,"longitude":4.3895671},{"latitude":50.8388509,"longitude":4.4028816},{"latitude":50.8407833,"longitude":4.4041892}],"VehicleId{value='vehicle-8'}":[{"latitude":50.8653125,"longitude":4.3036228},{"latitude":50.8633654,"longitude":4.3106992},{"latitude":50.8634052,"longitude":4.3190087}],"VehicleId{value='vehicle-9'}":[{"latitude":50.8640697,"longitude":4.3893775},{"latitude":50.8548071,"longitude":4.4261134}],"VehicleId{value='vehicle-2'}":[{"latitude":50.7847783,"longitude":4.3325339},{"latitude":50.779559,"longitude":4.3480781},{"latitude":50.8179823,"longitude":4.36475}],"VehicleId{value='vehicle-3'}":[{"latitude":50.8484122,"longitude":4.3228299},{"latitude":50.8431349,"longitude":4.3751414},{"latitude":50.8479435,"longitude":4.3833638}],"VehicleId{value='vehicle-4'}":[{"latitude":50.8169258,"longitude":4.2817791},{"latitude":50.8102465,"longitude":4.2949724},{"latitude":50.8289082,"longitude":4.3322025}],"VehicleId{value='vehicle-5'}":[{"latitude":50.8205803,"longitude":4.3716753},{"latitude":50.8177822,"longitude":4.3914852},{"latitude":50.8184383,"longitude":4.4199948}]},"visitsCloserToOtherCenterOfGravity":[[["33347cf5-98e7-42b5-840f-74b3b3938779","Visit491","Visit424","Visit424","Visit342","Visit342","Visit410","Visit410","Visit154","Visit154","Visit241","Visit196","Visit468","Visit131","Visit400","Visit218","Visit133","Visit378","Visit477","Visit329","Visit392","Visit392","Visit489","Visit489","Visit285","Visit19","Visit118","Visit178","Visit1","9de34931-d4a1-472d-bc44-707af84fb6b2"],["vehicle-6","vehicle-6","vehicle-1","vehicle-6","vehicle-1","vehicle-6","vehicle-1","vehicle-6","vehicle-1","vehicle-6","vehicle-6","vehicle-6","vehicle-6","vehicle-0","vehicle-0","vehicle-0","vehicle-0","vehicle-0","vehicle-0","vehicle-6","vehicle-1","vehicle-6","vehicle-1","vehicle-6","vehicle-6","vehicle-6","vehicle-6","vehicle-6","vehicle-6","vehicle-6"]],[["032d1121-a7a7-425f-ae4c-b2e7e6f36b52","Visit95","Visit259","Visit192","Visit496","Visit197","Visit197","Visit471","Visit471","Visit471","Visit258","Visit258","Visit258","Visit497","Visit497","Visit497","Visit18","Visit18","Visit330","Visit330","Visit159","Visit159","Visit159","Visit114","Visit114","Visit57","Visit401","Visit401","Visit498","Visit498","Visit498","Visit479","Visit364","Visit465","Visit43","0965ba4e-24d1-474a-91d8-dab11dd2348f"],["vehicle-7","vehicle-7","vehicle-3","vehicle-3","vehicle-3","vehicle-3","vehicle-4","vehicle-0","vehicle-3","vehicle-4","vehicle-0","vehicle-3","vehicle-4","vehicle-0","vehicle-3","vehicle-4","vehicle-3","vehicle-4","vehicle-3","vehicle-4","vehicle-3","vehicle-4","vehicle-7","vehicle-3","vehicle-4","vehicle-3","vehicle-0","vehicle-3","vehicle-0","vehicle-3","vehicle-4","vehicle-6","vehicle-6","vehicle-6","vehicle-7","vehicle-7"]],[["Visit331","Visit333","Visit486","Visit135","Visit168","Visit254","Visit357"],["vehicle-4","vehicle-4","vehicle-4","vehicle-4","vehicle-2","vehicle-2","vehicle-4"]],[["7f008c39-be55-4115-b644-4e141efaed1d","Visit290","Visit73","Visit447","Visit176","Visit432","Visit119","Visit211","Visit458","Visit235","Visit469","Visit107","Visit219","Visit421","Visit427","Visit116","Visit316","Visit411","Visit284","Visit23","Visit142","Visit27","Visit144","Visit372","Visit380","Visit435","Visit102","Visit437","Visit450","ee845c67-d912-428e-9a6f-4181b926f0b9"],["vehicle-4","vehicle-4","vehicle-7","vehicle-7","vehicle-7","vehicle-7","vehicle-7","vehicle-7","vehicle-7","vehicle-7","vehicle-7","vehicle-7","vehicle-7","vehicle-7","vehicle-7","vehicle-7","vehicle-7","vehicle-7","vehicle-8","vehicle-8","vehicle-8","vehicle-8","vehicle-8","vehicle-8","vehicle-8","vehicle-8","vehicle-8","vehicle-4","vehicle-4","vehicle-4"]],[["Visit179"],["vehicle-2"]],[["Visit319","Visit155","Visit385","Visit349","Visit63","Visit181","Visit283","Visit157","Visit247","Visit94","Visit493","Visit210","Visit169","Visit383"],["vehicle-7","vehicle-7","vehicle-7","vehicle-7","vehicle-7","vehicle-7","vehicle-7","vehicle-7","vehicle-7","vehicle-7","vehicle-7","vehicle-7","vehicle-8","vehicle-8"]],[["Visit117","Visit234","Visit455","Visit103","Visit446","Visit24","Visit100","Visit420"],["vehicle-2","vehicle-2","vehicle-2","vehicle-2","vehicle-2","vehicle-2","vehicle-2","vehicle-2"]],[["fbd95682-5327-4800-9885-9c2191e1905c","Visit122","Visit266","1b31567f-bdc5-4a9b-9a30-b98e076679bf"],["vehicle-7","vehicle-7","vehicle-7","vehicle-7"]],[[],[]],[[],[]]],"meanDistanceToConvexHull":{"VehicleId{value='vehicle-0'}":1872.9199112173353,"VehicleId{value='vehicle-1'}":1424.5285740483755,"VehicleId{value='vehicle-6'}":1618.6594807925378,"VehicleId{value='vehicle-7'}":674.8457010593561,"VehicleId{value='vehicle-8'}":932.1095433140596,