{"WorkingShiftAnalysisResult":{"totalWaitingTimeSeconds":0.0,"workingShiftOfEachDriver":{"VehicleId{value='vehicle-6'}":33154.000000000,"VehicleId{value='vehicle-7'}":16053.000000000,"VehicleId{value='vehicle-8'}":30826.000000000,"VehicleId{value='vehicle-9'}":25383.000000000,"VehicleId{value='vehicle-10'}":20576.000000000,"VehicleId{value='vehicle-3'}":29146.000000000,"VehicleId{value='vehicle-4'}":23118.000000000,"VehicleId{value='vehicle-0'}":33991.000000000,"VehicleId{value='vehicle-11'}":33311.000000000,"VehicleId{value='vehicle-12'}":24449.000000000,"VehicleId{value='vehicle-1'}":32959.000000000,"VehicleId{value='vehicle-17'}":33546.000000000,"VehicleId{value='vehicle-18'}":23494.000000000,"VehicleId{value='vehicle-16'}":7489.000000000,"VehicleId{value='vehicle-19'}":5160.000000000},"stddevWorkingShifts":9295.486108859504,"shortestWorkingShift":{"VehicleId{value='vehicle-19'}":5160.000000000},"longestWorkingShift":{"VehicleId{value='vehicle-0'}":33991.000000000},"visitsTimeWindowWrong":null,"meanworkingShift":24843.666666666668},"VisualAttractivenessAnalysisResult":{"meanDistanceToGeographicCenter":{"VehicleId{value='vehicle-6'}":1111.5207135636076,"VehicleId{value='vehicle-7'}":1331.3371528056648,"VehicleId{value='vehicle-8'}":1488.1288207444834,"VehicleId{value='vehicle-9'}":1508.8156968141204,"VehicleId{value='vehicle-10'}":503.7877838813704,"VehicleId{value='vehicle-3'}":1542.340552647965,"VehicleId{value='vehicle-4'}":1147.7397808739331,"VehicleId{value='vehicle-0'}":1270.97321989232,"VehicleId{value='vehicle-11'}":1005.0603998110313,"VehicleId{value='vehicle-12'}":943.7961474066445,"VehicleId{value='vehicle-1'}":1084.6108333058028,"VehicleId{value='vehicle-17'}":1330.7495919738606,"VehicleId{value='vehicle-18'}":819.6731573464685,"VehicleId{value='vehicle-16'}":374.2335512148938,"VehicleId{value='vehicle-19'}":476.88264449997547},"outliersTTBetweenStops":{"VehicleId{value='vehicle-6'}":[291.000000000,347.000000000,377.000000000],"VehicleId{value='vehicle-7'}":[543.000000000],"VehicleId{value='vehicle-8'}":[384.000000000],"VehicleId{value='vehicle-9'}":[517.000000000,626.000000000,495.000000000],"VehicleId{value='vehicle-10'}":[165.000000000,4.000000000,172.000000000],"VehicleId{value='vehicle-3'}":[524.000000000,599.000000000],"VehicleId{value='vehicle-4'}":[450.000000000,486.000000000],"VehicleId{value='vehicle-0'}":[533.000000000,409.000000000],"VehicleId{value='vehicle-11'}":[5.000000000,191.000000000,0.0,229.000000000],"VehicleId{value='vehicle-12'}":[356.000000000,351.000000000],"VehicleId{value='vehicle-1'}":[494.000000000,434.000000000],"VehicleId{value='vehicle-17'}":[494.000000000,742.000000000],"VehicleId{value='vehicle-18'}":[261.000000000,382.000000000],"VehicleId{value='vehicle-16'}":[],"VehicleId{value='vehicle-19'}":[]},"meanTravelTimeBetweenStops":{"VehicleId{value='vehicle-6'}":133.000000000,"VehicleId{value='vehicle-7'}":193.000000000,"VehicleId{value='vehicle-8'}":185.000000000,"VehicleId{value='vehicle-9'}":187.000000000,"VehicleId{value='vehicle-10'}":83.000000000,"VehicleId{value='vehicle-3'}":162.000000000,"VehicleId{value='vehicle-4'}":165.000000000,"VehicleId{value='vehicle-0'}":151.000000000,"VehicleId{value='vehicle-11'}":92.000000000,"VehicleId{value='vehicle-12'}":115.000000000,"VehicleId{value='vehicle-1'}":129.000000000,"VehicleId{value='vehicle-17'}":158.000000000,"VehicleId{value='vehicle-18'}":108.000000000,"VehicleId{value='vehicle-16'}":135.000000000,"VehicleId{value='vehicle-19'}":120.000000000},"convexHullList":{"VehicleId{value='vehicle-6'}":[{"latitude":50.8640583,"longitude":4.282275},{"latitude":50.8538296,"longitude":4.2841825},{"latitude":50.8550474,"longitude":4.3053411}],"VehicleId{value='vehicle-7'}":[{"latitude":50.8027326,"longitude":4.3963435},{"latitude":50.7911092,"longitude":4.421468},{"latitude":50.8072943,"longitude":4.4319993}],"VehicleId{value='vehicle-8'}":[{"latitude":50.8291232,"longitude":4.3298887},{"latitude":50.8277391,"longitude":4.3309118},{"latitude":50.8380716,"longitude":4.3917366}],"VehicleId{value='vehicle-9'}":[{"latitude":50.8263778,"longitude":4.4487874},{"latitude":50.8258191,"longitude":4.4626247},{"latitude":50.8286596,"longitude":4.4628291}],"VehicleId{value='vehicle-10'}":[{"latitude":50.8162975,"longitude":4.3381152},{"latitude":50.81709,"longitude":4.344543}],"VehicleId{value='vehicle-3'}":[{"latitude":50.8005631,"longitude":4.3079671},{"latitude":50.7991577,"longitude":4.3212176},{"latitude":50.8007049,"longitude":4.323656}],"VehicleId{value='vehicle-4'}":[{"latitude":50.7823935,"longitude":4.3249636},{"latitude":50.7803408,"longitude":4.3463479},{"latitude":50.780504,"longitude":4.3564861}],"VehicleId{value='vehicle-0'}":[{"latitude":50.8720041,"longitude":4.3102056},{"latitude":50.8717928,"longitude":4.3202502},{"latitude":50.8722102,"longitude":4.3307203}],"VehicleId{value='vehicle-11'}":[{"latitude":50.8028374,"longitude":4.3291014},{"latitude":50.8017954,"longitude":4.3316557},{"latitude":50.8091093,"longitude":4.3594444}],"VehicleId{value='vehicle-12'}":[{"latitude":50.8228542,"longitude":4.3786012},{"latitude":50.8156433,"longitude":4.38849},{"latitude":50.8173681,"longitude":4.4209586}],"VehicleId{value='vehicle-1'}":[{"latitude":50.8514285,"longitude":4.3376952},{"latitude":50.8483563,"longitude":4.3482193},{"latitude":50.8540465,"longitude":4.3888759}],"VehicleId{value='vehicle-17'}":[{"latitude":50.8677933,"longitude":4.3653858},{"latitude":50.8584675,"longitude":4.3974564},{"latitude":50.8594326,"longitude":4.4153105}],"VehicleId{value='vehicle-18'}":[{"latitude":50.8358463,"longitude":4.291057},{"latitude":50.8302303,"longitude":4.3110519},{"latitude":50.8343672,"longitude":4.3146952}],"VehicleId{value='vehicle-16'}":[{"latitude":50.8322126,"longitude":4.3611719},{"latitude":50.8228097,"longitude":4.3711929},{"latitude":50.8312869,"longitude":4.37152}],"VehicleId{value='vehicle-19'}":[{"latitude":50.8907882,"longitude":4.3717518},{"latitude":50.8902754,"longitude":4.3781047},{"latitude":50.8942831,"longitude":4.3896755}]},