{"WorkingShiftAnalysisResult":{"totalWaitingTimeSeconds":0.0,"workingShiftOfEachDriver":{"VehicleId{value='vehicle-0'}":35063.000000000,"VehicleId{value='vehicle-1'}":34600.000000000,"VehicleId{value='vehicle-6'}":34329.000000000,"VehicleId{value='vehicle-7'}":34435.000000000,"VehicleId{value='vehicle-8'}":33889.000000000,"VehicleId{value='vehicle-9'}":34915.000000000,"VehicleId{value='vehicle-2'}":34284.000000000,"VehicleId{value='vehicle-3'}":34492.000000000,"VehicleId{value='vehicle-4'}":34628.000000000,"VehicleId{value='vehicle-5'}":35004.000000000},"stddevWorkingShifts":362.44187273425115,"shortestWorkingShift":{"VehicleId{value='vehicle-8'}":33889.000000000},"longestWorkingShift":{"VehicleId{value='vehicle-0'}":35063.000000000},"visitsTimeWindowWrong":null,"meanworkingShift":34563.9},"VisualAttractivenessAnalysisResult":{"meanDistanceToGeographicCenter":{"VehicleId{value='vehicle-0'}":12956.24132762971,"VehicleId{value='vehicle-1'}":11960.952160685929,"VehicleId{value='vehicle-6'}":15350.59125462967,"VehicleId{value='vehicle-7'}":9409.266698044255,"VehicleId{value='vehicle-8'}":13946.076943819604,"VehicleId{value='vehicle-9'}":9700.887555576846,"VehicleId{value='vehicle-2'}":14263.992454349347,"VehicleId{value='vehicle-3'}":17013.040486891983,"VehicleId{value='vehicle-4'}":3450.2003476581217,"VehicleId{value='vehicle-5'}":16884.779846720066},"outliersTTBetweenStops":{"VehicleId{value='vehicle-0'}":[1660.000000000,1244.000000000,1380.000000000],"VehicleId{value='vehicle-1'}":[1429.000000000,982.000000000,1096.000000000,1109.000000000,1488.000000000],"VehicleId{value='vehicle-6'}":[1120.000000000],"VehicleId{value='vehicle-7'}":[1209.000000000,1508.000000000,1143.000000000,1093.000000000],"VehicleId{value='vehicle-8'}":[1465.000000000,1221.000000000],"VehicleId{value='vehicle-9'}":[973.000000000,1019.000000000],"VehicleId{value='vehicle-2'}":[1636.000000000,1406.000000000],"VehicleId{value='vehicle-3'}":[2521.000000000,1761.000000000],"VehicleId{value='vehicle-4'}":[662.000000000,679.000000000],"VehicleId{value='vehicle-5'}":[1601.000000000,1148.000000000]},"meanTravelTimeBetweenStops":{"VehicleId{value='vehicle-0'}":550.000000000,"VehicleId{value='vehicle-1'}":302.000000000,"VehicleId{value='vehicle-6'}":564.000000000,"VehicleId{value='vehicle-7'}":461.000000000,"VehicleId{value='vehicle-8'}":631.000000000,"VehicleId{value='vehicle-9'}":444.000000000,"VehicleId{value='vehicle-2'}":602.000000000,"VehicleId{value='vehicle-3'}":569.000000000,"VehicleId{value='vehicle-4'}":238.000000000,"VehicleId{value='vehicle-5'}":478.000000000},"convexHullList":{"VehicleId{value='vehicle-0'}":[{"latitude":51.2524135,"longitude":4.4325099},{"latitude":51.1571723,"longitude":4.5751482},{"latitude":51.1656342,"longitude":4.6680189}],"VehicleId{value='vehicle-1'}":[{"latitude":51.2078539,"longitude":2.8911572},{"latitude":51.2012632,"longitude":2.9762},{"latitude":51.202219,"longitude":3.1949392}],"VehicleId{value='vehicle-6'}":[{"latitude":50.9320293,"longitude":3.1987528},{"latitude":50.9226079,"longitude":3.5657745},{"latitude":50.9564489,"longitude":3.6360092}],"VehicleId{value='vehicle-7'}":[{"latitude":50.8864792,"longitude":4.5392126},{"latitude":50.8693895,"longitude":4.69799},{"latitude":50.8705329,"longitude":4.7076959}],"VehicleId{value='vehicle-8'}":[{"latitude":50.7675004,"longitude":4.9223537},{"latitude":50.7235051,"longitude":5.1326477},{"latitude":50.7408161,"longitude":5.2547341}],"VehicleId{value='vehicle-9'}":[{"latitude":50.9042763,"longitude":4.3128939},{"latitude":50.8984932,"longitude":4.4324474},{"latitude":50.910055,"longitude":4.4410137}],"VehicleId{value='vehicle-2'}":[{"latitude":50.8439722,"longitude":3.6035037},{"latitude":50.7706447,"longitude":3.8575535},{"latitude":50.7911868,"longitude":4.1063363}],"VehicleId{value='vehicle-3'}":[{"latitude":50.7334171,"longitude":4.2331224},{"latitude":50.7323984,"longitude":4.2417697},{"latitude":50.7584391,"longitude":4.2926895}],"VehicleId{value='vehicle-4'}":[{"latitude":51.1705887,"longitude":4.3394197},{"latitude":51.1492907,"longitude":4.457664},{"latitude":51.1544788,"longitude":4.4682034}],"VehicleId{value='vehicle-5'}":[{"latitude":51.0964735,"longitude":3.6023585},{"latitude":51.0452784,"longitude":3.7355685},{"latitude":51.1715573,"longitude":4.1534413}]},"visitsCloserToOtherCenterOfGravity":[[["Visit284","Visit284","Visit284","Visit19","Visit19","Visit19","Visit321","Visit321","Visit321","Visit127","Visit68","Visit278","Visit103","Visit277"],["vehicle-0","vehicle-9","vehicle-4","vehicle-0","vehicle-9","vehicle-4","vehicle-0","vehicle-9","vehicle-4","vehicle-4","vehicle-4","vehicle-4","vehicle-4","vehicle-6"]],[["Visit124","Visit69","Visit433","Visit323","Visit360","Visit497","Visit352","Visit198"],["vehicle-4","vehicle-4","vehicle-4","vehicle-4","vehicle-4","vehicle-4","vehicle-4","vehicle-4"]],[["376ee5c7-fdcf-4d1a-936f-94e02d87de93","376ee5c7-fdcf-4d1a-936f-94e02d87de93","Visit55","Visit199","Visit240","37eeb2e6-b61e-48c5-b3c9-463e9b3e36af","37eeb2e6-b61e-48c5-b3c9-463e9b3e36af"],["vehicle-3","vehicle-2","vehicle-2","vehicle-2","vehicle-2","vehicle-3","vehicle-2"]],[["Visit86","Visit259","Visit403","Visit481"],["vehicle-2","vehicle-2","vehicle-2","vehicle-2"]],[["Visit472","Visit378","Visit133","Visit363","Visit23","Visit255","Visit493"],["vehicle-7","vehicle-7","vehicle-4","vehicle-4","vehicle-4","vehicle-4","vehicle-4"]],[[],[]],[[],[]],[[],[]],[[],[]],[[],[]]],"meanDistanceToConvexHull":{"VehicleId{value='vehicle-0'}":6562.046422883728,"VehicleId{value='vehicle-1'}":7396.028814503002,"VehicleId{value='vehicle-6'}":11928.710478511386,"VehicleId{value='vehicle-7'}":1849.8000665585762,"VehicleId{value='vehicle-8'}":13110.830710866068,"VehicleId{value='vehicle-9'}":2706.9909724913573,"VehicleId{value='vehicle-2'}":10847.564396484582,"VehicleId{value='vehicle-3'}":2760.5209180253255,"VehicleId{value='vehicle-4'}":1355.8545489587764,"VehicleId{value='vehicle-5'}":8607.06251593323}},"CargoAnalysisResult":{"totalLoadKgs":null,"totalLoadVolume":null,"biggestLoad":null,"biggestLoadVolume":null,"smallestLoad":null,"smallestLoadVolume":null,"meanLoad":0.0,"meanLoadVolume":0.0,"stdDevLoad":null,"maxRelativeLoad":null},"RouteCompositionAnalysisResult":{"numberOfRoutes":10,"stopsLongestRoute":42,"stopsShortestRoute":28,"meanStops":32.9,"stdDevStops":4.253234063627348,"totalDistanceMeters":1599611,