{"WorkingShiftAnalysisResult":{"totalWaitingTimeSeconds":0.0,"workingShiftOfEachDriver":{"VehicleId{value='vehicle-13'}":1649.000000000,"VehicleId{value='vehicle-14'}":32977.000000000,"VehicleId{value='vehicle-11'}":34890.000000000,"VehicleId{value='vehicle-1'}":33085.000000000,"VehicleId{value='vehicle-17'}":34399.000000000,"VehicleId{value='vehicle-18'}":34561.000000000,"VehicleId{value='vehicle-16'}":31270.000000000,"VehicleId{value='vehicle-6'}":35000.000000000,"VehicleId{value='vehicle-8'}":31529.000000000,"VehicleId{value='vehicle-10'}":33723.000000000,"VehicleId{value='vehicle-4'}":33050.000000000,"VehicleId{value='vehicle-5'}":31535.000000000},"stddevWorkingShifts":9223.46474044227,"shortestWorkingShift":{"VehicleId{value='vehicle-13'}":1649.000000000},"longestWorkingShift":{"VehicleId{value='vehicle-6'}":35000.000000000},"visitsTimeWindowWrong":null,"meanworkingShift":30639.0},"VisualAttractivenessAnalysisResult":{"meanDistanceToGeographicCenter":{"VehicleId{value='vehicle-13'}":231.77371391201712,"VehicleId{value='vehicle-14'}":1107.1778814403497,"VehicleId{value='vehicle-11'}":2143.6580255796257,"VehicleId{value='vehicle-1'}":875.0515233672982,"VehicleId{value='vehicle-17'}":3192.7161533098115,"VehicleId{value='vehicle-18'}":1312.5853665207826,"VehicleId{value='vehicle-16'}":1055.7188493104454,"VehicleId{value='vehicle-6'}":2204.1201981447443,"VehicleId{value='vehicle-8'}":1356.9861723793044,"VehicleId{value='vehicle-10'}":1447.8793283079413,"VehicleId{value='vehicle-4'}":1535.5880104737635,"VehicleId{value='vehicle-5'}":1223.2771787432125},"outliersTTBetweenStops":{"VehicleId{value='vehicle-13'}":[],"VehicleId{value='vehicle-14'}":[246.000000000,341.000000000,386.000000000],"VehicleId{value='vehicle-11'}":[825.000000000],"VehicleId{value='vehicle-1'}":[345.000000000,282.000000000,325.000000000,363.000000000],"VehicleId{value='vehicle-17'}":[653.000000000,615.000000000,763.000000000],"VehicleId{value='vehicle-18'}":[399.000000000,347.000000000,374.000000000,382.000000000],"VehicleId{value='vehicle-16'}":[243.000000000,329.000000000,233.000000000,242.000000000,286.000000000],"VehicleId{value='vehicle-6'}":[441.000000000,433.000000000,471.000000000,357.000000000],"VehicleId{value='vehicle-8'}":[344.000000000,336.000000000,369.000000000,330.000000000],"VehicleId{value='vehicle-10'}":[286.000000000,274.000000000,317.000000000],"VehicleId{value='vehicle-4'}":[379.000000000,386.000000000,599.000000000,347.000000000],"VehicleId{value='vehicle-5'}":[335.000000000,290.000000000,333.000000000,289.000000000]},"meanTravelTimeBetweenStops":{"VehicleId{value='vehicle-13'}":149.000000000,"VehicleId{value='vehicle-14'}":99.000000000,"VehicleId{value='vehicle-11'}":171.000000000,"VehicleId{value='vehicle-1'}":116.000000000,"VehicleId{value='vehicle-17'}":177.000000000,"VehicleId{value='vehicle-18'}":132.000000000,"VehicleId{value='vehicle-16'}":108.000000000,"VehicleId{value='vehicle-6'}":141.000000000,"VehicleId{value='vehicle-8'}":130.000000000,"VehicleId{value='vehicle-10'}":115.000000000,"VehicleId{value='vehicle-4'}":131.000000000,"VehicleId{value='vehicle-5'}":130.000000000},"convexHullList":{"VehicleId{value='vehicle-13'}":[{"latitude":50.82689,"longitude":4.45691},{"latitude":50.8258191,"longitude":4.4626247},{"latitude":50.8286596,"longitude":4.4628291}],"VehicleId{value='vehicle-14'}":[{"latitude":50.8005631,"longitude":4.3079671},{"latitude":50.7991577,"longitude":4.3212176},{"latitude":50.8017954,"longitude":4.3316557}],"VehicleId{value='vehicle-11'}":[{"latitude":50.7823935,"longitude":4.3249636},{"latitude":50.7803408,"longitude":4.3463479},{"latitude":50.780504,"longitude":4.3564861}],"VehicleId{value='vehicle-1'}":[{"latitude":50.8521689,"longitude":4.3555454},{"latitude":50.8478545,"longitude":4.3642226},{"latitude":50.8540465,"longitude":4.3888759}],"VehicleId{value='vehicle-17'}":[{"latitude":50.8087813,"longitude":4.4246803},{"latitude":50.8072943,"longitude":4.4319993},{"latitude":50.8263778,"longitude":4.4487874}],"VehicleId{value='vehicle-18'}":[{"latitude":50.8538296,"longitude":4.2841825},{"latitude":50.8358463,"longitude":4.291057},{"latitude":50.844655,"longitude":4.3043184}],"VehicleId{value='vehicle-16'}":[{"latitude":50.8145391,"longitude":4.3615009},{"latitude":50.8127684,"longitude":4.3677443},{"latitude":50.8156433,"longitude":4.38849}],"VehicleId{value='vehicle-6'}":[{"latitude":50.85695,"longitude":4.31812},{"latitude":50.8568295,"longitude":4.3316273},{"latitude":50.8623274,"longitude":4.3601874}],"VehicleId{value='vehicle-8'}":[{"latitude":50.8442675,"longitude":4.3756101},{"latitude":50.8382442,"longitude":4.4155305},{"latitude":50.8391675,"longitude":4.4215226}],"VehicleId{value='vehicle-10'}":[{"latitude":50.8269879,"longitude":4.3462412},{"latitude":50.8266651,"longitude":4.3513652},{"latitude":50.8271238,"longitude":4.3528979}],"VehicleId{value='vehicle-4'}":[{"latitude":50.8269997,"longitude":4.2663182},{"latitude":50.79891,"longitude":4.33712},{"latitude":50.8091093,"longitude":4.3594444}],"VehicleId{value='vehicle-5'}":[{"latitude":50.8463157,"longitude":4.3478936},{"latitude":50.8446265,"longitude":4.3538152},{"latitude":50.8457233,"longitude":4.35461}]},