{"WorkingShiftAnalysisResult":{"totalWaitingTimeSeconds":0.0,"workingShiftOfEachDriver":{"VehicleId{value='vehicle-6'}":814.000000000,"VehicleId{value='vehicle-7'}":35586.000000000,"VehicleId{value='vehicle-8'}":33187.000000000,"VehicleId{value='vehicle-9'}":33122.000000000,"VehicleId{value='vehicle-2'}":35572.000000000,"VehicleId{value='vehicle-3'}":34248.000000000,"VehicleId{value='vehicle-10'}":34621.000000000,"VehicleId{value='vehicle-4'}":32915.000000000,"VehicleId{value='vehicle-5'}":34625.000000000,"VehicleId{value='vehicle-13'}":34814.000000000,"VehicleId{value='vehicle-14'}":35279.000000000,"VehicleId{value='vehicle-0'}":34954.000000000,"VehicleId{value='vehicle-11'}":35015.000000000,"VehicleId{value='vehicle-1'}":16984.000000000,"VehicleId{value='vehicle-12'}":33361.000000000,"VehicleId{value='vehicle-17'}":33641.000000000,"VehicleId{value='vehicle-18'}":33524.000000000,"VehicleId{value='vehicle-15'}":33527.000000000,"VehicleId{value='vehicle-16'}":23608.000000000,"VehicleId{value='vehicle-19'}":33371.000000000},"stddevWorkingShifts":8426.551963881788,"shortestWorkingShift":{"VehicleId{value='vehicle-6'}":814.000000000},"longestWorkingShift":{"VehicleId{value='vehicle-7'}":35586.000000000},"visitsTimeWindowWrong":null,"meanworkingShift":31138.4},"VisualAttractivenessAnalysisResult":{"meanDistanceToGeographicCenter":{"VehicleId{value='vehicle-6'}":21.46984799768966,"VehicleId{value='vehicle-7'}":33109.5535384328,"VehicleId{value='vehicle-8'}":25139.52354624862,"VehicleId{value='vehicle-9'}":11867.368929010347,"VehicleId{value='vehicle-2'}":22028.824695881638,"VehicleId{value='vehicle-3'}":23503.21445184304,"VehicleId{value='vehicle-10'}":16425.845653772067,"VehicleId{value='vehicle-4'}":5213.570678825821,"VehicleId{value='vehicle-5'}":24230.668270711805,"VehicleId{value='vehicle-13'}":13236.939125947898,"VehicleId{value='vehicle-14'}":20882.55578806275,"VehicleId{value='vehicle-0'}":15375.649921769946,"VehicleId{value='vehicle-11'}":23751.276574684096,"VehicleId{value='vehicle-1'}":8418.510856058982,"VehicleId{value='vehicle-12'}":8294.859136317387,"VehicleId{value='vehicle-17'}":13053.367031414746,"VehicleId{value='vehicle-18'}":9471.870910171363,"VehicleId{value='vehicle-15'}":17177.912014613976,"VehicleId{value='vehicle-16'}":8259.084408853387,"VehicleId{value='vehicle-19'}":20588.93890024292},"outliersTTBetweenStops":{"VehicleId{value='vehicle-6'}":[],"VehicleId{value='vehicle-7'}":[2413.000000000,2884.000000000],"VehicleId{value='vehicle-8'}":[2331.000000000,2343.000000000],"VehicleId{value='vehicle-9'}":[1164.000000000,1173.000000000],"VehicleId{value='vehicle-2'}":[2455.000000000],"VehicleId{value='vehicle-3'}":[1572.000000000,1672.000000000],"VehicleId{value='vehicle-10'}":[2547.000000000,1927.000000000],"VehicleId{value='vehicle-4'}":[785.000000000,863.000000000,809.000000000,699.000000000],"VehicleId{value='vehicle-5'}":[2891.000000000],"VehicleId{value='vehicle-13'}":[1356.000000000,1403.000000000],"VehicleId{value='vehicle-14'}":[1954.000000000,2459.000000000],"VehicleId{value='vehicle-0'}":[1725.000000000,1181.000000000],"VehicleId{value='vehicle-11'}":[1690.000000000,1815.000000000,2423.000000000],"VehicleId{value='vehicle-1'}":[1721.000000000],"VehicleId{value='vehicle-12'}":[1035.000000000],"VehicleId{value='vehicle-17'}":[1424.000000000,54.000000000,1283.000000000],"VehicleId{value='vehicle-18'}":[1349.000000000,1137.000000000],"VehicleId{value='vehicle-15'}":[2009.000000000,2723.000000000],"VehicleId{value='vehicle-16'}":[1328.000000000,1169.000000000],"VehicleId{value='vehicle-19'}":[4056.000000000,4148.000000000]},"meanTravelTimeBetweenStops":{"VehicleId{value='vehicle-6'}":107.000000000,"VehicleId{value='vehicle-7'}":791.000000000,"VehicleId{value='vehicle-8'}":651.000000000,"VehicleId{value='vehicle-9'}":562.000000000,"VehicleId{value='vehicle-2'}":907.000000000,"VehicleId{value='vehicle-3'}":690.000000000,"VehicleId{value='vehicle-10'}":754.000000000,"VehicleId{value='vehicle-4'}":330.000000000,"VehicleId{value='vehicle-5'}":809.000000000,"VehicleId{value='vehicle-13'}":664.000000000,"VehicleId{value='vehicle-14'}":487.000000000,"VehicleId{value='vehicle-0'}":511.000000000,"VehicleId{value='vehicle-11'}":719.000000000,"VehicleId{value='vehicle-1'}":752.000000000,"VehicleId{value='vehicle-12'}":461.000000000,"VehicleId{value='vehicle-17'}":668.000000000,"VehicleId{value='vehicle-18'}":403.000000000,"VehicleId{value='vehicle-15'}":663.000000000,"VehicleId{value='vehicle-16'}":452.000000000,"VehicleId{value='vehicle-19'}":944.000000000},"convexHullList":{"VehicleId{value='vehicle-6'}":[{"latitude":50.8864128,"longitude":5.6426589},{"latitude":50.8865896,"longitude":5.6432881}],"VehicleId{value='vehicle-7'}":[{"latitude":50.7491792,"longitude":3.591375},{"latitude":50.7447885,"longitude":3.6026014},{"latitude":50.7447952,"longitude":3.6039694}],"VehicleId{value='vehicle-8'}":[{"latitude":50.7895102,"longitude":2.7649954},{"latitude":50.7729818,"longitude":2.9277912},{"latitude":50.7811177,"longitude":3.0388474}],"VehicleId{value='vehicle-9'}":[{"latitude":50.7985641,"longitude":5.1784692},{"latitude":50.7531478,"longitude":5.29282},{"latitude":50.7680655,"longitude":5.4358699}],"VehicleId{value='vehicle-2'}":[{"latitude":50.7641389,"longitude":4.3271052},{"latitude":50.7514955,"longitude":4.3802575},{"latitude":50.7567803,"longitude":5.0789297}],"VehicleId{value='vehicle-3'}":[{"latitude":50.9853568,"longitude":3.8494272},{"latitude":50.9633392,"longitude":3.963816},{"latitude":50.9656644,"longitude":3.9815671}],"VehicleId{value='vehicle-10'}":[{"latitude":51.1424954,"longitude":3.9671658},{"latitude":51.1404406,"longitude":4.0928969},{"latitude":51.1560013,"longitude":4.6744082}],"VehicleId{value='vehicle-4'}":[{"latitude":51.1105661,"longitude":4.3238845},{"latitude":51.0868403,"longitude":4.4637877},{"latitude":51.1227278,"longitude":4.488742}],"VehicleId{value='vehicle-5'}":[{"latitude":50.7340808,"longitude":4.231391},{"latitude":50.7367695,"longitude":4.3382339}],"VehicleId{value='vehicle-13'}":[{"latitude":51.1080301,"longitude":5.2538182},{"latitude":50.9512922,"longitude":5.6853698},{"latitude":51.0221776,"longitude":5.7444307}],"VehicleId{value='vehicle-14'}":[{"latitude":51.2075256,"longitude":2.92154},{"latitude":51.0551564,"longitude":3.6902548},{"latitude":51.0818367,"longitude":3.7093607}],"VehicleId{value='vehicle-0'}":[{"latitude":51.0973675,"longitude":2.5754305},{"latitude":51.0726328,"longitude":2.6754538},{"latitude":51.0858943,"longitude":3.1336225}],"VehicleId{value='vehicle-11'}":[{"latitude":50.8713167,"longitude":3.1788582},{"latitude":50.8346477,"longitude":3.3521318},{"latitude":50.9343857,"longitude":4.037232}],"VehicleId{value='vehicle-1'}":[{"latitude":51.351498,"longitude":4.5470471},{"latitude":51.3116797,"longitude":4.7856807},{"latitude":51.3471833,"longitude":4.8101297}],"VehicleId{value='vehicle-12'}":[{"latitude":50.9539974,"longitude":4.1416769},{"latitude":50.8994715,"longitude":4.3170413},{"latitude":50.9056972,"longitude":4.3503699}],"VehicleId{value='vehicle-17'}":[{"latitude":51.0595904,"longitude":4.7497372},{"latitude":51.0273769,"longitude":4.8328595},{"latitude":51.1058783,"longitude":4.9885321}],"VehicleId{value='vehicle-18'}":[{"latitude":51.0344463,"longitude":3.721636},{"latitude":51.0249185,"longitude":3.7832994},{"latitude":51.098189,"longitude":4.1352936}],"VehicleId{value='vehicle-15'}":[{"latitude":50.7710481,"longitude":3.8945664},{"latitude":50.7418517,"longitude":3.9181638},{"latitude":50.8816041,"longitude":4.7172592}],"VehicleId{value='vehicle-16'}":[{"latitude":51.024675,"longitude":4.4263922},{"latitude":50.9988245,"longitude":4.4847446},{"latitude":51.1007008,"longitude":4.6060609}],"VehicleId{value='vehicle-19'}":[{"latitude":50.7390255,"longitude":3.3306433},{"latitude":50.7756176,"longitude":3.48034}]},