{"WorkingShiftAnalysisResult":{"totalWaitingTimeSeconds":0.0,"workingShiftOfEachDriver":{"VehicleId{value='vehicle-0'}":2685.000000000,"VehicleId{value='vehicle-12'}":15217.000000000,"VehicleId{value='vehicle-17'}":33588.000000000,"VehicleId{value='vehicle-18'}":35215.000000000,"VehicleId{value='vehicle-16'}":34948.000000000,"VehicleId{value='vehicle-6'}":33635.000000000,"VehicleId{value='vehicle-7'}":20298.000000000,"VehicleId{value='vehicle-8'}":36529.000000000,"VehicleId{value='vehicle-2'}":26716.000000000,"VehicleId{value='vehicle-3'}":35504.000000000},"stddevWorkingShifts":11325.381077719,"shortestWorkingShift":{"VehicleId{value='vehicle-0'}":2685.000000000},"longestWorkingShift":{"VehicleId{value='vehicle-8'}":36529.000000000},"visitsTimeWindowWrong":null,"meanworkingShift":27433.5},"VisualAttractivenessAnalysisResult":{"meanDistanceToGeographicCenter":{"VehicleId{value='vehicle-0'}":1632.1370361555269,"VehicleId{value='vehicle-12'}":6192.863225869775,"VehicleId{value='vehicle-17'}":14908.590110951227,"VehicleId{value='vehicle-18'}":14418.401356018265,"VehicleId{value='vehicle-16'}":15522.487403655694,"VehicleId{value='vehicle-6'}":5819.131042787543,"VehicleId{value='vehicle-7'}":9047.67122043206,"VehicleId{value='vehicle-8'}":21854.14654628549,"VehicleId{value='vehicle-2'}":16667.223754841936,"VehicleId{value='vehicle-3'}":12432.30760506407},"outliersTTBetweenStops":{"VehicleId{value='vehicle-0'}":[],"VehicleId{value='vehicle-12'}":[370.000000000],"VehicleId{value='vehicle-17'}":[1773.000000000],"VehicleId{value='vehicle-18'}":[73.000000000,1799.000000000,1891.000000000],"VehicleId{value='vehicle-16'}":[1559.000000000,1511.000000000],"VehicleId{value='vehicle-6'}":[1144.000000000,1145.000000000],"VehicleId{value='vehicle-7'}":[1722.000000000],"VehicleId{value='vehicle-8'}":[1882.000000000,1913.000000000,1770.000000000],"VehicleId{value='vehicle-2'}":[],"VehicleId{value='vehicle-3'}":[1440.000000000,1442.000000000,1379.000000000]},"meanTravelTimeBetweenStops":{"VehicleId{value='vehicle-0'}":495.000000000,"VehicleId{value='vehicle-12'}":718.000000000,"VehicleId{value='vehicle-17'}":767.000000000,"VehicleId{value='vehicle-18'}":892.000000000,"VehicleId{value='vehicle-16'}":821.000000000,"VehicleId{value='vehicle-6'}":437.000000000,"VehicleId{value='vehicle-7'}":793.000000000,"VehicleId{value='vehicle-8'}":828.000000000,"VehicleId{value='vehicle-2'}":837.000000000,"VehicleId{value='vehicle-3'}":689.000000000},"convexHullList":{"VehicleId{value='vehicle-0'}":[{"latitude":51.0973675,"longitude":2.5754305},{"latitude":51.1075404,"longitude":2.61822}],"VehicleId{value='vehicle-12'}":[{"latitude":50.9292763,"longitude":4.4265585},{"latitude":50.8604151,"longitude":4.4469469},{"latitude":50.8605698,"longitude":4.4656843}],"VehicleId{value='vehicle-17'}":[{"latitude":50.9268635,"longitude":5.3306929},{"latitude":50.9176352,"longitude":5.6104677},{"latitude":51.1442137,"longitude":5.6148991}],"VehicleId{value='vehicle-18'}":[{"latitude":51.1173055,"longitude":4.5245776},{"latitude":51.04866,"longitude":4.87165},{"latitude":51.1078369,"longitude":5.0038096}],"VehicleId{value='vehicle-16'}":[{"latitude":50.8291911,"longitude":4.0494882},{"latitude":50.7363353,"longitude":4.3423415},{"latitude":51.0531709,"longitude":4.3752914}],"VehicleId{value='vehicle-6'}":[{"latitude":51.1366182,"longitude":4.4439378},{"latitude":51.1347623,"longitude":4.451749},{"latitude":51.1433408,"longitude":4.4615539}],"VehicleId{value='vehicle-7'}":[{"latitude":50.8535116,"longitude":2.8851279},{"latitude":50.7874973,"longitude":3.1321896},{"latitude":50.8002888,"longitude":3.2339158}],"VehicleId{value='vehicle-8'}":[{"latitude":50.8591956,"longitude":4.6955987},{"latitude":50.7061494,"longitude":5.1509601},{"latitude":50.7944803,"longitude":5.613238}],"VehicleId{value='vehicle-2'}":[{"latitude":51.2241132,"longitude":2.8961098},{"latitude":51.0839646,"longitude":3.0689941},{"latitude":51.0902941,"longitude":3.4487881}],"VehicleId{value='vehicle-3'}":[{"latitude":50.8056674,"longitude":3.7700477},{"latitude":50.7825855,"longitude":3.9118191}]},"visitsCloserToOtherCenterOfGravity":[[[],[]],[["Visit34","Visit34","Visit93","Visit6","Visit47","Visit66","Visit196"],["vehicle-12","vehicle-6","vehicle-6","vehicle-6","vehicle-6","vehicle-6","vehicle-6"]],[[],[]],[["Visit15","Visit117"],["vehicle-3","vehicle-0"]],[[],[]],[[],[]],[[],[]],[[],[]],[["Visit133","Visit61","Visit152"],["vehicle-6","vehicle-6","vehicle-6"]],[[],[]]],"meanDistanceToConvexHull":{"VehicleId{value='vehicle-0'}":2193.3934700489085,"VehicleId{value='vehicle-12'}":1231.6263373821266,"VehicleId{value='vehicle-17'}":12664.18599088353,"VehicleId{value='vehicle-18'}":7618.8081751362815,"VehicleId{value='vehicle-16'}":18489.749988010448,"VehicleId{value='vehicle-6'}":1492.7572325788626,"VehicleId{value='vehicle-7'}":5932.187489325895,"VehicleId{value='vehicle-8'}":18558.500086579723,"VehicleId{value='vehicle-2'}":13308.616798977537,"VehicleId{value='vehicle-3'}":13911.067020442411}},"RouteCompositionAnalysisResult":{"numberOfRoutes":10,"stopsLongestRoute":33,"stopsShortestRoute":3,"meanStops":21.0,"stdDevStops":8.390470785361213,"totalDistanceMeters":1658214,"unassignedJobs":[],"failureRate":0.0,"runTime":64709},"CargoAnalysisResult":{"totalLoadKgs":null,"totalLoadVolume":null,"biggestLoad":null,"biggestLoadVolume":null,"smallestLoad":null,"smallestLoadVolume":null,"meanLoad":0.0,"meanLoadVolume":0.0,"stdDevLoad":null,"maxRelativeLoad":null}}