{"WorkingShiftAnalysisResult":{"totalWaitingTimeSeconds":0.0,"workingShiftOfEachDriver":{"VehicleId{value='vehicle-0'}":36807.000000000,"VehicleId{value='vehicle-1'}":36675.000000000,"VehicleId{value='vehicle-6'}":36501.000000000,"VehicleId{value='vehicle-7'}":36985.000000000,"VehicleId{value='vehicle-8'}":37009.000000000,"VehicleId{value='vehicle-9'}":37556.000000000,"VehicleId{value='vehicle-2'}":37686.000000000,"VehicleId{value='vehicle-3'}":35435.000000000,"VehicleId{value='vehicle-4'}":37390.000000000,"VehicleId{value='vehicle-5'}":36812.000000000},"stddevWorkingShifts":639.2453884594449,"shortestWorkingShift":{"VehicleId{value='vehicle-3'}":35435.000000000},"longestWorkingShift":{"VehicleId{value='vehicle-2'}":37686.000000000},"visitsTimeWindowWrong":null,"meanworkingShift":36885.6},"VisualAttractivenessAnalysisResult":{"meanDistanceToGeographicCenter":{"VehicleId{value='vehicle-0'}":37779.80656122347,"VehicleId{value='vehicle-1'}":13274.204991176885,"VehicleId{value='vehicle-6'}":20330.734123370545,"VehicleId{value='vehicle-7'}":24076.14868392002,"VehicleId{value='vehicle-8'}":20978.360734865048,"VehicleId{value='vehicle-9'}":40057.44287277691,"VehicleId{value='vehicle-2'}":33825.188971051015,"VehicleId{value='vehicle-3'}":34877.932358564416,"VehicleId{value='vehicle-4'}":27223.534084742256,"VehicleId{value='vehicle-5'}":34964.68848987667},"outliersTTBetweenStops":{"VehicleId{value='vehicle-0'}":[2952.000000000,3978.000000000],"VehicleId{value='vehicle-1'}":[3522.000000000,3855.000000000],"VehicleId{value='vehicle-6'}":[3056.000000000,1912.000000000],"VehicleId{value='vehicle-7'}":[3088.000000000,2803.000000000],"VehicleId{value='vehicle-8'}":[4328.000000000],"VehicleId{value='vehicle-9'}":[2707.000000000,3928.000000000],"VehicleId{value='vehicle-2'}":[2787.000000000,3473.000000000,2976.000000000],"VehicleId{value='vehicle-3'}":[3239.000000000],"VehicleId{value='vehicle-4'}":[3642.000000000,3330.000000000],"VehicleId{value='vehicle-5'}":[3675.000000000]},"meanTravelTimeBetweenStops":{"VehicleId{value='vehicle-0'}":785.000000000,"VehicleId{value='vehicle-1'}":529.000000000,"VehicleId{value='vehicle-6'}":596.000000000,"VehicleId{value='vehicle-7'}":845.000000000,"VehicleId{value='vehicle-8'}":613.000000000,"VehicleId{value='vehicle-9'}":762.000000000,"VehicleId{value='vehicle-2'}":872.000000000,"VehicleId{value='vehicle-3'}":526.000000000,"VehicleId{value='vehicle-4'}":666.000000000,"VehicleId{value='vehicle-5'}":838.000000000},"convexHullList":{"VehicleId{value='vehicle-0'}":[{"latitude":51.1825629,"longitude":3.2201033},{"latitude":51.1680685,"longitude":3.3365846},{"latitude":51.2025593,"longitude":4.4603533}],"VehicleId{value='vehicle-1'}":[{"latitude":51.2025421,"longitude":3.3209389},{"latitude":51.1705887,"longitude":4.3394197},{"latitude":51.1719305,"longitude":4.365104}],"VehicleId{value='vehicle-6'}":[{"latitude":50.972326,"longitude":3.7998026},{"latitude":50.8693895,"longitude":4.69799},{"latitude":50.8704845,"longitude":4.70376}],"VehicleId{value='vehicle-7'}":[{"latitude":51.0087645,"longitude":3.895818},{"latitude":50.999758,"longitude":4.2852938},{"latitude":51.05129,"longitude":4.62532}],"VehicleId{value='vehicle-8'}":[{"latitude":50.810845,"longitude":5.1950282},{"latitude":50.79796,"longitude":5.35718}],"VehicleId{value='vehicle-9'}":[{"latitude":50.858619,"longitude":2.8770534},{"latitude":50.7944157,"longitude":3.0884834},{"latitude":50.9042763,"longitude":4.3128939}],"VehicleId{value='vehicle-2'}":[{"latitude":50.8984932,"longitude":4.4324474},{"latitude":50.8864792,"longitude":4.5392126},{"latitude":51.0943903,"longitude":5.2274583}],"VehicleId{value='vehicle-3'}":[{"latitude":51.2078539,"longitude":2.8911572},{"latitude":50.78378,"longitude":4.28967},{"latitude":50.785538,"longitude":4.2973445}],"VehicleId{value='vehicle-4'}":[{"latitude":51.0220598,"longitude":3.0629016},{"latitude":50.8075842,"longitude":3.0675909},{"latitude":50.8078393,"longitude":3.1108145}],"VehicleId{value='vehicle-5'}":[{"latitude":51.0729561,"longitude":3.7100343},{"latitude":51.04528,"longitude":3.73557},{"latitude":51.1610371,"longitude":4.8935802}]},