{"WorkingShiftAnalysisResult":{"totalWaitingTimeSeconds":0.0,"workingShiftOfEachDriver":{"VehicleId{value='vehicle-6'}":32459.000000000,"VehicleId{value='vehicle-7'}":4230.000000000,"VehicleId{value='vehicle-2'}":26665.000000000,"VehicleId{value='vehicle-10'}":29029.000000000,"VehicleId{value='vehicle-3'}":29617.000000000,"VehicleId{value='vehicle-14'}":26542.000000000,"VehicleId{value='vehicle-0'}":2685.000000000,"VehicleId{value='vehicle-12'}":31911.000000000,"VehicleId{value='vehicle-1'}":13813.000000000,"VehicleId{value='vehicle-17'}":21765.000000000,"VehicleId{value='vehicle-18'}":1735.000000000,"VehicleId{value='vehicle-15'}":33233.000000000,"VehicleId{value='vehicle-16'}":21325.000000000},"stddevWorkingShifts":11695.348487753583,"shortestWorkingShift":{"VehicleId{value='vehicle-18'}":1735.000000000},"longestWorkingShift":{"VehicleId{value='vehicle-15'}":33233.000000000},"visitsTimeWindowWrong":null,"meanworkingShift":21154.53846153846},"VisualAttractivenessAnalysisResult":{"meanDistanceToGeographicCenter":{"VehicleId{value='vehicle-6'}":11790.102950010229,"VehicleId{value='vehicle-7'}":2044.8845355442243,"VehicleId{value='vehicle-2'}":16667.200778114056,"VehicleId{value='vehicle-10'}":12932.418499153016,"VehicleId{value='vehicle-3'}":13548.180721718638,"VehicleId{value='vehicle-14'}":11026.112949648503,"VehicleId{value='vehicle-0'}":1632.2088219473712,"VehicleId{value='vehicle-12'}":10132.521129631134,"VehicleId{value='vehicle-1'}":6606.833423814315,"VehicleId{value='vehicle-17'}":12036.96422966316,"VehicleId{value='vehicle-18'}":2228.153500568778,"VehicleId{value='vehicle-15'}":23101.417855151452,"VehicleId{value='vehicle-16'}":9777.652659672465},"outliersTTBetweenStops":{"VehicleId{value='vehicle-6'}":[2367.000000000,1644.000000000],"VehicleId{value='vehicle-7'}":[],"VehicleId{value='vehicle-2'}":[],"VehicleId{value='vehicle-10'}":[1754.000000000,1575.000000000],"VehicleId{value='vehicle-3'}":[1959.000000000],"VehicleId{value='vehicle-14'}":[26.000000000,1104.000000000],"VehicleId{value='vehicle-0'}":[],"VehicleId{value='vehicle-12'}":[1358.000000000,1312.000000000,1341.000000000],"VehicleId{value='vehicle-1'}":[1891.000000000],"VehicleId{value='vehicle-17'}":[1754.000000000],"VehicleId{value='vehicle-18'}":[],"VehicleId{value='vehicle-15'}":[1759.000000000,1870.000000000,1748.000000000],"VehicleId{value='vehicle-16'}":[1890.000000000]},"meanTravelTimeBetweenStops":{"VehicleId{value='vehicle-6'}":671.000000000,"VehicleId{value='vehicle-7'}":366.000000000,"VehicleId{value='vehicle-2'}":835.000000000,"VehicleId{value='vehicle-10'}":746.000000000,"VehicleId{value='vehicle-3'}":910.000000000,"VehicleId{value='vehicle-14'}":580.000000000,"VehicleId{value='vehicle-0'}":495.000000000,"VehicleId{value='vehicle-12'}":561.000000000,"VehicleId{value='vehicle-1'}":841.000000000,"VehicleId{value='vehicle-17'}":797.000000000,"VehicleId{value='vehicle-18'}":567.000000000,"VehicleId{value='vehicle-15'}":871.000000000,"VehicleId{value='vehicle-16'}":770.000000000},"convexHullList":{"VehicleId{value='vehicle-6'}":[{"latitude":51.2161943,"longitude":4.4372117},{"latitude":51.1173055,"longitude":4.5245776},{"latitude":51.2027092,"longitude":4.7695714}],"VehicleId{value='vehicle-7'}":[{"latitude":50.9410494,"longitude":3.1220983},{"latitude":50.9037292,"longitude":3.1440762}],"VehicleId{value='vehicle-2'}":[{"latitude":51.2241132,"longitude":2.8961098},{"latitude":51.0839646,"longitude":3.0689941},{"latitude":51.0902941,"longitude":3.4487881}],"VehicleId{value='vehicle-10'}":[{"latitude":50.8591956,"longitude":4.6955987},{"latitude":50.7061494,"longitude":5.1509601},{"latitude":50.9421044,"longitude":5.1571581}],"VehicleId{value='vehicle-3'}":[{"latitude":50.8056674,"longitude":3.7700477},{"latitude":50.7825855,"longitude":3.9118191},{"latitude":50.8291911,"longitude":4.0494882}],"VehicleId{value='vehicle-14'}":[{"latitude":50.8844334,"longitude":3.4374875},{"latitude":50.8523133,"longitude":3.5950369},{"latitude":50.8583493,"longitude":3.6363567}],"VehicleId{value='vehicle-0'}":[{"latitude":51.0973675,"longitude":2.5754305},{"latitude":51.1075404,"longitude":2.61822}],"VehicleId{value='vehicle-12'}":[{"latitude":51.0536692,"longitude":4.323481},{"latitude":50.8918078,"longitude":4.4732113},{"latitude":51.0034236,"longitude":4.5129903}],"VehicleId{value='vehicle-1'}":[{"latitude":50.8535116,"longitude":2.8851279},{"latitude":50.7874973,"longitude":3.1321896},{"latitude":50.8002888,"longitude":3.2339158}],"VehicleId{value='vehicle-17'}":[{"latitude":51.0454331,"longitude":5.1562575},{"latitude":51.0020698,"longitude":5.2579137},{"latitude":51.0247265,"longitude":5.480573}],"VehicleId{value='vehicle-18'}":[{"latitude":51.0486647,"longitude":4.8716455},{"latitude":51.0847152,"longitude":4.9147548}],"VehicleId{value='vehicle-15'}":[{"latitude":51.1013827,"longitude":4.7323116},{"latitude":50.7885645,"longitude":5.4527962},{"latitude":50.7944803,"longitude":5.613238}],"VehicleId{value='vehicle-16'}":[{"latitude":50.8045304,"longitude":4.2856866},{"latitude":50.7363353,"longitude":4.3423415},{"latitude":50.90574,"longitude":4.5152207}]},"visitsCloserToOtherCenterOfGravity":[[["Visit189","Visit172","Visit160","Visit86","Visit88"],["vehicle-15","vehicle-15","vehicle-15","vehicle-15","vehicle-15"]],[["b2790d7c-5e6c-4e7d-ab55-9fa1d90ad6b8","b2790d7c-5e6c-4e7d-ab55-9fa1d90ad6b8","Visit145","Visit145","Visit153","Visit21","Visit64","Visit65","304a328d-2880-4a98-b14f-2d7d82569815","304a328d-2880-4a98-b14f-2d7d82569815"],["vehicle-18","vehicle-15","vehicle-18","vehicle-15","vehicle-18","vehicle-18","vehicle-18","vehicle-18","vehicle-18","vehicle-15"]],[["Visit6","Visit34","Visit93"],["vehicle-12","vehicle-12","vehicle-12"]],[[],[]],[["Visit139","Visit94","Visit94"],["vehicle-3","vehicle-7","vehicle-1"]],[[],[]],[["Visit135","Visit31","Visit36"],["vehicle-12","vehicle-12","vehicle-12"]],[["Visit133","Visit61","Visit152"],["vehicle-12","vehicle-12","vehicle-12"]],[[],[]],[[],[]],[[],[]],[["Visit117"],["vehicle-0"]],[[],[]]],"meanDistanceToConvexHull":{"VehicleId{value='vehicle-6'}":7647.6046109831095,"VehicleId{value='vehicle-7'}":1796.4197492572696,"VehicleId{value='vehicle-2'}":13308.928901501244,"VehicleId{value='vehicle-10'}":9372.95100469807,"VehicleId{value='vehicle-3'}":4734.970443009798,"VehicleId{value='vehicle-14'}":3806.8719510006213,"VehicleId{value='vehicle-0'}":2193.418665144242,"VehicleId{value='vehicle-12'}":6766.660388511404,"VehicleId{value='vehicle-1'}":5905.210725353471,"VehicleId{value='vehicle-17'}":4477.3127136080175,"VehicleId{value='vehicle-18'}":0.0,"VehicleId{value='vehicle-15'}":17281.648510053386,"VehicleId{value='vehicle-16'}":8142.329074479155}},"RouteCompositionAnalysisResult":{"numberOfRoutes":13,"stopsLongestRoute":28,"stopsShortestRoute":2,"meanStops":16.384615384615383,"stdDevStops":8.426500884694862,"totalDistanceMeters":1753786,"unassignedJobs":[],"failureRate":0.0,"runTime":22812},"CargoAnalysisResult":{"totalLoadKgs":null,"totalLoadVolume":null,"biggestLoad":null,"biggestLoadVolume":null,"smallestLoad":null,"smallestLoadVolume":null,"meanLoad":0.0,"meanLoadVolume":0.0,"stdDevLoad":null,"maxRelativeLoad":null}}